/*
SQLyog Ultimate v11.11 (64 bit)
MySQL - 5.5.45-log : Database - gmsc
*********************************************************************
*/

/*!40101 SET NAMES utf8 */;

/*!40101 SET SQL_MODE=''*/;

/*!40014 SET @OLD_UNIQUE_CHECKS=@@UNIQUE_CHECKS, UNIQUE_CHECKS=0 */;
/*!40014 SET @OLD_FOREIGN_KEY_CHECKS=@@FOREIGN_KEY_CHECKS, FOREIGN_KEY_CHECKS=0 */;
/*!40101 SET @OLD_SQL_MODE=@@SQL_MODE, SQL_MODE='NO_AUTO_VALUE_ON_ZERO' */;
/*!40111 SET @OLD_SQL_NOTES=@@SQL_NOTES, SQL_NOTES=0 */;
CREATE DATABASE /*!32312 IF NOT EXISTS*/`gmsc` /*!40100 DEFAULT CHARACTER SET utf8 */;

USE `gmsc`;

/*Table structure for table `gm_account` */

DROP TABLE IF EXISTS `gm_account`;

CREATE TABLE `gm_account` (
  `account_id` bigint(30) NOT NULL AUTO_INCREMENT,
  `account_name` varchar(50) DEFAULT NULL COMMENT '帐号',
  `account_type` int(10) DEFAULT NULL COMMENT '0：普通用户 1：开发者  2：管理员',
  `account_state` int(10) DEFAULT NULL COMMENT '1 通过 ，2 审核中  ，3 审核拒绝',
  `team_name` varchar(50) DEFAULT NULL COMMENT '公司/团队名称',
  `team_url` varchar(255) DEFAULT NULL COMMENT '公司/团队网址',
  `team_address` varchar(255) DEFAULT NULL,
  `dev_person_num` int(10) DEFAULT NULL,
  `contact_name` varchar(50) DEFAULT NULL COMMENT '联系人姓名',
  `contact_job` varchar(50) DEFAULT NULL,
  `phone` varchar(11) DEFAULT NULL COMMENT '手机',
  `telephone` varchar(20) DEFAULT NULL COMMENT '固定电话',
  `qq` varchar(20) DEFAULT NULL,
  `email` varchar(50) DEFAULT NULL,
  `password` varchar(50) DEFAULT NULL COMMENT '录登密码',
  `user_key` varchar(100) DEFAULT NULL COMMENT '访问控制',
  `create_time` timestamp NULL DEFAULT NULL,
  `update_time` timestamp NULL DEFAULT NULL,
  PRIMARY KEY (`account_id`),
  KEY `index_account_id` (`account_id`) USING BTREE
) ENGINE=InnoDB AUTO_INCREMENT=91 DEFAULT CHARSET=utf8;

/*Data for the table `gm_account` */

insert  into `gm_account`(`account_id`,`account_name`,`account_type`,`account_state`,`team_name`,`team_url`,`team_address`,`dev_person_num`,`contact_name`,`contact_job`,`phone`,`telephone`,`qq`,`email`,`password`,`user_key`,`create_time`,`update_time`) values (1,'admin',1,1,'国美','www.gome.com.cn','朝阳区霄云路',10,'admin','研发',NULL,NULL,NULL,NULL,NULL,'YWRtaW4=','2015-04-09 02:42:55',NULL),(2,'account_name_value',1,2,'gf','','',12,'sfsd','sds','12','','','sdsd@12.com',NULL,'','2015-08-20 18:16:03','2015-08-20 18:16:03'),(3,'account_name_value',1,2,'海尔测试','','',10000,'翟书君','销售','130000','','','zsj@163.com',NULL,'','2015-08-19 14:31:55','2015-08-19 14:31:55'),(4,'${accountName}',1,2,'WWW','','',88,'WWW','EEE','1234567891','','','E@163.COM',NULL,'','2015-08-19 14:05:41','2015-08-19 14:05:41'),(5,'account_name_value',1,2,'sdsf','','',1232,'sfdsf','dfsf','122','','','dfsf@12.com',NULL,'','2015-08-19 14:20:38','2015-08-19 14:20:38'),(6,'${accountName}',1,2,'海尔','','',1200,'海尔','测试','13526451234','','','te@163.com',NULL,'','2015-08-19 14:27:25','2015-08-19 14:27:25'),(7,'account_name_value',1,2,'sdfsdf','','',2,'sfsdf','sdfsdf','12123123','','','383966992@qq.com',NULL,'','2015-08-20 09:53:55','2015-08-20 09:53:55'),(8,'${accountName}',1,2,'dfgdfgd','dfdf','dfgdf',2,'dgdfg','dfgdfg','13718030117','','','38@qq.com',NULL,'','2015-08-19 15:00:01','2015-08-19 15:00:01'),(9,'account_name_value',1,2,'234234','','',3,'234234','234234','13718030117','','','38@qq.com',NULL,'','2015-08-20 18:14:28','2015-08-20 18:14:28'),(10,'${accountName}',1,2,'gjgtjk','','',5,'fhgfh','hnfnhf','137','','','123@ww.com',NULL,'','2015-08-20 09:44:32','2015-08-20 09:44:32'),(11,'${accountName}',1,2,'gjgtjk','','',5,'fhgfh','hnfnhf','137','','','123@ww.com',NULL,'','2015-08-20 09:44:32','2015-08-20 09:44:32'),(12,'海尔',1,2,'海尔','','',2,'我是','测试','13439530319','','','caa530@163.con',NULL,'','2015-08-20 18:20:27','2015-08-20 18:20:27'),(13,'海尔',1,2,'海尔','','',2,'我是','测试','13439530319','','','caa530@163.con',NULL,'','2015-08-20 18:20:27','2015-08-20 18:20:27'),(14,'456',1,2,'sf','','',12,'fsf','sfd','2','','','caa@123.com',NULL,'','2015-08-21 11:46:49','2015-08-21 11:46:49'),(15,'多舒服个电饭锅电饭锅',1,2,'豆腐干豆腐','','',3,'大范甘迪','豆腐干豆腐','22342342342','','','383966992@qq.com',NULL,'','2015-08-21 16:12:31','2015-08-21 16:12:31'),(16,'dfsf',1,2,'dfasf','','',12,'dfaf','sf','13439530319','','','sfs@163.com',NULL,'','2015-08-21 16:33:27','2015-08-21 16:33:27'),(17,'dfsf',1,2,'dfasf','','',12,'dfaf','sf','13439530319','','','sfs@163.com',NULL,'','2015-08-21 16:33:27','2015-08-21 16:33:27'),(18,'account_name_value',1,2,'dfsa','','',12,'sfsf','sdfa','1','','','caa@123.cn',NULL,'','2015-08-21 17:33:04','2015-08-21 17:33:04'),(19,'e',1,2,'q','','',1,'1','1','13845678947','','','11@1.com',NULL,'','2015-08-21 17:26:52','2015-08-21 17:26:52'),(20,'33',1,2,'q','','',1,'1','1','138','','','11@1.com',NULL,'','2015-08-21 17:32:41','2015-08-21 17:32:41'),(21,'aa',1,2,'a','','',11,'11','11','111','','','w@1.com',NULL,'','2015-08-24 10:23:55','2015-08-24 10:23:55'),(22,'sdfsdfsdfsdf',1,2,'sdfsdf','','',3,'dfgdfg','sdfsdf','13718030117','','','383966992@qq.com',NULL,'','2015-08-24 15:09:50','2015-08-24 15:09:50'),(23,'zsj01',1,2,'测试公司','','',1000,'翟女士','测试','13812345672','','','zs@174.com',NULL,'','2015-08-25 12:14:47','2015-08-25 12:14:47'),(24,'liuhongguang',NULL,NULL,NULL,NULL,NULL,NULL,NULL,NULL,NULL,NULL,NULL,NULL,'3b0f796e863a9ac1228b11758874af70',NULL,'2015-08-26 17:18:36',NULL),(25,'gmzx001',1,2,'sdfdffdsfsdfdffdsfsdfdffdsfsdfdffdsfsdfdffdsfsdfdf','','',999999999,'fsf55555555555555555555555gjhghjhjhhhhhhhhhjhjhjhj','dffuyhhhhhhhhhhhhhhhhhhhhhhhjhhhhhhhhhhhhhhhhhyyyy','13439530319','','','caa2@163.comyyyyyyyyyyyyyyyyyyyyyyyyyyyyyyyyyyyyyy','fc56268c639ea0d22a6c3ddf65ec06f0',NULL,'2015-09-06 17:13:40','2015-09-06 17:13:40'),(26,'zhaishujun',1,2,'国美云测试组','','',1000,'翟女士','测试','13999999912','','','zs@174.com','44ebfc91ddcdcce6108bec6a10fc16a7','','2015-08-27 11:26:22','2015-08-27 11:26:22'),(27,'1234567',1,2,'sdfsdf','','',2,'sdfsd','sdfsd','13718030117','','','383966992@qq.com','a1234567','','2015-08-27 12:26:39','2015-08-27 12:26:39'),(28,'zhaishujun01',1,2,'国美云测试组','www.baidu','2',1000,'翟女士','测试','13812345672','0474-58858588','2','zs@174.com','44ebfc91ddcdcce6108bec6a10fc16a7','','2015-08-27 11:33:52','2015-08-27 11:33:52'),(29,'wang123',1,2,'ww','','',11,'wang123','wang123','13811234568','','','wang123@1.com',NULL,'','2015-08-27 10:06:43','2015-08-27 10:06:43'),(30,'dfsfddfsdf',NULL,NULL,NULL,NULL,NULL,NULL,NULL,NULL,NULL,NULL,NULL,NULL,'fc56268c639ea0d22a6c3ddf65ec06f0',NULL,'2015-08-27 10:10:35',NULL),(31,'/dfsdfsdf',NULL,NULL,NULL,NULL,NULL,NULL,NULL,NULL,NULL,NULL,NULL,NULL,'fc56268c639ea0d22a6c3ddf65ec06f0',NULL,'2015-08-27 10:24:49',NULL),(32,'wang1234',1,2,'wang','','',11,'33','33','13845678911','','','e@1.com',NULL,'','2015-08-27 11:59:49','2015-08-27 11:59:49'),(33,'wang1236',NULL,NULL,NULL,NULL,NULL,NULL,NULL,NULL,NULL,NULL,NULL,NULL,'3afd5b9c856a8bad90c17b32e735e60b',NULL,'2015-08-27 11:29:24',NULL),(34,'zhai001',1,2,'zhai001','','',1000,'翟女士','测试','13811256948','','','zhaishujun@yolo24.com','44ebfc91ddcdcce6108bec6a10fc16a7','','2015-08-27 11:57:06','2015-08-27 11:57:06'),(35,'zhai002',1,2,'国美测试','','',1000,'翟女士','测试','13439530319','','','zs@174.com','44ebfc91ddcdcce6108bec6a10fc16a7',NULL,'2015-08-27 15:28:39','2015-08-27 15:28:39'),(36,'123456',1,2,'123123','','',4,'123123','123123','13718030117','','','383966992@qq.com','dc483e80a7a0bd9ef71d8cf973673924',NULL,'2015-08-27 12:33:33','2015-08-27 12:33:33'),(37,'gmzx002',NULL,NULL,NULL,NULL,NULL,NULL,NULL,NULL,NULL,NULL,NULL,NULL,'fc56268c639ea0d22a6c3ddf65ec06f0',NULL,'2015-08-27 15:08:37',NULL),(38,'gmzx003',NULL,NULL,NULL,NULL,NULL,NULL,NULL,NULL,NULL,NULL,NULL,NULL,'fc56268c639ea0d22a6c3ddf65ec06f0',NULL,'2015-08-27 15:11:05',NULL),(39,'wang1235',1,2,'wang','','',11,'ww','ee','13585844554','','','3@4.com','1b0d356b8c693f973b34b42733856c7e',NULL,'2015-08-27 15:19:52','2015-08-27 15:19:52'),(40,'liuhk1989',NULL,NULL,NULL,NULL,NULL,NULL,NULL,NULL,NULL,NULL,NULL,NULL,'a96157f1bfaa59cbee4d2ed255c70956',NULL,'2015-08-27 18:42:40',NULL),(41,'zhai003',NULL,NULL,NULL,NULL,NULL,NULL,NULL,NULL,NULL,NULL,NULL,NULL,'44ebfc91ddcdcce6108bec6a10fc16a7',NULL,'2015-08-28 09:21:25',NULL),(42,'zhai004',NULL,NULL,NULL,NULL,NULL,NULL,NULL,NULL,NULL,NULL,NULL,NULL,'44ebfc91ddcdcce6108bec6a10fc16a7',NULL,'2015-08-28 09:23:50',NULL),(43,'gmzx004',NULL,NULL,NULL,NULL,NULL,NULL,NULL,NULL,NULL,NULL,NULL,NULL,'ad07fb25aa2d3a9f96ee12f25e0be902',NULL,'2015-08-28 09:24:37',NULL),(44,'wang1237',NULL,NULL,NULL,NULL,NULL,NULL,NULL,NULL,NULL,NULL,NULL,NULL,'8ee99dd19e0100f5afd1f7a871b191fe',NULL,'2015-08-28 09:24:45',NULL),(45,'zhai005',NULL,NULL,NULL,NULL,NULL,NULL,NULL,NULL,NULL,NULL,NULL,NULL,'44ebfc91ddcdcce6108bec6a10fc16a7',NULL,'2015-08-28 09:49:57',NULL),(46,'qewqeqwe',NULL,NULL,NULL,NULL,NULL,NULL,NULL,NULL,NULL,NULL,NULL,NULL,'f2830a8d6f422c31081d7e1e74862880',NULL,'2015-08-28 12:04:03',NULL),(47,'qqqqqq',NULL,NULL,NULL,NULL,NULL,NULL,NULL,NULL,NULL,NULL,NULL,NULL,'6005545589ffb607bc7f9f90ce44e31d',NULL,'2015-08-28 12:06:53',NULL),(48,'gmzx005',NULL,NULL,NULL,NULL,NULL,NULL,NULL,NULL,NULL,NULL,NULL,NULL,'3e19b5009c3f24642936caa810c1d4ba',NULL,'2015-08-28 16:54:57',NULL),(49,'zhai006',1,2,'1231231233453453产品介绍产品介绍产品介绍产品介22331231231绍产品介绍产品介','www.1232454654645654645465464565464345342432332327454654645654546546456546434534243233232745465464565464345342432332327454654645654643453424323323274546546456546434534243233232745445465464566546456546434534243233232746434534243233232743453424323323279.com','1231231233453453产品介绍产品介绍产品介绍产品介22331231231绍产品介绍产品介绍产品介绍产品产品介绍产品介绍产品产品介绍产品介绍产品介绍产品介绍产品介绍产品介绍产品介绍产品介绍产品介绍产品介绍产品介绍产品介绍产品介绍产品介绍产品介绍介绍产品介绍产品介绍介绍产品介绍产品介绍12312312334534531231231233453453123123123345345312312',1000,'12121231231233453453产品介绍产品介绍产品介绍产品介22331231231绍产品介','1231231233453453产品介绍产品介绍产品介绍产品介22331231231绍产品介绍产品介','13711980216','010-58858588-2008','21313243435345654667','1212312312334534531231231233453453123123123@12.com','44ebfc91ddcdcce6108bec6a10fc16a7',NULL,'2015-09-01 13:49:43','2015-09-01 13:49:43'),(50,'wang12345',NULL,NULL,NULL,NULL,NULL,NULL,NULL,NULL,NULL,NULL,NULL,NULL,'fe5b0fb05dab26140d119a298156e7db',NULL,'2015-09-01 10:41:54',NULL),(51,'wang123456',NULL,NULL,NULL,NULL,NULL,NULL,NULL,NULL,NULL,NULL,NULL,NULL,'11aad30a7652bd870b7cecb0909477c1',NULL,'2015-09-06 17:12:25',NULL),(52,'wang123457',1,2,'a1111111111111111111111111111111111111111111111111','','',11,'wang','w','13812345678','','','3@1.com','4a0555306df48f649541e8f102ed9ad6',NULL,'2015-09-06 17:17:32','2015-09-06 17:17:32'),(53,'gmzx006',1,2,'jdfslfjsdlfjjdfslfjsdlfjjdfslfjsdlfjjdfslfjsdlfjjd','sdfsafsdffffffsfddddddddddddddddddddddddddddddddddd','sfsdfdfsdfsdfsdfdddddddddddddddddddddddddddddddddddddddddddddddddddddddddd',1211999999,'dffffffxb,,.,ghhhhhhhhhhhhhhhhhhhhhhhhhhhhhhhhhhhh',',jkhjkghhhhhhhhhhhhhhhhhhhhhhhhhhhhhhhhhhhthhhhhhh','13439530319','010-5899255','55555555555555555555','ca@12.cndfffffffffffffffffffffffffffffffffffffffff','3e19b5009c3f24642936caa810c1d4ba',NULL,'2015-09-06 17:38:16','2015-09-06 17:38:16'),(54,'是否地方发的',NULL,NULL,NULL,NULL,NULL,NULL,NULL,NULL,NULL,NULL,NULL,NULL,'3e19b5009c3f24642936caa810c1d4ba',NULL,'2015-09-06 17:39:17',NULL),(55,'gmzx007',NULL,NULL,NULL,NULL,NULL,NULL,NULL,NULL,NULL,NULL,NULL,NULL,'3e19b5009c3f24642936caa810c1d4ba',NULL,'2015-09-07 09:54:24',NULL),(56,'12345678',NULL,NULL,NULL,NULL,NULL,NULL,NULL,NULL,NULL,NULL,NULL,NULL,'e9bc0e13a8a16cbb07b175d92a113126',NULL,'2015-09-07 11:47:36',NULL),(57,'caowei',NULL,NULL,NULL,NULL,NULL,NULL,NULL,NULL,NULL,NULL,NULL,NULL,'e27865d7a0e2957944a6de9a783f12cb',NULL,'2015-10-14 13:56:20',NULL),(58,'liuhongguang1',NULL,NULL,NULL,NULL,NULL,NULL,NULL,NULL,NULL,NULL,NULL,NULL,'3b0f796e863a9ac1228b11758874af70',NULL,'2015-10-16 17:10:27',NULL),(59,'wang1238',NULL,NULL,NULL,NULL,NULL,NULL,NULL,NULL,NULL,NULL,NULL,NULL,'741b322bafa962493a9d2175c1797e62',NULL,'2015-10-19 10:01:52',NULL),(60,'zhai01',NULL,NULL,NULL,NULL,NULL,NULL,NULL,NULL,NULL,NULL,NULL,NULL,'8152fc38138b931ef7019e34b1eee267',NULL,'2015-10-19 10:32:20',NULL),(61,'zhai02',1,2,'9','','99',999999,'9','9','13922569845','011-58858588','','zsj@12.com','8152fc38138b931ef7019e34b1eee267',NULL,'2015-10-20 13:57:10','2015-10-20 13:57:10'),(62,'wang1239',NULL,NULL,NULL,NULL,NULL,NULL,NULL,NULL,NULL,NULL,NULL,NULL,'980b7152a412350514d8512f861d5887',NULL,'2015-10-19 10:40:10',NULL),(63,'zhai03',NULL,NULL,NULL,NULL,NULL,NULL,NULL,NULL,NULL,NULL,NULL,NULL,'8152fc38138b931ef7019e34b1eee267',NULL,'2015-10-19 10:47:07',NULL),(64,'liuhongguang2',NULL,NULL,NULL,NULL,NULL,NULL,NULL,NULL,NULL,NULL,NULL,NULL,'3b0f796e863a9ac1228b11758874af70',NULL,'2015-10-19 11:43:32',NULL),(65,'123456789',NULL,NULL,NULL,NULL,NULL,NULL,NULL,NULL,NULL,NULL,NULL,NULL,'6d4be821fa69df218cbccdb1cba472c7',NULL,'2015-10-19 15:08:26',NULL),(66,'1234567890',NULL,NULL,NULL,NULL,NULL,NULL,NULL,NULL,NULL,NULL,NULL,NULL,'e94e2c31871373853813882d5137bc21',NULL,'2015-10-19 15:14:56',NULL),(67,'111111',NULL,NULL,NULL,NULL,NULL,NULL,NULL,NULL,NULL,NULL,NULL,NULL,'983d511534abdcbfc3b457c24f8cb1f2',NULL,'2015-10-19 15:16:21',NULL),(68,'gm0001',1,2,'999999999999999999999999999999','','',999999,'99999999999999999999999999999999999999999999999999','99999999999999999999999999999999999999999999999999','13439530319','','','caa530@163.com','ad12121e59e90c4ac0a84f2832f41dab',NULL,'2015-10-21 16:03:32','2015-10-21 16:03:32'),(69,'gm0002',NULL,NULL,NULL,NULL,NULL,NULL,NULL,NULL,NULL,NULL,NULL,NULL,'18107b0fc600d0d84fa75883a8f84b15',NULL,'2015-10-20 10:13:13',NULL),(71,'gm0003',NULL,NULL,NULL,NULL,NULL,NULL,NULL,NULL,NULL,NULL,NULL,NULL,'2556a8d28810aad3a9a21d6790a58f4f',NULL,'2015-10-20 10:21:47',NULL),(72,'gm0004',NULL,NULL,NULL,NULL,NULL,NULL,NULL,NULL,NULL,NULL,NULL,NULL,'2cfca5fea0bd3a023c4c87e530565b07',NULL,'2015-10-20 10:22:42',NULL),(73,'gm0005',NULL,NULL,NULL,NULL,NULL,NULL,NULL,NULL,NULL,NULL,NULL,NULL,'362bfde73cb7c0c2257344d0453943a2',NULL,'2015-10-20 10:24:15',NULL),(81,'liuhongguang3',NULL,NULL,NULL,NULL,NULL,NULL,NULL,NULL,NULL,NULL,NULL,NULL,'fe008700f25cb28940ca8ed91b23b354',NULL,'2015-10-20 11:17:02',NULL),(82,'liuhongguang4',NULL,NULL,NULL,NULL,NULL,NULL,NULL,NULL,NULL,NULL,NULL,NULL,'3b0f796e863a9ac1228b11758874af70',NULL,'2015-10-20 11:19:06',NULL),(83,'liuhongguang5',NULL,NULL,NULL,NULL,NULL,NULL,NULL,NULL,NULL,NULL,NULL,NULL,'3b0f796e863a9ac1228b11758874af70',NULL,'2015-10-20 11:21:17',NULL),(84,'liuhongguang6',NULL,NULL,NULL,NULL,NULL,NULL,NULL,NULL,NULL,NULL,NULL,NULL,'3b0f796e863a9ac1228b11758874af70',NULL,'2015-10-20 11:29:18',NULL),(85,'liuhongguang7',NULL,NULL,NULL,NULL,NULL,NULL,NULL,NULL,NULL,NULL,NULL,NULL,'3b0f796e863a9ac1228b11758874af70',NULL,'2015-10-20 11:30:24',NULL),(86,'liuhongguang8',NULL,NULL,NULL,NULL,NULL,NULL,NULL,NULL,NULL,NULL,NULL,NULL,'3b0f796e863a9ac1228b11758874af70',NULL,'2015-10-20 11:31:35',NULL),(87,'liuhongguang000',NULL,NULL,NULL,NULL,NULL,NULL,NULL,NULL,NULL,NULL,NULL,NULL,'3b0f796e863a9ac1228b11758874af70',NULL,'2015-10-21 15:01:09',NULL),(88,'gm0007',NULL,NULL,NULL,NULL,NULL,NULL,NULL,NULL,NULL,NULL,NULL,NULL,'afc63880c30199e9778da28314b40c0c',NULL,'2015-10-21 16:04:47',NULL),(89,'gm0008',NULL,NULL,NULL,NULL,NULL,NULL,NULL,NULL,NULL,NULL,NULL,NULL,'ba9f710cb10f113c04f2c3a32dc1e77e',NULL,'2015-10-21 16:05:36',NULL),(90,'3333333',NULL,NULL,NULL,NULL,NULL,NULL,NULL,NULL,NULL,NULL,NULL,NULL,'ec03682edf46ac4ad0e850eb91870ee6',NULL,'2015-11-10 16:48:06',NULL);

/*Table structure for table `gm_action` */

DROP TABLE IF EXISTS `gm_action`;

CREATE TABLE `gm_action` (
  `action_id` bigint(20) NOT NULL AUTO_INCREMENT COMMENT '动作id',
  `action_name` varchar(50) NOT NULL COMMENT '动作名称',
  `status` tinyint(2) DEFAULT '1' COMMENT '状态1:正常,2:失效',
  `create_time` timestamp NULL DEFAULT CURRENT_TIMESTAMP COMMENT '创建时间',
  `update_time` timestamp NULL DEFAULT NULL COMMENT '修改时间',
  `create_user` varchar(50) DEFAULT NULL COMMENT '创建人',
  `update_user` varchar(50) DEFAULT NULL COMMENT '修改人',
  PRIMARY KEY (`action_id`)
) ENGINE=InnoDB DEFAULT CHARSET=utf8;

/*Data for the table `gm_action` */

/*Table structure for table `gm_ads` */

DROP TABLE IF EXISTS `gm_ads`;

CREATE TABLE `gm_ads` (
  `ads_id` bigint(20) NOT NULL AUTO_INCREMENT COMMENT '广告位id',
  `pic_name` varchar(100) DEFAULT NULL COMMENT '图片名称',
  `pic_path` varchar(80) NOT NULL COMMENT '图片路径',
  `goods_name` varchar(50) DEFAULT NULL COMMENT '商品名称',
  `links` varchar(80) DEFAULT NULL COMMENT '外链',
  `sort` tinyint(2) DEFAULT '1' COMMENT '排序',
  `status` int(2) DEFAULT NULL COMMENT '状态',
  `create_user` varchar(30) DEFAULT NULL COMMENT '创建人',
  `create_time` timestamp NULL DEFAULT CURRENT_TIMESTAMP COMMENT '创建时间',
  `update_user` varchar(30) DEFAULT NULL COMMENT '修改人',
  `update_time` timestamp NULL DEFAULT NULL COMMENT '修改时间',
  `ads_channel_id` bigint(20) DEFAULT NULL COMMENT '频道分类id',
  `device_category_id` bigint(20) DEFAULT NULL COMMENT '设备分类id',
  `remark` varchar(255) DEFAULT NULL COMMENT '备注',
  PRIMARY KEY (`ads_id`)
) ENGINE=InnoDB AUTO_INCREMENT=41 DEFAULT CHARSET=utf8;

/*Data for the table `gm_ads` */

insert  into `gm_ads`(`ads_id`,`pic_name`,`pic_path`,`goods_name`,`links`,`sort`,`status`,`create_user`,`create_time`,`update_user`,`update_time`,`ads_channel_id`,`device_category_id`,`remark`) values (1,NULL,'http://cloudphoto.gome.com.cn/g1/M00/00/04/Cjo4S1YXYtKAWAVSAAwcIhEOnaA369.png',NULL,'http://m.gome.com.cn/product-A0005298780-pop8006050473-1-0.html',1,1,'anguangcan','2015-05-07 23:35:21',NULL,NULL,41,NULL,NULL),(3,NULL,'http://cloudphoto.gome.com.cn/g1/M00/00/04/Cjo4S1YcrcyAFBTjAACVIHW8FI0654.png','海尔(Haier) KFR-35GW/01CKA21A套机 1.5匹P壁挂式变频 冷暖电辅挂机空调(','http://m.gome.com.cn/product-9133497773-1122330272-0-0.html',1,1,'anguangcan','2015-05-22 04:42:22',NULL,NULL,1,4,NULL),(4,NULL,'http://cloudphoto.gome.com.cn/g1/M01/00/04/Cjo4S1YXYwWAQYTwAANVqeIKXEo341.png',NULL,'http://m.gome.com.cn/product-9133497773-1122330272-0-0.html',1,1,'anguangcan','2015-05-22 04:42:22','',NULL,3,NULL,NULL),(5,NULL,'http://cloudphoto.gome.com.cn/g1/M01/00/04/Cjo4S1YcsYWAHTKyAAC1yYE3m78125.png','贝昂家用空气净化器JY300 智能WIFI远程操控 无风机设计 静音无耗材','http://m.gome.com.cn/product-9133252152-1122170153-0-0.html',1,1,NULL,'2015-10-23 16:54:52',NULL,NULL,3,7,NULL),(6,NULL,'http://apicloud.gome.com.cn/images/device_set/hetv.jpg','海尔彩电LE43B3300W 43英寸安卓智能WIFI网络全高清电视','http://m.gome.com.cn/product-9134065587-1123040351-0-0.html',1,1,NULL,'2015-10-23 16:55:30',NULL,NULL,3,8,NULL),(8,NULL,'http://cloudphoto.gome.com.cn/g1/M01/00/04/Cjo4S1YXYwWAQYTwAANVqeIKXEo341.png',NULL,'http://m.gome.com.cn/product-9133497773-1122330272-0-0.html',2,1,NULL,'2015-10-29 16:31:39',NULL,NULL,1,NULL,NULL),(9,NULL,'http://cloudphoto.gome.com.cn/g1/M01/00/05/Cjo4S1Yx3_SAXNS0AATSZ92JFUk033.png','主题生活',NULL,1,1,NULL,'2015-10-29 16:31:39',NULL,NULL,4,NULL,NULL),(22,'测试图片1测试图片1测试图片1测','http://cloudphoto.gome.com.cn/g1/M01/00/07/Cjo4S1ZAEz-AKZpFAAF8aRIOTL8212.jpg',NULL,'http://www.gome.com.cn/bestGome.html?intcmp=sy-F-3-0-0',1,0,'','2015-11-09 11:27:23','','2015-11-09 11:58:50',39,NULL,NULL),(23,'图片啊图片图片啊图片图片啊图_1','http://cloudphoto.gome.com.cn/g1/M00/00/07/Cjo4S1ZAEvKAbH-ZAAOaRNhYozI488.jpg',NULL,'http://www.gome.com.cn/bestGome.html?intcmp=sy-F-3-0-0',1,1,'','2015-11-09 11:29:29','','2015-11-09 11:29:56',2,NULL,NULL),(24,'更新新增','http://cloudphoto.gome.com.cn/g1/M00/00/07/Cjo4S1ZAE_6AZ3rOAAF8aRIOTL8602.jpg',NULL,'http://www.gome.com.cn/bestGome.html?intcmp=sy-F-3-0-0',2,0,'','2015-11-09 11:33:39','','2015-11-09 11:33:39',39,NULL,NULL),(25,'dgdfg','http://cloudphoto.gome.com.cn/g1/M00/00/07/Cjo4S1ZBxA-AMDP2AAAsDToSnfc487.jpg',NULL,'http://greatverve.cnblogs.com/archive/2011/11/28/js-reg.html',3,1,'admin','2015-11-10 18:17:41','admin','2015-11-10 18:49:22',39,NULL,NULL),(26,'fbgfhg','http://cloudphoto.gome.com.cn/g1/M00/00/07/Cjo4S1ZDD12ASEdRAAvea_OGt2M006.jpg',NULL,'http://greatverve.cnblogs.com/archive/2011/11/28/js-reg.html',2,1,'admin','2015-11-10 18:19:50','admin','2015-11-11 17:50:25',41,NULL,NULL),(28,'测试4测试4','http://cloudphoto.gome.com.cn/g1/M01/00/08/Cjo4S1ZEQZeAJowgAAAwtDfT_z8335.jpg',NULL,'https://www.baidu.com/s?ie=utf-8&f=8&rsv_bp=0&rsv_idx=1&tn=baidu&wd=%E5%A4%A9%E6',4,1,'admin','2015-11-12 15:37:12','admin','2015-11-12 15:37:12',39,NULL,NULL),(29,'单引号测试','http://cloudphoto.gome.com.cn/g1/M00/00/08/Cjo4S1ZERM6AIMa_AACaSNOZr9g937.jpg',NULL,'http://www.iciba.com/',1,1,'admin','2015-11-12 15:51:41','admin','2015-11-16 18:37:49',46,NULL,NULL),(30,'测试翻页1','http://cloudphoto.gome.com.cn/g1/M01/00/08/Cjo4S1ZERTuALQ0SAAAFdR7JihY895.jpg',NULL,'http://www.iciba.com/',2,1,'admin','2015-11-12 15:52:43','admin','2015-11-12 15:52:43',45,NULL,NULL),(31,'测试翻页1','http://cloudphoto.gome.com.cn/g1/M00/00/08/Cjo4S1ZERVSAYLmCAAAFdR7JihY025.jpg',NULL,'http://www.iciba.com/',2,1,'admin','2015-11-12 15:53:16','admin','2015-11-12 15:53:16',46,NULL,NULL),(32,'测试翻页1','http://cloudphoto.gome.com.cn/g1/M01/00/08/Cjo4S1ZERXuAAyTmAAAFdR7JihY290.jpg',NULL,'http://www.iciba.com/',3,1,'admin','2015-11-12 15:53:38','admin','2015-11-12 15:53:38',46,NULL,NULL),(33,'测试翻页1','http://cloudphoto.gome.com.cn/g1/M00/00/08/Cjo4S1ZERjuAPSreAAAFdR7JihY354.jpg',NULL,'http://www.iciba.com/',1,1,'admin','2015-11-12 15:56:54','admin','2015-11-12 15:56:54',47,NULL,NULL),(34,'测试翻页1','http://cloudphoto.gome.com.cn/g1/M01/00/08/Cjo4S1ZERn2AZiUtAAAFdR7JihY510.jpg',NULL,'http://www.iciba.com/',2,1,'admin','2015-11-12 15:57:51','admin','2015-11-12 15:57:51',47,NULL,NULL),(35,'测试翻页1','http://cloudphoto.gome.com.cn/g1/M00/00/08/Cjo4S1ZERpWAUy7qAAAFdR7JihY938.jpg',NULL,'http://www.iciba.com/',4,1,'admin','2015-11-12 15:58:17','admin','2015-11-12 15:58:17',44,NULL,NULL),(36,'测试翻页1','http://cloudphoto.gome.com.cn/g1/M01/00/08/Cjo4S1ZERqaAVrfhAAAFdR7JihY639.jpg',NULL,'http://www.iciba.com/',1,1,'admin','2015-11-12 15:58:39','admin','2015-11-12 15:58:39',48,NULL,NULL),(38,'kkkkkkkkkkkkkkkk','http://cloudphoto.gome.com.cn/g1/M01/00/08/Cjo4S1ZJsjuAN4T_AAERsTNJnwk090.jpg',NULL,'http://www.w3school.com.cn/tags/att_option_disabled.asp',3,1,'admin','2015-11-16 18:39:02','admin','2015-11-16 18:39:02',41,NULL,NULL),(39,'增加2的位置','http://cloudphoto.gome.com.cn/g1/M01/00/08/Cjo4S1ZMNaCAEsoGAABgY0FQ5xg641.jpg',NULL,'http://gbm.ds.gome.com.cn/bugzilla/show_bug.cgi?id=93079',3,1,'zsjtest2','2015-11-18 16:27:26','zsjtest2','2015-11-18 16:27:50',48,NULL,NULL),(40,'lllllllll','http://cloudphoto.gome.com.cn/g1/M01/00/09/Cjo4S1ZO4p6ATgdDAACBeQKMcVs980.jpg',NULL,'http://vincentboy.iteye.com/blog/1647187',3,1,'admin','2015-11-20 17:06:50','admin','2015-11-20 17:06:50',1,NULL,NULL);

/*Table structure for table `gm_ads_channel` */

DROP TABLE IF EXISTS `gm_ads_channel`;

CREATE TABLE `gm_ads_channel` (
  `id` bigint(20) NOT NULL AUTO_INCREMENT,
  `channel_name` varchar(255) DEFAULT NULL COMMENT '频道名称',
  `channel_type` int(3) DEFAULT NULL COMMENT '频道类型',
  `pic_num` int(2) DEFAULT NULL COMMENT '展示图片数目',
  `status` int(11) DEFAULT NULL COMMENT '状态',
  `remark` varchar(255) DEFAULT NULL COMMENT '注备',
  `create_time` timestamp NULL DEFAULT NULL COMMENT '创建时间',
  `create_user` varchar(255) DEFAULT NULL COMMENT '创建人',
  `update_time` timestamp NULL DEFAULT NULL COMMENT '修改时间',
  `update_user` varchar(255) DEFAULT NULL COMMENT '修改人',
  PRIMARY KEY (`id`)
) ENGINE=InnoDB AUTO_INCREMENT=57 DEFAULT CHARSET=utf8;

/*Data for the table `gm_ads_channel` */

insert  into `gm_ads_channel`(`id`,`channel_name`,`channel_type`,`pic_num`,`status`,`remark`,`create_time`,`create_user`,`update_time`,`update_user`) values (1,'首页广告位',1,4,1,'首页广告位','2015-10-22 10:51:11',NULL,NULL,NULL),(2,'智能商店',1,4,1,'智能商店','2015-10-23 16:53:36',NULL,NULL,NULL),(3,'虚拟体验馆广告',1,4,1,'虚拟体验馆广告','2015-10-23 16:53:45',NULL,NULL,NULL),(39,'测试测试1_1测试测试1_1测1',1,4,0,NULL,'2015-11-09 11:22:25','','2015-11-09 11:23:19',''),(41,'测试111',1,3,1,NULL,'2015-11-10 18:14:27','admin','2015-11-10 18:14:27','admin'),(44,'大家都说好',1,4,1,NULL,'2015-11-12 11:06:36','admin','2015-11-12 11:07:40','admin'),(45,'test111',1,2,1,NULL,'2015-11-12 11:08:44','admin','2015-11-12 11:08:44','admin'),(46,'test222',1,3,1,NULL,'2015-11-12 11:09:05','admin','2015-11-12 11:09:05','admin'),(47,'test333',1,3,1,NULL,'2015-11-12 11:09:26','admin','2015-11-12 11:09:26','admin'),(48,'test444',1,4,1,NULL,'2015-11-12 11:09:42','admin','2015-11-12 11:09:42','admin'),(51,'fgdfgdfgdf',1,1,1,NULL,'2015-11-16 18:35:34','admin','2015-11-16 18:37:41','admin'),(52,'cccccc',1,3,1,NULL,'2015-11-17 09:47:25','admin','2015-11-17 09:47:25','admin'),(53,'rrrrrrrrrrrrrrrr',1,2,1,NULL,'2015-11-17 09:50:26','admin','2015-11-17 09:50:26','admin'),(54,'vvvvv',1,2,1,NULL,'2015-11-17 09:54:39','admin','2015-11-17 09:54:39','admin');

/*Table structure for table `gm_app_beat` */

DROP TABLE IF EXISTS `gm_app_beat`;

CREATE TABLE `gm_app_beat` (
  `id` bigint(30) NOT NULL AUTO_INCREMENT,
  `code` varchar(100) NOT NULL,
  `access_key` varchar(255) NOT NULL,
  `device_key` varchar(255) NOT NULL,
  `time` timestamp NOT NULL DEFAULT '0000-00-00 00:00:00',
  PRIMARY KEY (`id`)
) ENGINE=InnoDB DEFAULT CHARSET=latin1;

/*Data for the table `gm_app_beat` */

/*Table structure for table `gm_app_version_log` */

DROP TABLE IF EXISTS `gm_app_version_log`;

CREATE TABLE `gm_app_version_log` (
  `id` bigint(20) NOT NULL AUTO_INCREMENT COMMENT '主键',
  `pro_url` varchar(50) DEFAULT NULL COMMENT '软件地址',
  `pro_version` varchar(10) DEFAULT NULL COMMENT '软件版本号',
  `pro_time` timestamp NOT NULL DEFAULT CURRENT_TIMESTAMP ON UPDATE CURRENT_TIMESTAMP COMMENT '创建日期',
  PRIMARY KEY (`id`)
) ENGINE=InnoDB DEFAULT CHARSET=utf8;

/*Data for the table `gm_app_version_log` */

/*Table structure for table `gm_appshare_count` */

DROP TABLE IF EXISTS `gm_appshare_count`;

CREATE TABLE `gm_appshare_count` (
  `id` bigint(30) NOT NULL AUTO_INCREMENT COMMENT '主键',
  `device_key` varchar(50) NOT NULL COMMENT '设备唯一标识',
  `created_time` varchar(20) DEFAULT NULL COMMENT '创建时间',
  PRIMARY KEY (`id`)
) ENGINE=InnoDB AUTO_INCREMENT=102 DEFAULT CHARSET=utf8;

/*Data for the table `gm_appshare_count` */

insert  into `gm_appshare_count`(`id`,`device_key`,`created_time`) values (1,'144316432059073298','2015-10-09 19:22:28'),(2,'144444985867965346','2015-10-10 12:04:39'),(3,'144444985867965346','2015-10-10 15:05:46'),(4,'144444985867965346','2015-10-10 15:06:01'),(5,'144444985867965346','2015-10-10 15:06:16'),(6,'144444985867965346','2015-10-10 15:18:07'),(7,'144444985867965346','2015-10-10 15:58:17'),(11,'144444985867965346','2015-10-13 15:21:42'),(12,'144444985867965346','2015-10-13 16:23:56'),(13,'144444985867965346','2015-10-21 14:30:21'),(14,'144444985867965346','2015-10-22 11:12:25'),(15,'144444985867965346','2015-10-22 11:24:21'),(16,'144444985867965346','2015-10-22 14:29:25'),(17,'144444985867965346','2015-10-22 14:29:25'),(18,'144444985867965346','2015-10-22 14:29:25'),(19,'144444985867965346','2015-10-22 14:29:25'),(39,'144444985867965346','2015-10-28 14:52:39'),(53,'144610065160677654','2015-10-29 15:23:35'),(54,'144610377292724587','2015-10-29 15:29:40'),(55,'144611035006483944','2015-10-29 17:55:21'),(56,'144611262643169913','2015-10-29 17:57:14'),(57,'144611035006483944','2015-10-29 17:58:36'),(58,'144611035006483944','2015-10-30 10:12:21'),(59,'144617193870071901','2015-10-30 10:25:53'),(60,'144617193870071901','2015-10-30 12:18:12'),(61,'144611035006483944','2015-10-30 12:20:40'),(62,'144611035006483944','2015-10-30 16:12:52'),(63,'144611262643169913','2015-10-30 16:24:04'),(74,'144611035006483944','2015-10-30 16:34:06'),(79,'144611035006483944','2015-10-30 16:39:41'),(81,'144611262643169913','2015-10-30 16:46:07'),(82,'144611035006483944','2015-10-30 16:50:30'),(83,'144611035006483944','2015-10-30 16:58:27'),(84,'144611035006483944','2015-10-30 17:26:42'),(85,'144611035006483944','2015-10-30 17:42:40'),(88,'144611035006483944','2015-11-02 10:26:48'),(89,'144611035006483944','2015-11-02 10:34:05'),(90,'144617193870071901','2015-11-02 11:04:18'),(92,'144611035006483944','2015-11-02 11:23:59'),(93,'144611035006483944','2015-11-02 14:00:51'),(94,'144617193870071901','2015-11-02 14:07:34'),(95,'144611035006483944','2015-11-02 15:30:42'),(96,'144611035006483944','2015-11-02 15:37:01'),(97,'144611262643169913','2015-11-02 15:50:54'),(98,'144611262643169913','2015-11-03 10:15:15'),(99,'144611035006483944','2015-11-03 10:19:21'),(100,'144723276270201297','2015-11-11 17:59:26'),(101,'144792129268966919','2015-11-19 16:21:56');

/*Table structure for table `gm_brand_list` */

DROP TABLE IF EXISTS `gm_brand_list`;

CREATE TABLE `gm_brand_list` (
  `brand_id` bigint(5) NOT NULL AUTO_INCREMENT,
  `brand_type` bigint(3) NOT NULL COMMENT '品牌类型',
  `brand_ch_name` varchar(30) DEFAULT NULL COMMENT '品牌名称',
  `brand_en_name` varchar(30) DEFAULT NULL COMMENT '品牌英文名称',
  `brand_mode` varchar(30) DEFAULT NULL COMMENT '品牌型号',
  `brand_price` double DEFAULT NULL COMMENT '品牌价格',
  `brand_url` varchar(80) DEFAULT NULL COMMENT '链接地址',
  `brand_descrip` varchar(200) DEFAULT NULL COMMENT '品牌描述',
  `brand_type_name` varchar(30) DEFAULT NULL COMMENT '类型名称',
  PRIMARY KEY (`brand_id`)
) ENGINE=InnoDB AUTO_INCREMENT=19 DEFAULT CHARSET=utf8;

/*Data for the table `gm_brand_list` */

insert  into `gm_brand_list`(`brand_id`,`brand_type`,`brand_ch_name`,`brand_en_name`,`brand_mode`,`brand_price`,`brand_url`,`brand_descrip`,`brand_type_name`) values (1,1,'康佳','KONKA','LED32E330C',2799,'http://apicloud.gome.com.cn:2001/images/device_set/deviceShow0_3x.png',NULL,'电视'),(2,1,'海尔','Haier','LE55F3000W',3499,'http://apicloud.gome.com.cn:2001/images/device_set/deviceShow0_3x.png',NULL,'电视'),(3,5,'华为','HUAWEI','M330',349,'http://apicloud.gome.com.cn:2001/images/device_set/deviceShow5_3x.png',NULL,'网络无线盒子'),(4,1,'海信','Hisense','',2549,'http://apicloud.gome.com.cn:2001/images/device_set/deviceShow0_3x.png',NULL,'电视'),(5,7,'新科','Shinco','DVT-301',109,'http://apicloud.gome.com.cn:2001/images/device_set/deviceShow6_3x.png',NULL,'DVD'),(6,8,'美的','Midea','FS40-11L1',139,'http://apicloud.gome.com.cn:2001/images/device_set/deviceShow7_3x.png',NULL,'电风扇'),(7,4,'美的','Midea','KFR-35GW/BP2DN1Y-PA401(A3)',3049,'http://apicloud.gome.com.cn:2001/images/device_set/deviceShow3_3x.png',NULL,'空调'),(8,4,'奥克斯','AUX','KFR-35GW/SFD+3',1899,'http://apicloud.gome.com.cn:2001/images/device_set/deviceShow3_3x.png',NULL,'空调'),(9,4,'海信','Hisense','KFR-35GW/EF11A3(1N10)',2549,'http://apicloud.gome.com.cn:2001/images/device_set/deviceShow3_3x.png',NULL,'空调'),(10,9,'KOHO','KOHO','KP90',NULL,'http://apicloud.gome.com.cn:2001/images/device_set/deviceShow4_3x.png',NULL,'投影'),(11,11,'佳能','Canon','IXUS160',799,'http://apicloud.gome.com.cn:2001/images/device_set/deviceShow8_3x.png',NULL,'照相机'),(12,10,'飞利浦','PHILIPS',NULL,1099,'http://apicloud.gome.com.cn:2001/images/device_set/deviceShow2_3x.png',NULL,'音响'),(14,4,'LG','LG',NULL,NULL,'http://apicloud.gome.com.cn:2001/images/device_set/deviceShow3_3x.png',NULL,NULL),(15,3,'华为','HUAWEI','M330',349,'http://apicloud.gome.com.cn:2001/images/device_set/deviceShow5_3x.png',NULL,'机顶盒'),(16,5,'海美迪','Himedia',NULL,NULL,NULL,NULL,NULL),(17,9,'SHARP','SHARP',NULL,NULL,NULL,NULL,NULL),(18,4,'Gree','Gree',NULL,NULL,NULL,NULL,NULL);

/*Table structure for table `gm_catalog` */

DROP TABLE IF EXISTS `gm_catalog`;

CREATE TABLE `gm_catalog` (
  `catalog_id` int(11) NOT NULL AUTO_INCREMENT COMMENT '分类id',
  `catalog_name` varchar(20) NOT NULL COMMENT '分类名称',
  `create_time` timestamp NULL DEFAULT CURRENT_TIMESTAMP COMMENT '创建时间',
  `update_time` timestamp NULL DEFAULT NULL COMMENT '修改时间',
  `status` tinyint(2) NOT NULL DEFAULT '1' COMMENT '分类状态1:正常，0：失效',
  `create_user` varchar(30) DEFAULT NULL COMMENT '创建人',
  `update_user` varchar(30) DEFAULT NULL COMMENT '修改人',
  `catalog_level` int(11) DEFAULT NULL COMMENT '分类等级',
  `parent_id` int(11) DEFAULT NULL COMMENT '父id，0：表示一级分类',
  PRIMARY KEY (`catalog_id`)
) ENGINE=InnoDB AUTO_INCREMENT=3 DEFAULT CHARSET=utf8;

/*Data for the table `gm_catalog` */

insert  into `gm_catalog`(`catalog_id`,`catalog_name`,`create_time`,`update_time`,`status`,`create_user`,`update_user`,`catalog_level`,`parent_id`) values (1,'职场精英','2015-04-25 03:52:06',NULL,1,'anguangcan',NULL,NULL,NULL),(2,'居家宅人','2015-04-25 03:52:21',NULL,1,'anguangcan',NULL,NULL,NULL);

/*Table structure for table `gm_client_stream_log` */

DROP TABLE IF EXISTS `gm_client_stream_log`;

CREATE TABLE `gm_client_stream_log` (
  `id` bigint(30) NOT NULL AUTO_INCREMENT,
  `device_key` varchar(255) NOT NULL,
  `context` varchar(5000) NOT NULL,
  `req_time` timestamp NULL DEFAULT NULL,
  `res_time` timestamp NULL DEFAULT NULL ON UPDATE CURRENT_TIMESTAMP,
  PRIMARY KEY (`id`)
) ENGINE=InnoDB AUTO_INCREMENT=4 DEFAULT CHARSET=latin1;

/*Data for the table `gm_client_stream_log` */

insert  into `gm_client_stream_log`(`id`,`device_key`,`context`,`req_time`,`res_time`) values (1,'123456','112','2015-04-22 23:30:50','2015-04-22 23:30:58'),(2,'123456','112','2015-04-22 23:31:28','2015-04-22 23:31:31'),(3,'123456','112','2015-04-22 23:39:26',NULL);

/*Table structure for table `gm_device_additionalinfo` */

DROP TABLE IF EXISTS `gm_device_additionalinfo`;

CREATE TABLE `gm_device_additionalinfo` (
  `id` bigint(30) NOT NULL COMMENT '设备唯一标识ID',
  `content` blob COMMENT '内容说明',
  `create_date` varchar(20) DEFAULT NULL COMMENT '创建时间',
  `create_per` varchar(30) DEFAULT NULL COMMENT '创建人',
  PRIMARY KEY (`id`)
) ENGINE=InnoDB DEFAULT CHARSET=utf8;

/*Data for the table `gm_device_additionalinfo` */

/*Table structure for table `gm_device_beat` */

DROP TABLE IF EXISTS `gm_device_beat`;

CREATE TABLE `gm_device_beat` (
  `id` bigint(30) NOT NULL AUTO_INCREMENT,
  `code` varchar(100) NOT NULL,
  `access_key` varchar(255) NOT NULL,
  `device_key` varchar(255) NOT NULL,
  `time` timestamp NOT NULL DEFAULT '0000-00-00 00:00:00' ON UPDATE CURRENT_TIMESTAMP,
  PRIMARY KEY (`id`)
) ENGINE=InnoDB DEFAULT CHARSET=latin1;

/*Data for the table `gm_device_beat` */

/*Table structure for table `gm_device_callback` */

DROP TABLE IF EXISTS `gm_device_callback`;

CREATE TABLE `gm_device_callback` (
  `callback_id` bigint(30) NOT NULL AUTO_INCREMENT,
  `callback_url` varchar(255) CHARACTER SET utf8 NOT NULL COMMENT '回调地址',
  `callback_sys_id` varchar(255) CHARACTER SET utf8 DEFAULT NULL,
  `callback_type` int(10) DEFAULT NULL COMMENT '1，激活通知 2，绑定 3，解绑',
  `access_token` varchar(255) CHARACTER SET utf8 DEFAULT NULL,
  `product_id` bigint(30) DEFAULT NULL,
  `create_time` timestamp NULL DEFAULT NULL,
  PRIMARY KEY (`callback_id`)
) ENGINE=InnoDB AUTO_INCREMENT=24 DEFAULT CHARSET=latin1;

/*Data for the table `gm_device_callback` */

insert  into `gm_device_callback`(`callback_id`,`callback_url`,`callback_sys_id`,`callback_type`,`access_token`,`product_id`,`create_time`) values (1,'','123',1,'ssss',27,'2015-08-19 16:40:54'),(2,'','123',2,'ssss',27,'2015-08-19 16:40:54'),(3,'urlA3ZAHDJHUO','sysy001',1,'ssss',33,'2015-08-20 16:03:05'),(4,'urlA3ZAHDHUIDIAO','sysy001',2,'ssss',33,'2015-08-20 16:03:05'),(5,'回复','',1,'ssss',28,'2015-08-20 16:18:40'),(6,'urlA3ZAHDHUIDIAO','sysy001',3,'ssss',33,'2015-08-20 16:35:12'),(7,'的水果刀','分公司的',1,'ssss',42,'2015-08-20 16:59:47'),(8,'多个','',1,'ssss',42,'2015-08-20 16:59:59'),(9,'地方','的',1,'ssss',43,'2015-08-20 17:00:52'),(10,'更换发','',1,'ssss',28,'2015-08-20 17:08:13'),(11,'df','f s',1,'ssss',51,'2015-08-21 14:31:00'),(12,'url1','sys1',1,'ssss',53,'2015-08-21 15:00:29'),(13,'s','s',1,'ssss',23,'2015-08-21 16:23:11'),(14,'http：123.cn','123456',1,'ssss',62,'2015-08-21 17:18:57'),(15,'','12',1,'ssss',70,'2015-08-25 12:16:38'),(16,'12','',1,'ssss',27,'2015-08-26 14:43:34'),(17,'url1','123',1,'ssss',88,'2015-08-27 13:58:06'),(18,'http://sssssssssssssssssssssssssssssssssssssssssssssssssssssssssssssssssssssssssssssssssssssssssssss','sdsssssssssssssssssssssssssssssssssssssssssssssseeeeeeeeeeeeee',1,'ssss',106,'2015-09-01 12:28:43'),(19,'http://232434534546542324345345462324345345465464565464232434534546546456546423243546456546464565464','23http://23243453454654232434534546232434534546546456546423243453454654645654s4232435464565464645654',1,'ssss',93,'2015-09-01 15:26:20'),(20,'http://111.com','123',1,'ssss',97,'2015-09-02 11:54:37'),(21,'http://3434','dfsdf',1,'ssss',126,'2015-09-06 17:28:18'),(22,'http://ee.com','eeeeeeeeeeeeeeeeeeeeeeeeeeeeeeeeeeeeeeeeeeeeeeeeeee',2,'ssss',125,'2015-09-06 17:31:32'),(23,'http://eee','33333333333333',1,'ssss',128,'2015-09-06 17:33:06');

/*Table structure for table `gm_device_detail` */

DROP TABLE IF EXISTS `gm_device_detail`;

CREATE TABLE `gm_device_detail` (
  `device_id` varchar(38) NOT NULL,
  `action_id` bigint(10) NOT NULL,
  `device_name` varchar(32) DEFAULT NULL,
  `device_status` tinyint(2) DEFAULT '2' COMMENT '设备状态1:开 2关',
  `device_boot_time` timestamp NULL DEFAULT NULL COMMENT '开机时间',
  `device_off_time` timestamp NULL DEFAULT '0000-00-00 00:00:00' COMMENT '关机时间',
  `device_place_type` tinyint(4) DEFAULT NULL COMMENT '设备地点类型',
  `device_source` tinyint(4) DEFAULT NULL COMMENT '设备出场地',
  `device_function_id` bigint(10) DEFAULT NULL COMMENT '设备功能id',
  `device_type` tinyint(4) DEFAULT NULL COMMENT '设备类型',
  `user_id` bigint(32) DEFAULT NULL COMMENT '用户ID',
  `device_code_id` varchar(36) DEFAULT NULL COMMENT '设备解码器',
  `device_brand_name` varchar(30) DEFAULT NULL COMMENT '品牌名称',
  `scene_id` bigint(10) DEFAULT NULL
) ENGINE=InnoDB DEFAULT CHARSET=utf8;

/*Data for the table `gm_device_detail` */

insert  into `gm_device_detail`(`device_id`,`action_id`,`device_name`,`device_status`,`device_boot_time`,`device_off_time`,`device_place_type`,`device_source`,`device_function_id`,`device_type`,`user_id`,`device_code_id`,`device_brand_name`,`scene_id`) values ('f01d77a3-b6ac-464e-8bad-a61eb210749a',4,'空调',0,NULL,'0000-00-00 00:00:00',0,0,NULL,4,47703851865,'1c263bda4a410e92228851d24714ac2e','格力',NULL),('d05f1576-cfd9-470e-94f8-d2f4e8a1b50c',7,'DVD',0,NULL,'0000-00-00 00:00:00',0,0,NULL,7,47703851865,'67a0a4e732b852179f8a6a5b6721dc2b','新科',NULL),('e82c5225-a0df-424b-b5ff-80e3185dc7fd',10,'音响',0,NULL,NULL,0,0,NULL,10,47703851865,'a3d921c0d3be9fed8e72b47dc11891b3','飞利浦',NULL),('de329e23-db4f-4ad5-8f07-d27e2053570d',10,'音响飞利浦',0,NULL,'0000-00-00 00:00:00',0,0,NULL,10,47703851865,'a3d921c0d3be9fed8e72b47dc11891b3','飞利浦',NULL),('ba6d5855-8fdf-4307-a01c-abd41ecefb69',8,'风扇',0,NULL,NULL,0,0,NULL,8,47703851865,'7a068664f501f9b93a3d5de75fb5442c','美的',NULL),('19b2785c-a844-4fbb-84b5-86ce942e739a',7,'卧室',0,NULL,'0000-00-00 00:00:00',0,0,NULL,7,47703851865,'67a0a4e732b852179f8a6a5b6721dc2b','新科',NULL),('37c48051-79ff-463f-aba2-ad77cecb9809',8,'我们就',0,NULL,'0000-00-00 00:00:00',0,0,NULL,8,47703851865,'7a068664f501f9b93a3d5de75fb5442c','美的',NULL),('ea0e8463-2fab-4c24-97a2-708a756bb178',8,'我们要去',0,NULL,'0000-00-00 00:00:00',0,0,NULL,8,47703851865,'7a068664f501f9b93a3d5de75fb5442c','美的',NULL),('a678c4a4-e611-4403-87fd-f43b0b0446bd',1,'这里',0,NULL,NULL,0,0,NULL,1,47703851865,'65dae76cc59972d089d46537074a6ed0','海尔',NULL),('5c72a57f-180c-40e4-8d43-80f46b9912fb',1,'我们在吃',0,NULL,NULL,0,0,NULL,1,47703851865,'4905c1473d47d93edc205e7be8b8a3d6','海信',NULL),('0252aedb-6bdc-4990-9fe1-8dc9fe3f69ac',1,'根据所有的',0,NULL,NULL,0,0,NULL,1,47703851865,'65dae76cc59972d089d46537074a6ed0','海尔',NULL),('6303b0d0-7a2c-4d2e-9a46-e55100401a97',1,'这幅',0,NULL,'0000-00-00 00:00:00',0,0,NULL,1,47703851865,'65dae76cc59972d089d46537074a6ed0','海尔',NULL),('118a0bc0-ab6f-4cf8-94ea-42396c436b97',1,'一切就绪',0,NULL,'0000-00-00 00:00:00',0,0,NULL,1,47703851865,'4905c1473d47d93edc205e7be8b8a3d6','海信',NULL),('e9c3b330-f8cf-4b83-9c2b-7a1ad22e4e77',1,'一起，这',0,NULL,'0000-00-00 00:00:00',0,0,NULL,1,47703851865,'4905c1473d47d93edc205e7be8b8a3d6','海信',NULL),('a6fe3c8e-28c9-4dc9-b5dc-adc9008b3caa',9,'g ju',0,NULL,'0000-00-00 00:00:00',0,0,NULL,9,47703851865,'1450c633abccb874d127ecb4c6a92ded','夏普',NULL),('5dc7cdf6-cfcc-40a7-82a0-ac9647661159',9,'卧室投影仪',0,NULL,'0000-00-00 00:00:00',0,0,NULL,9,47703851865,'1450c633abccb874d127ecb4c6a92ded','夏普',NULL),('1bfc2cef-a476-4253-8861-025a22bc642e',4,'客厅空调',0,NULL,'0000-00-00 00:00:00',0,0,NULL,4,47703851865,'ea395e9f70225dde5c88de1d35ff58b8','奥克斯',NULL),('3bb0f967-1b11-46ae-9973-a051de8eff3a',1,'海尔',0,NULL,'0000-00-00 00:00:00',0,0,NULL,1,47703851865,'65dae76cc59972d089d46537074a6ed0','海尔',NULL),('fafbc41a-7962-4149-9ede-0455374e8cc8',1,'海底',0,NULL,'0000-00-00 00:00:00',0,0,NULL,1,47703851865,'65dae76cc59972d089d46537074a6ed0','海尔',NULL),('58ae7c04-9512-4868-bfd6-4596ce8123bd',1,'海底捞月',0,NULL,'0000-00-00 00:00:00',0,0,NULL,1,47703851865,'65dae76cc59972d089d46537074a6ed0','海尔',NULL),('4794afa9-964f-4282-9f17-b6c11bb73cfd',1,'康佳啦啦啦',0,NULL,'0000-00-00 00:00:00',0,0,NULL,1,71122838275,'05e8085873105702ab3a04af8217ddb1','康佳',NULL),('ca1d7422-4cfe-418a-9df8-7d0496b02cb2',9,'投影仪',0,NULL,NULL,0,0,NULL,9,71467806844,'1450c633abccb874d127ecb4c6a92ded','夏普',NULL),('049a9648-6158-4842-b7ba-884e314172c1',11,'海底',0,NULL,'0000-00-00 00:00:00',0,0,NULL,11,71467806844,'d9344e9ac95a480f61d830c83f6b0828','佳能',NULL),('71c48bc2-e5b0-4ba8-8b52-d4d828d66305',1,'海信',0,NULL,NULL,0,0,NULL,1,72001006857,'4905c1473d47d93edc205e7be8b8a3d6','海信',NULL),('90e256f0-34cf-4baf-bfa1-65d2a0d18392',11,'你',0,NULL,'0000-00-00 00:00:00',0,0,NULL,11,72001006857,'d9344e9ac95a480f61d830c83f6b0828','佳能',NULL),('4412682a-292f-486e-a35a-62b21cdac39d',4,'一',0,NULL,'0000-00-00 00:00:00',0,0,NULL,4,72001006857,'ea395e9f70225dde5c88de1d35ff58b8','奥克斯',NULL),('8a19beb0-8962-48c9-8848-86b63dd718b5',8,'feng ',0,NULL,NULL,0,0,NULL,8,72001006857,'7a068664f501f9b93a3d5de75fb5442c','美的',NULL),('bdac40d1-6e0b-495e-8588-368f8d9b8e1c',10,'yiciang',0,NULL,'0000-00-00 00:00:00',0,0,NULL,10,72001006857,'a3d921c0d3be9fed8e72b47dc11891b3','飞利浦',NULL),('3878e50b-1f0d-4bdd-b16e-14606754c443',4,'卧室空调',0,NULL,'0000-00-00 00:00:00',0,0,NULL,4,72001006857,'51ed3d8fc15433e6914c428d812db518','海信',NULL),('f2ed4d98-c3fe-4ecf-b7a5-4c2a43d4e4b6',9,'投影',0,NULL,'0000-00-00 00:00:00',0,0,NULL,9,72001006857,'1450c633abccb874d127ecb4c6a92ded','夏普',NULL),('72e01167-d4bb-4f93-be11-bfe8db7f4fc8',5,'无线盒',0,NULL,'0000-00-00 00:00:00',0,0,NULL,5,72001006857,'e4b21cbc219807c57dda2d96ac0ed33a','华为',NULL),('cae4fe78-2df9-4856-af93-d55d43b587c9',1,'这',0,NULL,NULL,0,0,NULL,1,71601192654,'65dae76cc59972d089d46537074a6ed0','海尔',NULL),('a473ec47-a519-4f87-823a-e8cc697398bf',7,'推广法',0,NULL,NULL,0,0,NULL,7,71601192654,'67a0a4e732b852179f8a6a5b6721dc2b','新科',NULL),('de74e5a6-8e97-414b-bc5a-f5c71b1281bf',4,'停车场的',0,NULL,NULL,0,0,NULL,4,71601192654,'ea395e9f70225dde5c88de1d35ff58b8','奥克斯',NULL),('da46a18c-1e8b-42f6-9c67-3a88b03c9f49',10,'d d d d d',0,NULL,NULL,0,0,NULL,10,71601192654,'a3d921c0d3be9fed8e72b47dc11891b3','飞利浦',NULL),('de8179d9-d64e-48d1-9154-cb78ba01b8dc',1,'海信',0,NULL,NULL,0,0,NULL,1,71601192654,'4905c1473d47d93edc205e7be8b8a3d6','海信',NULL),('099d0346-f466-4cea-afda-dd8ee5e17400',9,'懂的多',0,NULL,'0000-00-00 00:00:00',0,0,NULL,9,71601192654,'1450c633abccb874d127ecb4c6a92ded','夏普',NULL),('9fe0401b-83ed-4c0d-bd78-64b670d3759d',5,'给狗狗',0,NULL,'0000-00-00 00:00:00',0,0,NULL,5,71601192654,'99dc04c4e31c87e8adbe350113b102fb','海美迪',NULL),('b4a0b083-8430-46ea-8f78-efda9f0ae24e',8,'g g h h',0,NULL,'0000-00-00 00:00:00',0,0,NULL,8,71601192654,'7a068664f501f9b93a3d5de75fb5442c','美的',NULL),('441d0217-5c79-4d88-88ff-47d7ac27c583',1,'一',0,NULL,'0000-00-00 00:00:00',0,0,NULL,1,67247395449,'65dae76cc59972d089d46537074a6ed0','海尔',NULL),('70d1b27d-9ac8-403d-84bd-f379905c8b4b',5,'腹',0,NULL,'0000-00-00 00:00:00',0,0,NULL,5,67247395449,'99dc04c4e31c87e8adbe350113b102fb','海美迪',NULL),('f868b26d-9707-4484-ab6b-e06b178f378f',8,'一',0,NULL,'0000-00-00 00:00:00',0,0,NULL,8,67247395449,'7a068664f501f9b93a3d5de75fb5442c','美的',NULL),('2c9d3157-12b7-4f4c-a3d5-875bd63b0698',8,'1',0,NULL,'0000-00-00 00:00:00',0,0,NULL,8,71467806844,'7a068664f501f9b93a3d5de75fb5442c','美的',NULL),('8657022a-2622-4b02-8dbb-77f54a368179',8,'2',0,NULL,'0000-00-00 00:00:00',0,0,NULL,8,71467806844,'7a068664f501f9b93a3d5de75fb5442c','美的',NULL),('f3bd1604-3372-4df1-9f2c-503eda5fc85f',8,'3',0,NULL,'0000-00-00 00:00:00',0,0,NULL,8,71467806844,'7a068664f501f9b93a3d5de75fb5442c','美的',NULL),('9715f89a-2b43-4361-a5fe-3f53b1cf1752',8,'4',0,NULL,'0000-00-00 00:00:00',0,0,NULL,8,71467806844,'7a068664f501f9b93a3d5de75fb5442c','美的',NULL),('b401619e-4f28-445a-9635-71b1709c9e75',8,'5',0,NULL,'0000-00-00 00:00:00',0,0,NULL,8,71467806844,'7a068664f501f9b93a3d5de75fb5442c','美的',NULL),('62b1371a-5be7-4723-a764-21a6d75d52fb',8,'6',0,NULL,'0000-00-00 00:00:00',0,0,NULL,8,71467806844,'7a068664f501f9b93a3d5de75fb5442c','美的',NULL),('83cc71eb-3069-4c02-9439-453dfaf2f818',8,'7',0,NULL,'0000-00-00 00:00:00',0,0,NULL,8,71467806844,'7a068664f501f9b93a3d5de75fb5442c','美的',NULL),('b272e5a3-0693-488a-b2e0-e85afb25a917',8,'8',0,NULL,'0000-00-00 00:00:00',0,0,NULL,8,71467806844,'7a068664f501f9b93a3d5de75fb5442c','美的',NULL),('33bcf95a-ac5a-48e3-ba19-7755ce1b3804',8,'9',0,NULL,'0000-00-00 00:00:00',0,0,NULL,8,71467806844,'7a068664f501f9b93a3d5de75fb5442c','美的',NULL),('fbadef69-30b5-494f-9b65-8c8f06c2d1d8',8,'10',0,NULL,'0000-00-00 00:00:00',0,0,NULL,8,71467806844,'7a068664f501f9b93a3d5de75fb5442c','美的',NULL),('a50b7d9d-42cd-47bd-acc7-286d32bd3a01',3,'g',0,NULL,NULL,0,0,NULL,3,71601192654,'b28dedb5463f6132e6f0516096128227','华为',NULL),('d2724e06-ed7b-4c1b-85d0-a938447dfebb',3,'add',0,NULL,NULL,0,0,NULL,3,71467806844,'b28dedb5463f6132e6f0516096128227','华为',NULL),('640acdc0-3685-4ce0-bfba-f07d742d94db',1,'Bbc',0,NULL,NULL,0,0,NULL,1,71449407588,'4905c1473d47d93edc205e7be8b8a3d6','Hisense',NULL),('f9ad94da-cffa-4be4-96ed-4d0b5252e595',3,'highbjhhhgghvhjj',0,NULL,NULL,0,0,NULL,3,71467806844,'b28dedb5463f6132e6f0516096128227','华为',NULL),('ec6c7003-fa1c-476d-ae4b-33a725d1f2c6',3,'o和 i 发挥国家级h k b ',0,NULL,NULL,0,0,NULL,3,71467806844,'b28dedb5463f6132e6f0516096128227','华为',NULL),('13a389f6-600b-470c-aaf2-eb5009770610',3,'仿佛',0,NULL,'0000-00-00 00:00:00',0,0,NULL,3,71467806844,'b28dedb5463f6132e6f0516096128227','华为',NULL),('da3bcabe-8172-4f04-80b6-8f149107454b',1,'Vnb',0,NULL,NULL,0,0,NULL,1,71449407588,'4905c1473d47d93edc205e7be8b8a3d6','Hisense',NULL),('80b9218e-6924-474f-b9f6-3ae0821ae58f',1,'Bbv',0,NULL,NULL,0,0,NULL,1,71449407588,'4905c1473d47d93edc205e7be8b8a3d6','Hisense',NULL),('f4cfdf5f-a257-4f39-abd2-5925f51a65b6',5,'大',0,NULL,NULL,0,0,NULL,5,71467806844,'99dc04c4e31c87e8adbe350113b102fb','海美迪',NULL),('58013227-e0c2-486b-a739-4c9e1b134129',3,'f h',0,NULL,NULL,0,0,NULL,3,71601192654,'b28dedb5463f6132e6f0516096128227','华为',NULL),('b58837f1-e7f7-4916-9a1d-81e064a76f9e',5,'tu',0,NULL,NULL,0,0,NULL,5,71601192654,'e4b21cbc219807c57dda2d96ac0ed33a','华为',NULL),('94e5cdd9-83ce-4a28-ab0b-bea367c86908',1,'具体',0,NULL,NULL,0,0,NULL,1,71449407588,'65dae76cc59972d089d46537074a6ed0','Haier',NULL),('df3acadf-da7b-4b95-8340-7994cdbbc464',1,'f',0,NULL,NULL,0,0,NULL,1,71467806844,'05e8085873105702ab3a04af8217ddb1','康佳',NULL),('7591f0c8-2ed8-471e-a63c-a8b380387a12',1,'fg',0,NULL,'0000-00-00 00:00:00',0,0,NULL,1,71467806844,'65dae76cc59972d089d46537074a6ed0','海尔',NULL),('75e42167-a0c4-479f-8d47-6cbc5d776f4c',1,'ty',0,NULL,'0000-00-00 00:00:00',0,0,NULL,1,71467806844,'65dae76cc59972d089d46537074a6ed0','海尔',NULL),('31aa36fa-f18c-41e0-8c99-48f90d48f423',1,'体育',0,NULL,'0000-00-00 00:00:00',0,0,NULL,1,71467806844,'65dae76cc59972d089d46537074a6ed0','海尔',NULL),('5bb9d128-fd0f-490e-b8a1-5d390c75b0c3',1,'谈一谈',0,NULL,NULL,0,0,NULL,1,71467806844,'65dae76cc59972d089d46537074a6ed0','海尔',NULL),('6a4f2fd4-4fa9-4d13-b7e5-2e30263d130e',1,'谷歌感叹道题guy副部长职务g ',0,NULL,'0000-00-00 00:00:00',0,0,NULL,1,71467806844,'65dae76cc59972d089d46537074a6ed0','海尔',NULL),('9a3e09e6-5bdd-4da1-8426-21163a2d5171',8,'c',0,NULL,'0000-00-00 00:00:00',0,0,NULL,8,71467806844,'7a068664f501f9b93a3d5de75fb5442c','美的',NULL),('2ed26886-5a37-4c86-8c11-e3e9650b4427',8,'d',0,NULL,NULL,0,0,NULL,8,71467806844,'7a068664f501f9b93a3d5de75fb5442c','美的',NULL),('8bbb9414-ec29-4e61-8a1c-8d30bc2091a4',4,'hajj shahid',0,NULL,NULL,0,0,NULL,4,71467806844,'ea395e9f70225dde5c88de1d35ff58b8','奥克斯',NULL),('b48a50a3-1478-409b-9913-2b03e539f716',4,'jake',0,NULL,'0000-00-00 00:00:00',0,0,NULL,4,71467806844,'8003dd599a41496aebe9f2df72c96457','LG',NULL),('b696ec18-aa4d-4493-a5ad-fda293faed76',4,'gig',0,NULL,'0000-00-00 00:00:00',0,0,NULL,4,71467806844,'51ed3d8fc15433e6914c428d812db518','海信',NULL),('52f01e82-b975-4f89-a3e1-a980a76a8be4',4,'it',0,NULL,'0000-00-00 00:00:00',0,0,NULL,4,71467806844,'51ed3d8fc15433e6914c428d812db518','海信',NULL),('b8f3e20d-4d64-47a2-881b-20d38ee5ad3b',4,'the',0,NULL,'0000-00-00 00:00:00',0,0,NULL,4,71467806844,'51ed3d8fc15433e6914c428d812db518','海信',NULL),('47c1583d-943f-4523-b308-9ad2933f042f',1,'骨头',0,NULL,NULL,0,0,NULL,1,71449407588,'4905c1473d47d93edc205e7be8b8a3d6','Hisense',NULL),('66497990-d265-4976-adc4-a16ff5619d78',4,'ha',0,NULL,NULL,0,0,NULL,4,71467806844,'ea395e9f70225dde5c88de1d35ff58b8','奥克斯',NULL),('8b23a23c-9037-434e-a8cd-2d139c288fa7',1,'h',0,NULL,NULL,0,0,NULL,1,71467806844,'65dae76cc59972d089d46537074a6ed0','海尔',NULL),('e719bdab-9166-4ff5-94f8-c2950335743e',7,'lo',0,NULL,NULL,0,0,NULL,7,71467806844,'67a0a4e732b852179f8a6a5b6721dc2b','新科',NULL),('c331692b-ab5f-40ec-8826-e72da780bb1b',10,'真相',0,NULL,NULL,0,0,NULL,10,71449407588,'a3d921c0d3be9fed8e72b47dc11891b3','Philips',NULL),('c0dc345f-aed5-4ddf-b28b-7328bfab9b22',11,'卧室',0,NULL,'0000-00-00 00:00:00',0,0,NULL,11,71467806844,'d9344e9ac95a480f61d830c83f6b0828','佳能',NULL),('f0901252-956e-49a9-82c4-bd954ba1fb00',1,'海信',0,NULL,NULL,0,0,NULL,1,71467806844,'4905c1473d47d93edc205e7be8b8a3d6','海信',NULL),('f3afdeba-e1ee-469f-83c3-fdbd458c2c25',1,'痛痛快快',0,NULL,NULL,0,0,NULL,1,71449407588,'4905c1473d47d93edc205e7be8b8a3d6','Hisense',NULL),('ad787a10-5dfe-4519-bd61-1d2f30ed6b00',4,'雨',0,NULL,'0000-00-00 00:00:00',0,0,NULL,4,71467806844,'ea395e9f70225dde5c88de1d35ff58b8','奥克斯',NULL),('530a3fcb-07d7-494e-8ede-01a918550126',1,'huff',0,NULL,NULL,0,0,NULL,1,71610405129,'65dae76cc59972d089d46537074a6ed0','海尔',NULL),('7a3f443f-f20d-47ec-bf76-e805556b303f',10,'bkgfcbbxcbjhjdcv',0,NULL,'0000-00-00 00:00:00',0,0,NULL,10,71601192654,'a3d921c0d3be9fed8e72b47dc11891b3','飞利浦',NULL),('d00106f6-77ce-4e5b-935c-9c8da6bd3c32',7,'卧室\n',0,NULL,NULL,0,0,NULL,7,71449407588,'67a0a4e732b852179f8a6a5b6721dc2b','Shinco',NULL),('8fb6e334-8355-4e1e-b490-fb896fe8dce1',4,'空地',0,NULL,'0000-00-00 00:00:00',0,0,NULL,4,71467806844,'f38d69dabf01ad0f4a156ef96d82033b','美的',NULL),('43a579f0-d297-4769-9be9-a0d0f54b58df',4,'ui',0,NULL,'0000-00-00 00:00:00',0,0,NULL,4,71467806844,'8003dd599a41496aebe9f2df72c96457','LG',NULL),('006ef835-24d2-4966-af1e-1ad2684f9ee3',10,'bj',0,NULL,'0000-00-00 00:00:00',0,0,NULL,10,71601192654,'a3d921c0d3be9fed8e72b47dc11891b3','Philips',NULL),('963b81b4-4754-4672-9101-1db9bc76476f',1,'太好',0,NULL,NULL,0,0,NULL,1,71449407588,'4905c1473d47d93edc205e7be8b8a3d6','Hisense',NULL),('1c283077-5285-432b-911a-3e48141a67a9',3,'gu',0,NULL,NULL,0,0,NULL,3,72001669827,'b28dedb5463f6132e6f0516096128227','华为',NULL),('479ce6af-aeb7-4214-8b7a-378629cde4ab',10,'咯',0,NULL,NULL,0,0,NULL,10,72001669827,'a3d921c0d3be9fed8e72b47dc11891b3','Philips',NULL),('0e66b834-7c97-4d75-bb64-39ed52b9e796',10,'MSN',0,NULL,'0000-00-00 00:00:00',0,0,NULL,10,72001669827,'a3d921c0d3be9fed8e72b47dc11891b3','Philips',NULL),('f5083efd-64c5-4e7b-8e01-c56d53587368',7,'是',0,NULL,NULL,0,0,NULL,7,72001669827,'67a0a4e732b852179f8a6a5b6721dc2b','Shinco',NULL),('b5df58a8-f2cc-4a60-95a8-44c4a7b79e86',8,'l',0,NULL,'0000-00-00 00:00:00',0,0,NULL,8,72001669827,'7a068664f501f9b93a3d5de75fb5442c','Midea',NULL),('5dca2ea3-21db-4479-8bdd-1bec492b219a',8,'1',0,NULL,'0000-00-00 00:00:00',0,0,NULL,8,72001669827,'7a068664f501f9b93a3d5de75fb5442c','Midea',NULL),('f14fb8d1-3b9c-4916-aea2-b881a754e699',8,'2',0,NULL,'0000-00-00 00:00:00',0,0,NULL,8,72001669827,'7a068664f501f9b93a3d5de75fb5442c','Midea',NULL),('962e01bc-8ca4-426e-be22-3e62525bdc55',8,'3',0,NULL,'0000-00-00 00:00:00',0,0,NULL,8,72001669827,'7a068664f501f9b93a3d5de75fb5442c','Midea',NULL),('5daf012c-8b8e-47dc-8487-5c32d6cd34b3',8,'4',0,NULL,'0000-00-00 00:00:00',0,0,NULL,8,72001669827,'7a068664f501f9b93a3d5de75fb5442c','Midea',NULL),('8673eda6-356f-4230-aa55-9d5268cd9c60',8,'5',0,NULL,'0000-00-00 00:00:00',0,0,NULL,8,72001669827,'7a068664f501f9b93a3d5de75fb5442c','Midea',NULL),('41a20ee6-5d1c-469a-9de6-8c858a0484d6',8,'6',0,NULL,'0000-00-00 00:00:00',0,0,NULL,8,72001669827,'7a068664f501f9b93a3d5de75fb5442c','Midea',NULL),('046f67e2-65ae-482f-9276-408319b7e959',8,'7',0,NULL,'0000-00-00 00:00:00',0,0,NULL,8,72001669827,'7a068664f501f9b93a3d5de75fb5442c','Midea',NULL),('4cd22e7e-b8e8-43c8-801c-2f66fa360265',8,'8',0,NULL,'0000-00-00 00:00:00',0,0,NULL,8,72001669827,'7a068664f501f9b93a3d5de75fb5442c','Midea',NULL),('794af924-e3c0-45de-995c-a3a7850c3739',8,'9',0,NULL,'0000-00-00 00:00:00',0,0,NULL,8,72001669827,'7a068664f501f9b93a3d5de75fb5442c','Midea',NULL),('ed8218b3-8084-43d6-a2d0-166449787bb5',8,'哦SOHO',0,NULL,'0000-00-00 00:00:00',0,0,NULL,8,72001669827,'7a068664f501f9b93a3d5de75fb5442c','Midea',NULL),('595028c0-9af4-489e-8d1c-399dc0877bec',8,'破坏你哦',0,NULL,'0000-00-00 00:00:00',0,0,NULL,8,72001669827,'7a068664f501f9b93a3d5de75fb5442c','Midea',NULL),('fac5e044-91e0-4d58-8c02-9e4bcd768596',8,'哦婆婆',0,NULL,'0000-00-00 00:00:00',0,0,NULL,8,72001669827,'7a068664f501f9b93a3d5de75fb5442c','Midea',NULL),('2cfb2fb2-4849-4474-a022-b5ff61dd8ec4',8,'1s',0,NULL,'0000-00-00 00:00:00',0,0,NULL,8,72001669827,'7a068664f501f9b93a3d5de75fb5442c','Midea',NULL),('dadc061a-92e4-42ba-8900-0916f74844db',8,'16764',0,NULL,'0000-00-00 00:00:00',0,0,NULL,8,72001669827,'7a068664f501f9b93a3d5de75fb5442c','Midea',NULL),('28a363a9-6907-4b96-8779-8aeb77eacb31',8,'搜狗',0,NULL,'0000-00-00 00:00:00',0,0,NULL,8,72001669827,'7a068664f501f9b93a3d5de75fb5442c','Midea',NULL),('f4a3c987-cd50-45dc-987d-4e8666a995c2',8,'XP你我',0,NULL,'0000-00-00 00:00:00',0,0,NULL,8,72001669827,'7a068664f501f9b93a3d5de75fb5442c','Midea',NULL),('fb1d55ce-c4c1-4aea-9e74-575a2042bf3d',8,'我陪外婆',0,NULL,'0000-00-00 00:00:00',0,0,NULL,8,72001669827,'7a068664f501f9b93a3d5de75fb5442c','Midea',NULL),('7bf6d968-157b-47be-866e-a6cd8607daf3',8,'lol',0,NULL,'0000-00-00 00:00:00',0,0,NULL,8,72001669827,'7a068664f501f9b93a3d5de75fb5442c','Midea',NULL),('e03cbd6d-b090-4d9c-917f-c9bb592e5913',4,'lo',0,NULL,NULL,0,0,NULL,4,72001669827,'ea395e9f70225dde5c88de1d35ff58b8','AUX',NULL),('876aeb3d-8228-4574-b1e5-f904b7683db9',9,'喇叭',0,NULL,'0000-00-00 00:00:00',0,0,NULL,9,72001669827,'1450c633abccb874d127ecb4c6a92ded','Sharp',NULL),('748393da-68d7-4485-add6-413cb7f2f67a',1,'格力',0,NULL,NULL,0,0,NULL,1,72001669827,'65dae76cc59972d089d46537074a6ed0','海尔',NULL),('8afd682a-ea65-47b7-a4f9-0f5da52d5f79',3,'HK',0,NULL,NULL,0,0,NULL,3,71449407588,'b28dedb5463f6132e6f0516096128227','Huawei',NULL),('87b31637-ac9e-4ac5-9a87-740d94965de3',5,'j',0,NULL,NULL,0,0,NULL,5,71449407588,'99dc04c4e31c87e8adbe350113b102fb','Himedia',NULL),('e4d312f6-6287-40fa-b78c-6231e535bd2d',3,'hj',0,NULL,'0000-00-00 00:00:00',0,0,NULL,3,72001669827,'b28dedb5463f6132e6f0516096128227','Huawei',NULL),('a26c6ebc-82ea-482a-9153-5cd4e81bdcae',1,'hj',0,NULL,'0000-00-00 00:00:00',0,0,NULL,1,72001669827,'4905c1473d47d93edc205e7be8b8a3d6','Hisense',NULL),('7602c189-8143-40ba-a55e-51d12358ca09',1,'y',0,NULL,NULL,0,0,NULL,1,72001669827,'05e8085873105702ab3a04af8217ddb1','Konka',NULL),('aecaf2b6-7eda-4c9a-b6c8-ecc9739d3c12',1,'h',0,NULL,'0000-00-00 00:00:00',0,0,NULL,1,72001669827,'4905c1473d47d93edc205e7be8b8a3d6','Hisense',NULL),('0befa476-3229-44f8-b8a9-5e37604da3ea',1,'gh',0,NULL,'0000-00-00 00:00:00',0,0,NULL,1,72001669827,'4905c1473d47d93edc205e7be8b8a3d6','Hisense',NULL),('75d80d05-57c3-4096-b253-8e19aa290235',1,'hu',0,NULL,'0000-00-00 00:00:00',0,0,NULL,1,72001669827,'4905c1473d47d93edc205e7be8b8a3d6','Hisense',NULL),('841db623-c533-4035-9d99-2959187fff73',1,'gu',0,NULL,'0000-00-00 00:00:00',0,0,NULL,1,72001669827,'4905c1473d47d93edc205e7be8b8a3d6','Hisense',NULL),('b2fc6ad0-990d-4a09-983e-831ace6266e7',1,'fnjf',0,NULL,NULL,0,0,NULL,1,71449407588,'65dae76cc59972d089d46537074a6ed0','Haier',NULL),('817519d5-c7bb-486b-b496-08b5360ca37c',11,'fg',0,NULL,'0000-00-00 00:00:00',0,0,NULL,11,71449407588,'d9344e9ac95a480f61d830c83f6b0828','Canon',NULL),('5ebffc95-db1d-42f7-a022-7980bc9d1c22',1,'hhg\n',0,NULL,'0000-00-00 00:00:00',0,0,NULL,1,72001669827,'65dae76cc59972d089d46537074a6ed0','Haier',NULL),('e57cb326-d587-4aa3-9b84-0ec7bc9a659a',5,'b',0,NULL,'0000-00-00 00:00:00',0,0,NULL,5,72001669827,'e4b21cbc219807c57dda2d96ac0ed33a','Huawei',NULL),('f897efe5-96df-45c7-9319-1268b6ec19e5',1,'vbb',0,NULL,'0000-00-00 00:00:00',0,0,NULL,1,72001669827,'4905c1473d47d93edc205e7be8b8a3d6','Hisense',NULL),('5828041d-9a47-496c-940c-b094b5f3bd48',1,'vvv',0,NULL,'0000-00-00 00:00:00',0,0,NULL,1,72001669827,'4905c1473d47d93edc205e7be8b8a3d6','Hisense',NULL),('0ba11102-de10-4406-9355-85604070969f',1,'cvv',0,NULL,'0000-00-00 00:00:00',0,0,NULL,1,72001669827,'65dae76cc59972d089d46537074a6ed0','Haier',NULL),('353900aa-aaca-4d5c-a751-a20ff8a32dbc',1,'xxc',0,NULL,'0000-00-00 00:00:00',0,0,NULL,1,72001669827,'4905c1473d47d93edc205e7be8b8a3d6','Hisense',NULL),('3a5d093d-b0fa-4dcd-b01d-5d35f9ec9179',1,'hi',0,NULL,'0000-00-00 00:00:00',0,0,NULL,1,72001669827,'4905c1473d47d93edc205e7be8b8a3d6','Hisense',NULL),('ca801d10-df4c-4f08-9aa4-780b700845a7',1,'xcc',0,NULL,'0000-00-00 00:00:00',0,0,NULL,1,72001669827,'4905c1473d47d93edc205e7be8b8a3d6','Hisense',NULL),('bb76037b-c82a-46aa-9563-28fd8dec9f0c',1,'hjj',0,NULL,'0000-00-00 00:00:00',0,0,NULL,1,72001669827,'4905c1473d47d93edc205e7be8b8a3d6','Hisense',NULL),('c64e3db4-3691-4cfb-8903-ae0c55fe7406',10,'xhx',0,NULL,'0000-00-00 00:00:00',0,0,NULL,10,72001669827,'a3d921c0d3be9fed8e72b47dc11891b3','Philips',NULL),('fc5d217c-91e0-439d-a20e-c00094176011',1,'chv',0,NULL,NULL,0,0,NULL,1,71449407588,'4905c1473d47d93edc205e7be8b8a3d6','Hisense',NULL),('7caae1d9-4a18-4d34-845f-37f7e186ac9c',1,'cgg',0,NULL,NULL,0,0,NULL,1,71449407588,'4905c1473d47d93edc205e7be8b8a3d6','Hisense',NULL),('de673faf-1acb-4e1a-ba08-bb6233581fc8',1,'huikk',0,NULL,'0000-00-00 00:00:00',0,0,NULL,1,72001669827,'65dae76cc59972d089d46537074a6ed0','Haier',NULL),('364bcb69-1e1f-4830-8f67-fa523a3220e6',5,'xs',0,NULL,NULL,0,0,NULL,5,71610405129,'e4b21cbc219807c57dda2d96ac0ed33a','Huawei',NULL),('b2e110f1-0c39-4a8f-8899-4a765c3169da',10,'ghf',0,NULL,NULL,0,0,NULL,10,71610405129,'a3d921c0d3be9fed8e72b47dc11891b3','Philips',NULL),('83bbd98f-d3d9-4ec2-80a3-b289317a40ef',4,'hhh',0,NULL,NULL,0,0,NULL,4,71449407588,'e316ea40a0092e1b37bd1f64bd6beba3','LG',NULL),('676bd31b-45cb-4c10-9b13-95aa425d21a0',1,'zsj12测',0,NULL,'0000-00-00 00:00:00',0,0,NULL,1,47703851865,'65dae76cc59972d089d46537074a6ed0','Haier',NULL),('ee77ed71-b82e-4bfa-a93e-0a197bc8c468',1,'zsj12æµ',0,NULL,'0000-00-00 00:00:00',0,0,NULL,1,47703851865,'65dae76cc59972d089d46537074a6ed0','Haier',NULL),('2f721678-8332-4f45-b0fd-b6fc2d1af516',1,'zsj123æµ',0,NULL,'0000-00-00 00:00:00',0,0,NULL,1,47703851865,'65dae76cc59972d089d46537074a6ed0','Haier',NULL),('99877ca5-a8a4-4634-83e7-e14eb363fec7',9,'@@tz',0,NULL,'0000-00-00 00:00:00',0,0,NULL,9,71449407588,'1450c633abccb874d127ecb4c6a92ded','Sharp',NULL),('dcbc3fe9-5849-4e1a-99cc-7a46bdd3d1af',9,' ',0,NULL,'0000-00-00 00:00:00',0,0,NULL,9,71449407588,'1450c633abccb874d127ecb4c6a92ded','Sharp',NULL),('588042bd-e015-461f-942e-1aeee5b44144',10,'尽可能',0,NULL,'0000-00-00 00:00:00',0,0,NULL,10,71449407588,'a3d921c0d3be9fed8e72b47dc11891b3','Philips',NULL),('b2febb2b-9ec6-4fe8-828e-b6c19592703b',8,'可能',0,NULL,'0000-00-00 00:00:00',0,0,NULL,8,71449407588,'7a068664f501f9b93a3d5de75fb5442c','Midea',NULL),('3af6f687-7688-4ee6-bf75-019c5dba4af0',4,'z',0,NULL,'0000-00-00 00:00:00',0,0,NULL,4,71610405129,'ea395e9f70225dde5c88de1d35ff58b8','奥克斯',NULL);

/*Table structure for table `gm_device_function` */

DROP TABLE IF EXISTS `gm_device_function`;

CREATE TABLE `gm_device_function` (
  `function_id` bigint(10) NOT NULL AUTO_INCREMENT COMMENT '功能id',
  `device_function_id` varchar(38) NOT NULL COMMENT '设备id',
  `function_name` varchar(32) DEFAULT NULL COMMENT '功能名称',
  `create_time` timestamp NOT NULL DEFAULT CURRENT_TIMESTAMP ON UPDATE CURRENT_TIMESTAMP COMMENT '创建时间',
  `create_user` varchar(20) DEFAULT NULL COMMENT '创建人',
  `update_time` timestamp NOT NULL DEFAULT '0000-00-00 00:00:00' COMMENT '修改时间',
  `update_user` varchar(20) DEFAULT NULL COMMENT '修改人',
  `before_time` timestamp NOT NULL DEFAULT '0000-00-00 00:00:00' COMMENT '上次修改时间',
  `before_user` varchar(20) DEFAULT NULL COMMENT '上次修改人',
  `function_code` bigint(10) DEFAULT NULL COMMENT '功能编码',
  `function_status` tinyint(2) DEFAULT '1' COMMENT '功能状态，1启用，2未启用',
  `function_value` varchar(32) DEFAULT NULL COMMENT '功能值',
  `scene_id` bigint(12) DEFAULT NULL,
  PRIMARY KEY (`function_id`)
) ENGINE=InnoDB AUTO_INCREMENT=3188 DEFAULT CHARSET=utf8;

/*Data for the table `gm_device_function` */

insert  into `gm_device_function`(`function_id`,`device_function_id`,`function_name`,`create_time`,`create_user`,`update_time`,`update_user`,`before_time`,`before_user`,`function_code`,`function_status`,`function_value`,`scene_id`) values (745,'f01d77a3-b6ac-464e-8bad-a61eb210749a','模式','2015-07-03 14:10:11',NULL,'2015-07-03 14:10:11',NULL,'2015-07-03 14:10:11',NULL,5,1,'0',1),(746,'f01d77a3-b6ac-464e-8bad-a61eb210749a','是否扫风','2015-07-03 14:10:11',NULL,'2015-07-03 14:10:11',NULL,'2015-07-03 14:10:11',NULL,6,1,'0',1),(747,'f01d77a3-b6ac-464e-8bad-a61eb210749a','风速级别设置','2015-07-03 14:10:11',NULL,'2015-07-03 14:10:11',NULL,'2015-07-03 14:10:11',NULL,7,1,'0',1),(748,'f01d77a3-b6ac-464e-8bad-a61eb210749a','温度设置','2015-07-03 14:10:11',NULL,'2015-07-03 14:10:11',NULL,'2015-07-03 14:10:11',NULL,8,1,'0',1),(749,'f01d77a3-b6ac-464e-8bad-a61eb210749a','模式','2015-07-03 14:10:11',NULL,'2015-07-03 14:10:11',NULL,'2015-07-03 14:10:11',NULL,5,1,'0',2),(750,'f01d77a3-b6ac-464e-8bad-a61eb210749a','是否扫风','2015-07-03 14:10:11',NULL,'2015-07-03 14:10:11',NULL,'2015-07-03 14:10:11',NULL,6,1,'0',2),(751,'f01d77a3-b6ac-464e-8bad-a61eb210749a','风速级别设置','2015-07-03 14:10:11',NULL,'2015-07-03 14:10:11',NULL,'2015-07-03 14:10:11',NULL,7,1,'0',2),(752,'f01d77a3-b6ac-464e-8bad-a61eb210749a','温度设置','2015-07-03 14:10:11',NULL,'2015-07-03 14:10:11',NULL,'2015-07-03 14:10:11',NULL,8,1,'0',2),(753,'f01d77a3-b6ac-464e-8bad-a61eb210749a','模式','2015-07-03 14:10:11',NULL,'2015-07-03 14:10:11',NULL,'2015-07-03 14:10:11',NULL,5,1,'0',7),(754,'f01d77a3-b6ac-464e-8bad-a61eb210749a','是否扫风','2015-07-03 14:10:11',NULL,'2015-07-03 14:10:11',NULL,'2015-07-03 14:10:11',NULL,6,1,'0',7),(755,'f01d77a3-b6ac-464e-8bad-a61eb210749a','风速级别设置','2015-07-03 14:10:11',NULL,'2015-07-03 14:10:11',NULL,'2015-07-03 14:10:11',NULL,7,1,'0',7),(756,'f01d77a3-b6ac-464e-8bad-a61eb210749a','温度设置','2015-07-03 14:10:11',NULL,'2015-07-03 14:10:11',NULL,'2015-07-03 14:10:11',NULL,8,1,'0',7),(757,'d05f1576-cfd9-470e-94f8-d2f4e8a1b50c','声音','2015-07-03 14:10:29',NULL,'2015-07-03 14:10:29',NULL,'2015-07-03 14:10:29',NULL,2,1,'0',1),(758,'d05f1576-cfd9-470e-94f8-d2f4e8a1b50c','声音','2015-07-03 14:10:29',NULL,'2015-07-03 14:10:29',NULL,'2015-07-03 14:10:29',NULL,2,1,'0',3),(759,'d05f1576-cfd9-470e-94f8-d2f4e8a1b50c','声音','2015-07-03 14:10:29',NULL,'2015-07-03 14:10:29',NULL,'2015-07-03 14:10:29',NULL,2,1,'0',6),(784,'e82c5225-a0df-424b-b5ff-80e3185dc7fd','音量控制','2015-07-03 14:26:01',NULL,'2015-07-03 14:26:01',NULL,'2015-07-03 14:26:01',NULL,4,1,'0',1),(785,'e82c5225-a0df-424b-b5ff-80e3185dc7fd','CD播放','2015-07-03 14:26:01',NULL,'2015-07-03 14:26:01',NULL,'2015-07-03 14:26:01',NULL,13,1,'0',1),(786,'e82c5225-a0df-424b-b5ff-80e3185dc7fd','音量控制','2015-07-03 14:26:01',NULL,'2015-07-03 14:26:01',NULL,'2015-07-03 14:26:01',NULL,4,1,'0',3),(787,'e82c5225-a0df-424b-b5ff-80e3185dc7fd','CD播放','2015-07-03 14:26:01',NULL,'2015-07-03 14:26:01',NULL,'2015-07-03 14:26:01',NULL,13,1,'0',3),(788,'e82c5225-a0df-424b-b5ff-80e3185dc7fd','音量控制','2015-07-03 14:26:01',NULL,'2015-07-03 14:26:01',NULL,'2015-07-03 14:26:01',NULL,4,1,'0',4),(789,'e82c5225-a0df-424b-b5ff-80e3185dc7fd','CD播放','2015-07-03 14:26:01',NULL,'2015-07-03 14:26:01',NULL,'2015-07-03 14:26:01',NULL,13,1,'0',4),(790,'e82c5225-a0df-424b-b5ff-80e3185dc7fd','音量控制','2015-07-03 17:13:27',NULL,'2015-07-03 17:13:27',NULL,'2015-07-03 17:13:27',NULL,4,0,'0',6),(791,'e82c5225-a0df-424b-b5ff-80e3185dc7fd','CD播放','2015-07-03 17:13:27',NULL,'2015-07-03 17:13:27',NULL,'2015-07-03 17:13:27',NULL,13,0,'0',6),(792,'de329e23-db4f-4ad5-8f07-d27e2053570d','音量控制','2015-07-03 14:26:17',NULL,'2015-07-03 14:26:17',NULL,'2015-07-03 14:26:17',NULL,4,1,'0',1),(793,'de329e23-db4f-4ad5-8f07-d27e2053570d','CD播放','2015-07-03 14:26:17',NULL,'2015-07-03 14:26:17',NULL,'2015-07-03 14:26:17',NULL,13,1,'0',1),(794,'de329e23-db4f-4ad5-8f07-d27e2053570d','音量控制','2015-07-03 14:26:17',NULL,'2015-07-03 14:26:17',NULL,'2015-07-03 14:26:17',NULL,4,1,'0',3),(795,'de329e23-db4f-4ad5-8f07-d27e2053570d','CD播放','2015-07-03 14:26:17',NULL,'2015-07-03 14:26:17',NULL,'2015-07-03 14:26:17',NULL,13,1,'0',3),(796,'de329e23-db4f-4ad5-8f07-d27e2053570d','音量控制','2015-07-03 14:26:17',NULL,'2015-07-03 14:26:17',NULL,'2015-07-03 14:26:17',NULL,4,1,'0',4),(797,'de329e23-db4f-4ad5-8f07-d27e2053570d','CD播放','2015-07-03 14:26:17',NULL,'2015-07-03 14:26:17',NULL,'2015-07-03 14:26:17',NULL,13,1,'0',4),(798,'de329e23-db4f-4ad5-8f07-d27e2053570d','音量控制','2015-07-03 14:26:17',NULL,'2015-07-03 14:26:17',NULL,'2015-07-03 14:26:17',NULL,4,1,'0',6),(799,'de329e23-db4f-4ad5-8f07-d27e2053570d','CD播放','2015-07-03 14:26:17',NULL,'2015-07-03 14:26:17',NULL,'2015-07-03 14:26:17',NULL,13,1,'0',6),(815,'ba6d5855-8fdf-4307-a01c-abd41ecefb69','风速级别设置','2015-07-03 14:38:43',NULL,'2015-07-03 14:38:43',NULL,'2015-07-03 14:38:43',NULL,7,0,'0',2),(816,'ba6d5855-8fdf-4307-a01c-abd41ecefb69','风类设置','2015-07-03 14:38:43',NULL,'2015-07-03 14:38:43',NULL,'2015-07-03 14:38:43',NULL,9,0,'0',2),(817,'ba6d5855-8fdf-4307-a01c-abd41ecefb69','是否静音','2015-07-03 14:38:43',NULL,'2015-07-03 14:38:43',NULL,'2015-07-03 14:38:43',NULL,10,0,'0',2),(818,'ba6d5855-8fdf-4307-a01c-abd41ecefb69','是否摆头','2015-07-03 14:38:43',NULL,'2015-07-03 14:38:43',NULL,'2015-07-03 14:38:43',NULL,11,0,'0',2),(819,'ba6d5855-8fdf-4307-a01c-abd41ecefb69','风速级别设置','2015-07-03 14:36:59',NULL,'2015-07-03 14:36:59',NULL,'2015-07-03 14:36:59',NULL,7,1,'0',7),(820,'ba6d5855-8fdf-4307-a01c-abd41ecefb69','风类设置','2015-07-03 14:36:59',NULL,'2015-07-03 14:36:59',NULL,'2015-07-03 14:36:59',NULL,9,1,'0',7),(821,'ba6d5855-8fdf-4307-a01c-abd41ecefb69','是否静音','2015-07-03 14:36:59',NULL,'2015-07-03 14:36:59',NULL,'2015-07-03 14:36:59',NULL,10,1,'0',7),(822,'ba6d5855-8fdf-4307-a01c-abd41ecefb69','是否摆头','2015-07-03 14:36:59',NULL,'2015-07-03 14:36:59',NULL,'2015-07-03 14:36:59',NULL,11,1,'0',7),(980,'19b2785c-a844-4fbb-84b5-86ce942e739a','声音','2015-07-03 16:15:13',NULL,'2015-07-03 16:15:13',NULL,'2015-07-03 16:15:13',NULL,2,1,'0',1),(981,'19b2785c-a844-4fbb-84b5-86ce942e739a','声音','2015-07-03 16:15:13',NULL,'2015-07-03 16:15:13',NULL,'2015-07-03 16:15:13',NULL,2,1,'0',3),(982,'19b2785c-a844-4fbb-84b5-86ce942e739a','声音','2015-07-03 16:15:13',NULL,'2015-07-03 16:15:13',NULL,'2015-07-03 16:15:13',NULL,2,1,'0',6),(1079,'37c48051-79ff-463f-aba2-ad77cecb9809','风速级别设置','2015-07-03 16:23:23',NULL,'2015-07-03 16:23:23',NULL,'2015-07-03 16:23:23',NULL,7,1,'0',2),(1080,'37c48051-79ff-463f-aba2-ad77cecb9809','风类设置','2015-07-03 16:23:23',NULL,'2015-07-03 16:23:23',NULL,'2015-07-03 16:23:23',NULL,9,1,'0',2),(1081,'37c48051-79ff-463f-aba2-ad77cecb9809','是否静音','2015-07-03 16:23:23',NULL,'2015-07-03 16:23:23',NULL,'2015-07-03 16:23:23',NULL,10,1,'0',2),(1082,'37c48051-79ff-463f-aba2-ad77cecb9809','是否摆头','2015-07-03 16:23:23',NULL,'2015-07-03 16:23:23',NULL,'2015-07-03 16:23:23',NULL,11,1,'0',2),(1083,'37c48051-79ff-463f-aba2-ad77cecb9809','风速级别设置','2015-07-03 16:23:23',NULL,'2015-07-03 16:23:23',NULL,'2015-07-03 16:23:23',NULL,7,1,'0',7),(1084,'37c48051-79ff-463f-aba2-ad77cecb9809','风类设置','2015-07-03 16:23:23',NULL,'2015-07-03 16:23:23',NULL,'2015-07-03 16:23:23',NULL,9,1,'0',7),(1085,'37c48051-79ff-463f-aba2-ad77cecb9809','是否静音','2015-07-03 16:23:23',NULL,'2015-07-03 16:23:23',NULL,'2015-07-03 16:23:23',NULL,10,1,'0',7),(1086,'37c48051-79ff-463f-aba2-ad77cecb9809','是否摆头','2015-07-03 16:23:23',NULL,'2015-07-03 16:23:23',NULL,'2015-07-03 16:23:23',NULL,11,1,'0',7),(1087,'ea0e8463-2fab-4c24-97a2-708a756bb178','风速级别设置','2015-07-03 16:23:34',NULL,'2015-07-03 16:23:34',NULL,'2015-07-03 16:23:34',NULL,7,1,'0',2),(1088,'ea0e8463-2fab-4c24-97a2-708a756bb178','风类设置','2015-07-03 16:23:34',NULL,'2015-07-03 16:23:34',NULL,'2015-07-03 16:23:34',NULL,9,1,'0',2),(1089,'ea0e8463-2fab-4c24-97a2-708a756bb178','是否静音','2015-07-03 16:23:34',NULL,'2015-07-03 16:23:34',NULL,'2015-07-03 16:23:34',NULL,10,1,'0',2),(1090,'ea0e8463-2fab-4c24-97a2-708a756bb178','是否摆头','2015-07-03 16:23:34',NULL,'2015-07-03 16:23:34',NULL,'2015-07-03 16:23:34',NULL,11,1,'0',2),(1091,'ea0e8463-2fab-4c24-97a2-708a756bb178','风速级别设置','2015-07-03 16:23:34',NULL,'2015-07-03 16:23:34',NULL,'2015-07-03 16:23:34',NULL,7,1,'0',7),(1092,'ea0e8463-2fab-4c24-97a2-708a756bb178','风类设置','2015-07-03 16:23:34',NULL,'2015-07-03 16:23:34',NULL,'2015-07-03 16:23:34',NULL,9,1,'0',7),(1093,'ea0e8463-2fab-4c24-97a2-708a756bb178','是否静音','2015-07-03 16:23:34',NULL,'2015-07-03 16:23:34',NULL,'2015-07-03 16:23:34',NULL,10,1,'0',7),(1094,'ea0e8463-2fab-4c24-97a2-708a756bb178','是否摆头','2015-07-03 16:23:34',NULL,'2015-07-03 16:23:34',NULL,'2015-07-03 16:23:34',NULL,11,1,'0',7),(1239,'a678c4a4-e611-4403-87fd-f43b0b0446bd','频道','2015-07-03 17:11:19',NULL,'2015-07-03 17:11:19',NULL,'2015-07-03 17:11:19',NULL,1,0,'090',1),(1240,'a678c4a4-e611-4403-87fd-f43b0b0446bd','声音','2015-07-03 17:11:19',NULL,'2015-07-03 17:11:19',NULL,'2015-07-03 17:11:19',NULL,2,0,'0',1),(1241,'a678c4a4-e611-4403-87fd-f43b0b0446bd','颜色','2015-07-03 17:11:19',NULL,'2015-07-03 17:11:19',NULL,'2015-07-03 17:11:19',NULL,3,0,'0',1),(1242,'a678c4a4-e611-4403-87fd-f43b0b0446bd','音量控制','2015-07-03 17:11:19',NULL,'2015-07-03 17:11:19',NULL,'2015-07-03 17:11:19',NULL,4,0,'0',1),(1243,'a678c4a4-e611-4403-87fd-f43b0b0446bd','频道','2015-07-03 16:38:14',NULL,'2015-07-03 16:38:14',NULL,'2015-07-03 16:38:14',NULL,1,1,'0',2),(1244,'a678c4a4-e611-4403-87fd-f43b0b0446bd','声音','2015-07-03 16:38:14',NULL,'2015-07-03 16:38:14',NULL,'2015-07-03 16:38:14',NULL,2,1,'0',2),(1245,'a678c4a4-e611-4403-87fd-f43b0b0446bd','颜色','2015-07-03 16:38:14',NULL,'2015-07-03 16:38:14',NULL,'2015-07-03 16:38:14',NULL,3,1,'0',2),(1246,'a678c4a4-e611-4403-87fd-f43b0b0446bd','音量控制','2015-07-03 16:38:14',NULL,'2015-07-03 16:38:14',NULL,'2015-07-03 16:38:14',NULL,4,1,'0',2),(1247,'a678c4a4-e611-4403-87fd-f43b0b0446bd','频道','2015-07-03 16:38:14',NULL,'2015-07-03 16:38:14',NULL,'2015-07-03 16:38:14',NULL,1,1,'0',5),(1248,'a678c4a4-e611-4403-87fd-f43b0b0446bd','声音','2015-07-03 16:38:14',NULL,'2015-07-03 16:38:14',NULL,'2015-07-03 16:38:14',NULL,2,1,'0',5),(1249,'a678c4a4-e611-4403-87fd-f43b0b0446bd','颜色','2015-07-03 16:38:14',NULL,'2015-07-03 16:38:14',NULL,'2015-07-03 16:38:14',NULL,3,1,'0',5),(1250,'a678c4a4-e611-4403-87fd-f43b0b0446bd','音量控制','2015-07-03 16:38:14',NULL,'2015-07-03 16:38:14',NULL,'2015-07-03 16:38:14',NULL,4,1,'0',5),(1251,'5c72a57f-180c-40e4-8d43-80f46b9912fb','频道','2015-07-03 17:12:30',NULL,'2015-07-03 17:12:30',NULL,'2015-07-03 17:12:30',NULL,1,0,'009',1),(1252,'5c72a57f-180c-40e4-8d43-80f46b9912fb','声音','2015-07-03 17:12:30',NULL,'2015-07-03 17:12:30',NULL,'2015-07-03 17:12:30',NULL,2,0,'0',1),(1253,'5c72a57f-180c-40e4-8d43-80f46b9912fb','颜色','2015-07-03 17:12:30',NULL,'2015-07-03 17:12:30',NULL,'2015-07-03 17:12:30',NULL,3,0,'0',1),(1254,'5c72a57f-180c-40e4-8d43-80f46b9912fb','音量控制','2015-07-03 17:12:30',NULL,'2015-07-03 17:12:30',NULL,'2015-07-03 17:12:30',NULL,4,0,'0',1),(1255,'5c72a57f-180c-40e4-8d43-80f46b9912fb','频道','2015-07-03 16:41:37',NULL,'2015-07-03 16:41:37',NULL,'2015-07-03 16:41:37',NULL,1,1,'0',2),(1256,'5c72a57f-180c-40e4-8d43-80f46b9912fb','声音','2015-07-03 16:41:37',NULL,'2015-07-03 16:41:37',NULL,'2015-07-03 16:41:37',NULL,2,1,'0',2),(1257,'5c72a57f-180c-40e4-8d43-80f46b9912fb','颜色','2015-07-03 16:41:37',NULL,'2015-07-03 16:41:37',NULL,'2015-07-03 16:41:37',NULL,3,1,'0',2),(1258,'5c72a57f-180c-40e4-8d43-80f46b9912fb','音量控制','2015-07-03 16:41:37',NULL,'2015-07-03 16:41:37',NULL,'2015-07-03 16:41:37',NULL,4,1,'0',2),(1259,'5c72a57f-180c-40e4-8d43-80f46b9912fb','频道','2015-07-03 16:41:37',NULL,'2015-07-03 16:41:37',NULL,'2015-07-03 16:41:37',NULL,1,1,'0',5),(1260,'5c72a57f-180c-40e4-8d43-80f46b9912fb','声音','2015-07-03 16:41:37',NULL,'2015-07-03 16:41:37',NULL,'2015-07-03 16:41:37',NULL,2,1,'0',5),(1261,'5c72a57f-180c-40e4-8d43-80f46b9912fb','颜色','2015-07-03 16:41:37',NULL,'2015-07-03 16:41:37',NULL,'2015-07-03 16:41:37',NULL,3,1,'0',5),(1262,'5c72a57f-180c-40e4-8d43-80f46b9912fb','音量控制','2015-07-03 16:41:37',NULL,'2015-07-03 16:41:37',NULL,'2015-07-03 16:41:37',NULL,4,1,'0',5),(1263,'0252aedb-6bdc-4990-9fe1-8dc9fe3f69ac','频道','2015-07-03 17:12:30',NULL,'2015-07-03 17:12:30',NULL,'2015-07-03 17:12:30',NULL,1,0,'001',1),(1264,'0252aedb-6bdc-4990-9fe1-8dc9fe3f69ac','声音','2015-07-03 17:12:30',NULL,'2015-07-03 17:12:30',NULL,'2015-07-03 17:12:30',NULL,2,0,'0',1),(1265,'0252aedb-6bdc-4990-9fe1-8dc9fe3f69ac','颜色','2015-07-03 17:12:30',NULL,'2015-07-03 17:12:30',NULL,'2015-07-03 17:12:30',NULL,3,0,'0',1),(1266,'0252aedb-6bdc-4990-9fe1-8dc9fe3f69ac','音量控制','2015-07-03 17:12:30',NULL,'2015-07-03 17:12:30',NULL,'2015-07-03 17:12:30',NULL,4,0,'0',1),(1267,'0252aedb-6bdc-4990-9fe1-8dc9fe3f69ac','频道','2015-07-03 16:43:16',NULL,'2015-07-03 16:43:16',NULL,'2015-07-03 16:43:16',NULL,1,1,'0',2),(1268,'0252aedb-6bdc-4990-9fe1-8dc9fe3f69ac','声音','2015-07-03 16:43:16',NULL,'2015-07-03 16:43:16',NULL,'2015-07-03 16:43:16',NULL,2,1,'0',2),(1269,'0252aedb-6bdc-4990-9fe1-8dc9fe3f69ac','颜色','2015-07-03 16:43:16',NULL,'2015-07-03 16:43:16',NULL,'2015-07-03 16:43:16',NULL,3,1,'0',2),(1270,'0252aedb-6bdc-4990-9fe1-8dc9fe3f69ac','音量控制','2015-07-03 16:43:16',NULL,'2015-07-03 16:43:16',NULL,'2015-07-03 16:43:16',NULL,4,1,'0',2),(1271,'0252aedb-6bdc-4990-9fe1-8dc9fe3f69ac','频道','2015-07-03 16:43:16',NULL,'2015-07-03 16:43:16',NULL,'2015-07-03 16:43:16',NULL,1,1,'0',5),(1272,'0252aedb-6bdc-4990-9fe1-8dc9fe3f69ac','声音','2015-07-03 16:43:16',NULL,'2015-07-03 16:43:16',NULL,'2015-07-03 16:43:16',NULL,2,1,'0',5),(1273,'0252aedb-6bdc-4990-9fe1-8dc9fe3f69ac','颜色','2015-07-03 16:43:16',NULL,'2015-07-03 16:43:16',NULL,'2015-07-03 16:43:16',NULL,3,1,'0',5),(1274,'0252aedb-6bdc-4990-9fe1-8dc9fe3f69ac','音量控制','2015-07-03 16:43:16',NULL,'2015-07-03 16:43:16',NULL,'2015-07-03 16:43:16',NULL,4,1,'0',5),(1275,'6303b0d0-7a2c-4d2e-9a46-e55100401a97','频道','2015-07-03 16:44:13',NULL,'2015-07-03 16:44:13',NULL,'2015-07-03 16:44:13',NULL,1,1,'0',1),(1276,'6303b0d0-7a2c-4d2e-9a46-e55100401a97','声音','2015-07-03 16:44:13',NULL,'2015-07-03 16:44:13',NULL,'2015-07-03 16:44:13',NULL,2,1,'0',1),(1277,'6303b0d0-7a2c-4d2e-9a46-e55100401a97','颜色','2015-07-03 16:44:13',NULL,'2015-07-03 16:44:13',NULL,'2015-07-03 16:44:13',NULL,3,1,'0',1),(1278,'6303b0d0-7a2c-4d2e-9a46-e55100401a97','音量控制','2015-07-03 16:44:13',NULL,'2015-07-03 16:44:13',NULL,'2015-07-03 16:44:13',NULL,4,1,'0',1),(1279,'6303b0d0-7a2c-4d2e-9a46-e55100401a97','频道','2015-07-03 16:44:13',NULL,'2015-07-03 16:44:13',NULL,'2015-07-03 16:44:13',NULL,1,1,'0',2),(1280,'6303b0d0-7a2c-4d2e-9a46-e55100401a97','声音','2015-07-03 16:44:13',NULL,'2015-07-03 16:44:13',NULL,'2015-07-03 16:44:13',NULL,2,1,'0',2),(1281,'6303b0d0-7a2c-4d2e-9a46-e55100401a97','颜色','2015-07-03 16:44:13',NULL,'2015-07-03 16:44:13',NULL,'2015-07-03 16:44:13',NULL,3,1,'0',2),(1282,'6303b0d0-7a2c-4d2e-9a46-e55100401a97','音量控制','2015-07-03 16:44:13',NULL,'2015-07-03 16:44:13',NULL,'2015-07-03 16:44:13',NULL,4,1,'0',2),(1283,'6303b0d0-7a2c-4d2e-9a46-e55100401a97','频道','2015-07-03 16:44:13',NULL,'2015-07-03 16:44:13',NULL,'2015-07-03 16:44:13',NULL,1,1,'0',5),(1284,'6303b0d0-7a2c-4d2e-9a46-e55100401a97','声音','2015-07-03 16:44:13',NULL,'2015-07-03 16:44:13',NULL,'2015-07-03 16:44:13',NULL,2,1,'0',5),(1285,'6303b0d0-7a2c-4d2e-9a46-e55100401a97','颜色','2015-07-03 16:44:13',NULL,'2015-07-03 16:44:13',NULL,'2015-07-03 16:44:13',NULL,3,1,'0',5),(1286,'6303b0d0-7a2c-4d2e-9a46-e55100401a97','音量控制','2015-07-03 16:44:13',NULL,'2015-07-03 16:44:13',NULL,'2015-07-03 16:44:13',NULL,4,1,'0',5),(1287,'118a0bc0-ab6f-4cf8-94ea-42396c436b97','频道','2015-07-03 16:45:53',NULL,'2015-07-03 16:45:53',NULL,'2015-07-03 16:45:53',NULL,1,1,'0',1),(1288,'118a0bc0-ab6f-4cf8-94ea-42396c436b97','声音','2015-07-03 16:45:53',NULL,'2015-07-03 16:45:53',NULL,'2015-07-03 16:45:53',NULL,2,1,'0',1),(1289,'118a0bc0-ab6f-4cf8-94ea-42396c436b97','颜色','2015-07-03 16:45:53',NULL,'2015-07-03 16:45:53',NULL,'2015-07-03 16:45:53',NULL,3,1,'0',1),(1290,'118a0bc0-ab6f-4cf8-94ea-42396c436b97','音量控制','2015-07-03 16:45:53',NULL,'2015-07-03 16:45:53',NULL,'2015-07-03 16:45:53',NULL,4,1,'0',1),(1291,'118a0bc0-ab6f-4cf8-94ea-42396c436b97','频道','2015-07-03 16:45:53',NULL,'2015-07-03 16:45:53',NULL,'2015-07-03 16:45:53',NULL,1,1,'0',2),(1292,'118a0bc0-ab6f-4cf8-94ea-42396c436b97','声音','2015-07-03 16:45:53',NULL,'2015-07-03 16:45:53',NULL,'2015-07-03 16:45:53',NULL,2,1,'0',2),(1293,'118a0bc0-ab6f-4cf8-94ea-42396c436b97','颜色','2015-07-03 16:45:53',NULL,'2015-07-03 16:45:53',NULL,'2015-07-03 16:45:53',NULL,3,1,'0',2),(1294,'118a0bc0-ab6f-4cf8-94ea-42396c436b97','音量控制','2015-07-03 16:45:53',NULL,'2015-07-03 16:45:53',NULL,'2015-07-03 16:45:53',NULL,4,1,'0',2),(1295,'118a0bc0-ab6f-4cf8-94ea-42396c436b97','频道','2015-07-03 16:45:53',NULL,'2015-07-03 16:45:53',NULL,'2015-07-03 16:45:53',NULL,1,1,'0',5),(1296,'118a0bc0-ab6f-4cf8-94ea-42396c436b97','声音','2015-07-03 16:45:53',NULL,'2015-07-03 16:45:53',NULL,'2015-07-03 16:45:53',NULL,2,1,'0',5),(1297,'118a0bc0-ab6f-4cf8-94ea-42396c436b97','颜色','2015-07-03 16:45:53',NULL,'2015-07-03 16:45:53',NULL,'2015-07-03 16:45:53',NULL,3,1,'0',5),(1298,'118a0bc0-ab6f-4cf8-94ea-42396c436b97','音量控制','2015-07-03 16:45:53',NULL,'2015-07-03 16:45:53',NULL,'2015-07-03 16:45:53',NULL,4,1,'0',5),(1299,'e9c3b330-f8cf-4b83-9c2b-7a1ad22e4e77','频道','2015-07-03 16:45:58',NULL,'2015-07-03 16:45:58',NULL,'2015-07-03 16:45:58',NULL,1,1,'0',1),(1300,'e9c3b330-f8cf-4b83-9c2b-7a1ad22e4e77','声音','2015-07-03 16:45:58',NULL,'2015-07-03 16:45:58',NULL,'2015-07-03 16:45:58',NULL,2,1,'0',1),(1301,'e9c3b330-f8cf-4b83-9c2b-7a1ad22e4e77','颜色','2015-07-03 16:45:58',NULL,'2015-07-03 16:45:58',NULL,'2015-07-03 16:45:58',NULL,3,1,'0',1),(1302,'e9c3b330-f8cf-4b83-9c2b-7a1ad22e4e77','音量控制','2015-07-03 16:45:58',NULL,'2015-07-03 16:45:58',NULL,'2015-07-03 16:45:58',NULL,4,1,'0',1),(1303,'e9c3b330-f8cf-4b83-9c2b-7a1ad22e4e77','频道','2015-07-03 16:45:58',NULL,'2015-07-03 16:45:58',NULL,'2015-07-03 16:45:58',NULL,1,1,'0',2),(1304,'e9c3b330-f8cf-4b83-9c2b-7a1ad22e4e77','声音','2015-07-03 16:45:58',NULL,'2015-07-03 16:45:58',NULL,'2015-07-03 16:45:58',NULL,2,1,'0',2),(1305,'e9c3b330-f8cf-4b83-9c2b-7a1ad22e4e77','颜色','2015-07-03 16:45:58',NULL,'2015-07-03 16:45:58',NULL,'2015-07-03 16:45:58',NULL,3,1,'0',2),(1306,'e9c3b330-f8cf-4b83-9c2b-7a1ad22e4e77','音量控制','2015-07-03 16:45:58',NULL,'2015-07-03 16:45:58',NULL,'2015-07-03 16:45:58',NULL,4,1,'0',2),(1307,'e9c3b330-f8cf-4b83-9c2b-7a1ad22e4e77','频道','2015-07-03 16:45:58',NULL,'2015-07-03 16:45:58',NULL,'2015-07-03 16:45:58',NULL,1,1,'0',5),(1308,'e9c3b330-f8cf-4b83-9c2b-7a1ad22e4e77','声音','2015-07-03 16:45:58',NULL,'2015-07-03 16:45:58',NULL,'2015-07-03 16:45:58',NULL,2,1,'0',5),(1309,'e9c3b330-f8cf-4b83-9c2b-7a1ad22e4e77','颜色','2015-07-03 16:45:58',NULL,'2015-07-03 16:45:58',NULL,'2015-07-03 16:45:58',NULL,3,1,'0',5),(1310,'e9c3b330-f8cf-4b83-9c2b-7a1ad22e4e77','音量控制','2015-07-03 16:45:58',NULL,'2015-07-03 16:45:58',NULL,'2015-07-03 16:45:58',NULL,4,1,'0',5),(1407,'a6fe3c8e-28c9-4dc9-b5dc-adc9008b3caa','音量控制','2015-07-03 17:06:08',NULL,'2015-07-03 17:06:08',NULL,'2015-07-03 17:06:08',NULL,4,1,'0',4),(1408,'a6fe3c8e-28c9-4dc9-b5dc-adc9008b3caa','投影比例','2015-07-03 17:06:08',NULL,'2015-07-03 17:06:08',NULL,'2015-07-03 17:06:08',NULL,12,1,'0',4),(1409,'5dc7cdf6-cfcc-40a7-82a0-ac9647661159','音量控制','2015-07-03 17:06:30',NULL,'2015-07-03 17:06:30',NULL,'2015-07-03 17:06:30',NULL,4,1,'0',4),(1410,'5dc7cdf6-cfcc-40a7-82a0-ac9647661159','投影比例','2015-07-03 17:06:30',NULL,'2015-07-03 17:06:30',NULL,'2015-07-03 17:06:30',NULL,12,1,'0',4),(1411,'1bfc2cef-a476-4253-8861-025a22bc642e','模式','2015-07-03 17:08:08',NULL,'2015-07-03 17:08:08',NULL,'2015-07-03 17:08:08',NULL,5,1,'0',1),(1412,'1bfc2cef-a476-4253-8861-025a22bc642e','是否扫风','2015-07-03 17:08:08',NULL,'2015-07-03 17:08:08',NULL,'2015-07-03 17:08:08',NULL,6,1,'0',1),(1413,'1bfc2cef-a476-4253-8861-025a22bc642e','风速级别设置','2015-07-03 17:08:08',NULL,'2015-07-03 17:08:08',NULL,'2015-07-03 17:08:08',NULL,7,1,'0',1),(1414,'1bfc2cef-a476-4253-8861-025a22bc642e','温度设置','2015-07-03 17:08:08',NULL,'2015-07-03 17:08:08',NULL,'2015-07-03 17:08:08',NULL,8,1,'0',1),(1415,'1bfc2cef-a476-4253-8861-025a22bc642e','模式','2015-07-03 17:08:08',NULL,'2015-07-03 17:08:08',NULL,'2015-07-03 17:08:08',NULL,5,1,'0',2),(1416,'1bfc2cef-a476-4253-8861-025a22bc642e','是否扫风','2015-07-03 17:08:08',NULL,'2015-07-03 17:08:08',NULL,'2015-07-03 17:08:08',NULL,6,1,'0',2),(1417,'1bfc2cef-a476-4253-8861-025a22bc642e','风速级别设置','2015-07-03 17:08:08',NULL,'2015-07-03 17:08:08',NULL,'2015-07-03 17:08:08',NULL,7,1,'0',2),(1418,'1bfc2cef-a476-4253-8861-025a22bc642e','温度设置','2015-07-03 17:08:08',NULL,'2015-07-03 17:08:08',NULL,'2015-07-03 17:08:08',NULL,8,1,'0',2),(1419,'1bfc2cef-a476-4253-8861-025a22bc642e','模式','2015-07-03 17:08:08',NULL,'2015-07-03 17:08:08',NULL,'2015-07-03 17:08:08',NULL,5,1,'0',7),(1420,'1bfc2cef-a476-4253-8861-025a22bc642e','是否扫风','2015-07-03 17:08:08',NULL,'2015-07-03 17:08:08',NULL,'2015-07-03 17:08:08',NULL,6,1,'0',7),(1421,'1bfc2cef-a476-4253-8861-025a22bc642e','风速级别设置','2015-07-03 17:08:08',NULL,'2015-07-03 17:08:08',NULL,'2015-07-03 17:08:08',NULL,7,1,'0',7),(1422,'1bfc2cef-a476-4253-8861-025a22bc642e','温度设置','2015-07-03 17:08:08',NULL,'2015-07-03 17:08:08',NULL,'2015-07-03 17:08:08',NULL,8,1,'0',7),(1423,'3bb0f967-1b11-46ae-9973-a051de8eff3a','频道','2015-07-03 17:10:18',NULL,'2015-07-03 17:10:18',NULL,'2015-07-03 17:10:18',NULL,1,1,'0',1),(1424,'3bb0f967-1b11-46ae-9973-a051de8eff3a','声音','2015-07-03 17:10:18',NULL,'2015-07-03 17:10:18',NULL,'2015-07-03 17:10:18',NULL,2,1,'0',1),(1425,'3bb0f967-1b11-46ae-9973-a051de8eff3a','颜色','2015-07-03 17:10:18',NULL,'2015-07-03 17:10:18',NULL,'2015-07-03 17:10:18',NULL,3,1,'0',1),(1426,'3bb0f967-1b11-46ae-9973-a051de8eff3a','音量控制','2015-07-03 17:10:18',NULL,'2015-07-03 17:10:18',NULL,'2015-07-03 17:10:18',NULL,4,1,'0',1),(1427,'3bb0f967-1b11-46ae-9973-a051de8eff3a','频道','2015-07-03 17:10:18',NULL,'2015-07-03 17:10:18',NULL,'2015-07-03 17:10:18',NULL,1,1,'0',2),(1428,'3bb0f967-1b11-46ae-9973-a051de8eff3a','声音','2015-07-03 17:10:18',NULL,'2015-07-03 17:10:18',NULL,'2015-07-03 17:10:18',NULL,2,1,'0',2),(1429,'3bb0f967-1b11-46ae-9973-a051de8eff3a','颜色','2015-07-03 17:10:18',NULL,'2015-07-03 17:10:18',NULL,'2015-07-03 17:10:18',NULL,3,1,'0',2),(1430,'3bb0f967-1b11-46ae-9973-a051de8eff3a','音量控制','2015-07-03 17:10:18',NULL,'2015-07-03 17:10:18',NULL,'2015-07-03 17:10:18',NULL,4,1,'0',2),(1431,'3bb0f967-1b11-46ae-9973-a051de8eff3a','频道','2015-07-03 17:10:18',NULL,'2015-07-03 17:10:18',NULL,'2015-07-03 17:10:18',NULL,1,1,'0',5),(1432,'3bb0f967-1b11-46ae-9973-a051de8eff3a','声音','2015-07-03 17:10:18',NULL,'2015-07-03 17:10:18',NULL,'2015-07-03 17:10:18',NULL,2,1,'0',5),(1433,'3bb0f967-1b11-46ae-9973-a051de8eff3a','颜色','2015-07-03 17:10:18',NULL,'2015-07-03 17:10:18',NULL,'2015-07-03 17:10:18',NULL,3,1,'0',5),(1434,'3bb0f967-1b11-46ae-9973-a051de8eff3a','音量控制','2015-07-03 17:10:18',NULL,'2015-07-03 17:10:18',NULL,'2015-07-03 17:10:18',NULL,4,1,'0',5),(1435,'fafbc41a-7962-4149-9ede-0455374e8cc8','频道','2015-07-03 17:10:26',NULL,'2015-07-03 17:10:26',NULL,'2015-07-03 17:10:26',NULL,1,1,'0',1),(1436,'fafbc41a-7962-4149-9ede-0455374e8cc8','声音','2015-07-03 17:10:26',NULL,'2015-07-03 17:10:26',NULL,'2015-07-03 17:10:26',NULL,2,1,'0',1),(1437,'fafbc41a-7962-4149-9ede-0455374e8cc8','颜色','2015-07-03 17:10:26',NULL,'2015-07-03 17:10:26',NULL,'2015-07-03 17:10:26',NULL,3,1,'0',1),(1438,'fafbc41a-7962-4149-9ede-0455374e8cc8','音量控制','2015-07-03 17:10:26',NULL,'2015-07-03 17:10:26',NULL,'2015-07-03 17:10:26',NULL,4,1,'0',1),(1439,'fafbc41a-7962-4149-9ede-0455374e8cc8','频道','2015-07-03 17:10:26',NULL,'2015-07-03 17:10:26',NULL,'2015-07-03 17:10:26',NULL,1,1,'0',2),(1440,'fafbc41a-7962-4149-9ede-0455374e8cc8','声音','2015-07-03 17:10:26',NULL,'2015-07-03 17:10:26',NULL,'2015-07-03 17:10:26',NULL,2,1,'0',2),(1441,'fafbc41a-7962-4149-9ede-0455374e8cc8','颜色','2015-07-03 17:10:26',NULL,'2015-07-03 17:10:26',NULL,'2015-07-03 17:10:26',NULL,3,1,'0',2),(1442,'fafbc41a-7962-4149-9ede-0455374e8cc8','音量控制','2015-07-03 17:10:26',NULL,'2015-07-03 17:10:26',NULL,'2015-07-03 17:10:26',NULL,4,1,'0',2),(1443,'fafbc41a-7962-4149-9ede-0455374e8cc8','频道','2015-07-03 17:10:26',NULL,'2015-07-03 17:10:26',NULL,'2015-07-03 17:10:26',NULL,1,1,'0',5),(1444,'fafbc41a-7962-4149-9ede-0455374e8cc8','声音','2015-07-03 17:10:26',NULL,'2015-07-03 17:10:26',NULL,'2015-07-03 17:10:26',NULL,2,1,'0',5),(1445,'fafbc41a-7962-4149-9ede-0455374e8cc8','颜色','2015-07-03 17:10:26',NULL,'2015-07-03 17:10:26',NULL,'2015-07-03 17:10:26',NULL,3,1,'0',5),(1446,'fafbc41a-7962-4149-9ede-0455374e8cc8','音量控制','2015-07-03 17:10:26',NULL,'2015-07-03 17:10:26',NULL,'2015-07-03 17:10:26',NULL,4,1,'0',5),(1447,'58ae7c04-9512-4868-bfd6-4596ce8123bd','频道','2015-07-03 17:10:36',NULL,'2015-07-03 17:10:36',NULL,'2015-07-03 17:10:36',NULL,1,1,'0',1),(1448,'58ae7c04-9512-4868-bfd6-4596ce8123bd','声音','2015-07-03 17:10:36',NULL,'2015-07-03 17:10:36',NULL,'2015-07-03 17:10:36',NULL,2,1,'0',1),(1449,'58ae7c04-9512-4868-bfd6-4596ce8123bd','颜色','2015-07-03 17:10:36',NULL,'2015-07-03 17:10:36',NULL,'2015-07-03 17:10:36',NULL,3,1,'0',1),(1450,'58ae7c04-9512-4868-bfd6-4596ce8123bd','音量控制','2015-07-03 17:10:36',NULL,'2015-07-03 17:10:36',NULL,'2015-07-03 17:10:36',NULL,4,1,'0',1),(1451,'58ae7c04-9512-4868-bfd6-4596ce8123bd','频道','2015-07-03 17:10:36',NULL,'2015-07-03 17:10:36',NULL,'2015-07-03 17:10:36',NULL,1,1,'0',2),(1452,'58ae7c04-9512-4868-bfd6-4596ce8123bd','声音','2015-07-03 17:10:36',NULL,'2015-07-03 17:10:36',NULL,'2015-07-03 17:10:36',NULL,2,1,'0',2),(1453,'58ae7c04-9512-4868-bfd6-4596ce8123bd','颜色','2015-07-03 17:10:36',NULL,'2015-07-03 17:10:36',NULL,'2015-07-03 17:10:36',NULL,3,1,'0',2),(1454,'58ae7c04-9512-4868-bfd6-4596ce8123bd','音量控制','2015-07-03 17:10:36',NULL,'2015-07-03 17:10:36',NULL,'2015-07-03 17:10:36',NULL,4,1,'0',2),(1455,'58ae7c04-9512-4868-bfd6-4596ce8123bd','频道','2015-07-03 17:10:36',NULL,'2015-07-03 17:10:36',NULL,'2015-07-03 17:10:36',NULL,1,1,'0',5),(1456,'58ae7c04-9512-4868-bfd6-4596ce8123bd','声音','2015-07-03 17:10:36',NULL,'2015-07-03 17:10:36',NULL,'2015-07-03 17:10:36',NULL,2,1,'0',5),(1457,'58ae7c04-9512-4868-bfd6-4596ce8123bd','颜色','2015-07-03 17:10:36',NULL,'2015-07-03 17:10:36',NULL,'2015-07-03 17:10:36',NULL,3,1,'0',5),(1458,'58ae7c04-9512-4868-bfd6-4596ce8123bd','音量控制','2015-07-03 17:10:36',NULL,'2015-07-03 17:10:36',NULL,'2015-07-03 17:10:36',NULL,4,1,'0',5),(1459,'4794afa9-964f-4282-9f17-b6c11bb73cfd','频道','2015-07-03 17:14:36',NULL,'2015-07-03 17:14:36',NULL,'2015-07-03 17:14:36',NULL,1,1,'0',1),(1460,'4794afa9-964f-4282-9f17-b6c11bb73cfd','声音','2015-07-03 17:14:36',NULL,'2015-07-03 17:14:36',NULL,'2015-07-03 17:14:36',NULL,2,1,'0',1),(1461,'4794afa9-964f-4282-9f17-b6c11bb73cfd','颜色','2015-07-03 17:14:36',NULL,'2015-07-03 17:14:36',NULL,'2015-07-03 17:14:36',NULL,3,1,'0',1),(1462,'4794afa9-964f-4282-9f17-b6c11bb73cfd','音量控制','2015-07-03 17:14:36',NULL,'2015-07-03 17:14:36',NULL,'2015-07-03 17:14:36',NULL,4,1,'0',1),(1463,'4794afa9-964f-4282-9f17-b6c11bb73cfd','频道','2015-07-03 17:14:36',NULL,'2015-07-03 17:14:36',NULL,'2015-07-03 17:14:36',NULL,1,1,'0',2),(1464,'4794afa9-964f-4282-9f17-b6c11bb73cfd','声音','2015-07-03 17:14:36',NULL,'2015-07-03 17:14:36',NULL,'2015-07-03 17:14:36',NULL,2,1,'0',2),(1465,'4794afa9-964f-4282-9f17-b6c11bb73cfd','颜色','2015-07-03 17:14:36',NULL,'2015-07-03 17:14:36',NULL,'2015-07-03 17:14:36',NULL,3,1,'0',2),(1466,'4794afa9-964f-4282-9f17-b6c11bb73cfd','音量控制','2015-07-03 17:14:36',NULL,'2015-07-03 17:14:36',NULL,'2015-07-03 17:14:36',NULL,4,1,'0',2),(1467,'4794afa9-964f-4282-9f17-b6c11bb73cfd','频道','2015-07-03 17:14:36',NULL,'2015-07-03 17:14:36',NULL,'2015-07-03 17:14:36',NULL,1,1,'0',5),(1468,'4794afa9-964f-4282-9f17-b6c11bb73cfd','声音','2015-07-03 17:14:36',NULL,'2015-07-03 17:14:36',NULL,'2015-07-03 17:14:36',NULL,2,1,'0',5),(1469,'4794afa9-964f-4282-9f17-b6c11bb73cfd','颜色','2015-07-03 17:14:36',NULL,'2015-07-03 17:14:36',NULL,'2015-07-03 17:14:36',NULL,3,1,'0',5),(1470,'4794afa9-964f-4282-9f17-b6c11bb73cfd','音量控制','2015-07-03 17:14:36',NULL,'2015-07-03 17:14:36',NULL,'2015-07-03 17:14:36',NULL,4,1,'0',5),(1498,'ca1d7422-4cfe-418a-9df8-7d0496b02cb2','音量控制','2015-07-23 16:02:18',NULL,'2015-07-23 16:02:18',NULL,'2015-07-23 16:02:18',NULL,4,0,'0',4),(1499,'ca1d7422-4cfe-418a-9df8-7d0496b02cb2','投影比例','2015-07-23 16:02:18',NULL,'2015-07-23 16:02:18',NULL,'2015-07-23 16:02:18',NULL,12,0,'0',4),(1523,'049a9648-6158-4842-b7ba-884e314172c1','音量控制','2015-07-03 18:28:37',NULL,'2015-07-03 18:28:37',NULL,'2015-07-03 18:28:37',NULL,4,1,'0',3),(1532,'71c48bc2-e5b0-4ba8-8b52-d4d828d66305','频道','2015-07-09 10:27:18',NULL,'2015-07-09 10:27:18',NULL,'2015-07-09 10:27:18',NULL,1,1,'0',1),(1533,'71c48bc2-e5b0-4ba8-8b52-d4d828d66305','声音','2015-07-09 10:27:18',NULL,'2015-07-09 10:27:18',NULL,'2015-07-09 10:27:18',NULL,2,1,'0',1),(1534,'71c48bc2-e5b0-4ba8-8b52-d4d828d66305','颜色','2015-07-09 10:27:18',NULL,'2015-07-09 10:27:18',NULL,'2015-07-09 10:27:18',NULL,3,1,'0',1),(1535,'71c48bc2-e5b0-4ba8-8b52-d4d828d66305','音量控制','2015-07-09 10:27:18',NULL,'2015-07-09 10:27:18',NULL,'2015-07-09 10:27:18',NULL,4,1,'0',1),(1536,'71c48bc2-e5b0-4ba8-8b52-d4d828d66305','频道','2015-07-09 10:27:18',NULL,'2015-07-09 10:27:18',NULL,'2015-07-09 10:27:18',NULL,1,1,'0',2),(1537,'71c48bc2-e5b0-4ba8-8b52-d4d828d66305','声音','2015-07-09 10:27:18',NULL,'2015-07-09 10:27:18',NULL,'2015-07-09 10:27:18',NULL,2,1,'0',2),(1538,'71c48bc2-e5b0-4ba8-8b52-d4d828d66305','颜色','2015-07-09 10:27:18',NULL,'2015-07-09 10:27:18',NULL,'2015-07-09 10:27:18',NULL,3,1,'0',2),(1539,'71c48bc2-e5b0-4ba8-8b52-d4d828d66305','音量控制','2015-07-09 10:27:18',NULL,'2015-07-09 10:27:18',NULL,'2015-07-09 10:27:18',NULL,4,1,'0',2),(1540,'71c48bc2-e5b0-4ba8-8b52-d4d828d66305','频道','2015-07-09 10:30:45',NULL,'2015-07-09 10:30:45',NULL,'2015-07-09 10:30:45',NULL,1,0,'0',5),(1541,'71c48bc2-e5b0-4ba8-8b52-d4d828d66305','声音','2015-07-09 10:30:45',NULL,'2015-07-09 10:30:45',NULL,'2015-07-09 10:30:45',NULL,2,0,'0',5),(1542,'71c48bc2-e5b0-4ba8-8b52-d4d828d66305','颜色','2015-07-09 10:30:45',NULL,'2015-07-09 10:30:45',NULL,'2015-07-09 10:30:45',NULL,3,0,'0',5),(1543,'71c48bc2-e5b0-4ba8-8b52-d4d828d66305','音量控制','2015-07-09 10:30:45',NULL,'2015-07-09 10:30:45',NULL,'2015-07-09 10:30:45',NULL,4,0,'0',5),(1544,'90e256f0-34cf-4baf-bfa1-65d2a0d18392','音量控制','2015-07-09 10:44:51',NULL,'2015-07-09 10:44:51',NULL,'2015-07-09 10:44:51',NULL,4,1,'0',3),(1545,'4412682a-292f-486e-a35a-62b21cdac39d','模式','2015-07-09 11:02:11',NULL,'2015-07-09 11:02:11',NULL,'2015-07-09 11:02:11',NULL,5,1,'0',1),(1546,'4412682a-292f-486e-a35a-62b21cdac39d','是否扫风','2015-07-09 11:02:11',NULL,'2015-07-09 11:02:11',NULL,'2015-07-09 11:02:11',NULL,6,1,'0',1),(1547,'4412682a-292f-486e-a35a-62b21cdac39d','风速级别设置','2015-07-09 11:02:11',NULL,'2015-07-09 11:02:11',NULL,'2015-07-09 11:02:11',NULL,7,1,'0',1),(1548,'4412682a-292f-486e-a35a-62b21cdac39d','温度设置','2015-07-09 11:02:11',NULL,'2015-07-09 11:02:11',NULL,'2015-07-09 11:02:11',NULL,8,1,'0',1),(1549,'4412682a-292f-486e-a35a-62b21cdac39d','模式','2015-07-09 11:02:11',NULL,'2015-07-09 11:02:11',NULL,'2015-07-09 11:02:11',NULL,5,1,'0',2),(1550,'4412682a-292f-486e-a35a-62b21cdac39d','是否扫风','2015-07-09 11:02:11',NULL,'2015-07-09 11:02:11',NULL,'2015-07-09 11:02:11',NULL,6,1,'0',2),(1551,'4412682a-292f-486e-a35a-62b21cdac39d','风速级别设置','2015-07-09 11:02:11',NULL,'2015-07-09 11:02:11',NULL,'2015-07-09 11:02:11',NULL,7,1,'0',2),(1552,'4412682a-292f-486e-a35a-62b21cdac39d','温度设置','2015-07-09 11:02:11',NULL,'2015-07-09 11:02:11',NULL,'2015-07-09 11:02:11',NULL,8,1,'0',2),(1553,'4412682a-292f-486e-a35a-62b21cdac39d','模式','2015-07-09 11:02:11',NULL,'2015-07-09 11:02:11',NULL,'2015-07-09 11:02:11',NULL,5,1,'0',7),(1554,'4412682a-292f-486e-a35a-62b21cdac39d','是否扫风','2015-07-09 11:02:11',NULL,'2015-07-09 11:02:11',NULL,'2015-07-09 11:02:11',NULL,6,1,'0',7),(1555,'4412682a-292f-486e-a35a-62b21cdac39d','风速级别设置','2015-07-09 11:02:11',NULL,'2015-07-09 11:02:11',NULL,'2015-07-09 11:02:11',NULL,7,1,'0',7),(1556,'4412682a-292f-486e-a35a-62b21cdac39d','温度设置','2015-07-09 11:02:11',NULL,'2015-07-09 11:02:11',NULL,'2015-07-09 11:02:11',NULL,8,1,'0',7),(1557,'8a19beb0-8962-48c9-8848-86b63dd718b5','风速级别设置','2015-07-09 11:03:32',NULL,'2015-07-09 11:03:32',NULL,'2015-07-09 11:03:32',NULL,7,1,'0',2),(1558,'8a19beb0-8962-48c9-8848-86b63dd718b5','风类设置','2015-07-09 11:03:32',NULL,'2015-07-09 11:03:32',NULL,'2015-07-09 11:03:32',NULL,9,1,'0',2),(1559,'8a19beb0-8962-48c9-8848-86b63dd718b5','是否静音','2015-07-09 11:03:32',NULL,'2015-07-09 11:03:32',NULL,'2015-07-09 11:03:32',NULL,10,1,'0',2),(1560,'8a19beb0-8962-48c9-8848-86b63dd718b5','是否摆头','2015-07-09 11:03:32',NULL,'2015-07-09 11:03:32',NULL,'2015-07-09 11:03:32',NULL,11,1,'0',2),(1561,'8a19beb0-8962-48c9-8848-86b63dd718b5','风速级别设置','2015-07-09 11:04:13',NULL,'2015-07-09 11:04:13',NULL,'2015-07-09 11:04:13',NULL,7,0,'0',7),(1562,'8a19beb0-8962-48c9-8848-86b63dd718b5','风类设置','2015-07-09 11:04:13',NULL,'2015-07-09 11:04:13',NULL,'2015-07-09 11:04:13',NULL,9,0,'0',7),(1563,'8a19beb0-8962-48c9-8848-86b63dd718b5','是否静音','2015-07-09 11:04:13',NULL,'2015-07-09 11:04:13',NULL,'2015-07-09 11:04:13',NULL,10,0,'0',7),(1564,'8a19beb0-8962-48c9-8848-86b63dd718b5','是否摆头','2015-07-09 11:04:13',NULL,'2015-07-09 11:04:13',NULL,'2015-07-09 11:04:13',NULL,11,0,'0',7),(1565,'bdac40d1-6e0b-495e-8588-368f8d9b8e1c','音量控制','2015-07-09 11:09:04',NULL,'2015-07-09 11:09:04',NULL,'2015-07-09 11:09:04',NULL,4,1,'0',1),(1566,'bdac40d1-6e0b-495e-8588-368f8d9b8e1c','CD播放','2015-07-09 11:09:04',NULL,'2015-07-09 11:09:04',NULL,'2015-07-09 11:09:04',NULL,13,1,'0',1),(1567,'bdac40d1-6e0b-495e-8588-368f8d9b8e1c','音量控制','2015-07-09 11:09:04',NULL,'2015-07-09 11:09:04',NULL,'2015-07-09 11:09:04',NULL,4,1,'0',3),(1568,'bdac40d1-6e0b-495e-8588-368f8d9b8e1c','CD播放','2015-07-09 11:09:04',NULL,'2015-07-09 11:09:04',NULL,'2015-07-09 11:09:04',NULL,13,1,'0',3),(1569,'bdac40d1-6e0b-495e-8588-368f8d9b8e1c','音量控制','2015-07-09 11:09:04',NULL,'2015-07-09 11:09:04',NULL,'2015-07-09 11:09:04',NULL,4,1,'0',4),(1570,'bdac40d1-6e0b-495e-8588-368f8d9b8e1c','CD播放','2015-07-09 11:09:04',NULL,'2015-07-09 11:09:04',NULL,'2015-07-09 11:09:04',NULL,13,1,'0',4),(1571,'bdac40d1-6e0b-495e-8588-368f8d9b8e1c','音量控制','2015-07-09 11:09:04',NULL,'2015-07-09 11:09:04',NULL,'2015-07-09 11:09:04',NULL,4,1,'0',6),(1572,'bdac40d1-6e0b-495e-8588-368f8d9b8e1c','CD播放','2015-07-09 11:09:04',NULL,'2015-07-09 11:09:04',NULL,'2015-07-09 11:09:04',NULL,13,1,'0',6),(1573,'3878e50b-1f0d-4bdd-b16e-14606754c443','模式','2015-07-09 11:46:12',NULL,'2015-07-09 11:46:12',NULL,'2015-07-09 11:46:12',NULL,5,1,'0',1),(1574,'3878e50b-1f0d-4bdd-b16e-14606754c443','是否扫风','2015-07-09 11:46:12',NULL,'2015-07-09 11:46:12',NULL,'2015-07-09 11:46:12',NULL,6,1,'0',1),(1575,'3878e50b-1f0d-4bdd-b16e-14606754c443','风速级别设置','2015-07-09 11:46:12',NULL,'2015-07-09 11:46:12',NULL,'2015-07-09 11:46:12',NULL,7,1,'0',1),(1576,'3878e50b-1f0d-4bdd-b16e-14606754c443','温度设置','2015-07-09 11:46:12',NULL,'2015-07-09 11:46:12',NULL,'2015-07-09 11:46:12',NULL,8,1,'0',1),(1577,'3878e50b-1f0d-4bdd-b16e-14606754c443','模式','2015-07-09 11:46:12',NULL,'2015-07-09 11:46:12',NULL,'2015-07-09 11:46:12',NULL,5,1,'0',2),(1578,'3878e50b-1f0d-4bdd-b16e-14606754c443','是否扫风','2015-07-09 11:46:12',NULL,'2015-07-09 11:46:12',NULL,'2015-07-09 11:46:12',NULL,6,1,'0',2),(1579,'3878e50b-1f0d-4bdd-b16e-14606754c443','风速级别设置','2015-07-09 11:46:12',NULL,'2015-07-09 11:46:12',NULL,'2015-07-09 11:46:12',NULL,7,1,'0',2),(1580,'3878e50b-1f0d-4bdd-b16e-14606754c443','温度设置','2015-07-09 11:46:12',NULL,'2015-07-09 11:46:12',NULL,'2015-07-09 11:46:12',NULL,8,1,'0',2),(1581,'3878e50b-1f0d-4bdd-b16e-14606754c443','模式','2015-07-09 11:46:12',NULL,'2015-07-09 11:46:12',NULL,'2015-07-09 11:46:12',NULL,5,1,'0',7),(1582,'3878e50b-1f0d-4bdd-b16e-14606754c443','是否扫风','2015-07-09 11:46:12',NULL,'2015-07-09 11:46:12',NULL,'2015-07-09 11:46:12',NULL,6,1,'0',7),(1583,'3878e50b-1f0d-4bdd-b16e-14606754c443','风速级别设置','2015-07-09 11:46:12',NULL,'2015-07-09 11:46:12',NULL,'2015-07-09 11:46:12',NULL,7,1,'0',7),(1584,'3878e50b-1f0d-4bdd-b16e-14606754c443','温度设置','2015-07-09 11:46:12',NULL,'2015-07-09 11:46:12',NULL,'2015-07-09 11:46:12',NULL,8,1,'0',7),(1585,'f2ed4d98-c3fe-4ecf-b7a5-4c2a43d4e4b6','音量控制','2015-07-09 14:26:35',NULL,'2015-07-09 14:26:35',NULL,'2015-07-09 14:26:35',NULL,4,1,'0',4),(1586,'f2ed4d98-c3fe-4ecf-b7a5-4c2a43d4e4b6','投影比例','2015-07-09 14:26:35',NULL,'2015-07-09 14:26:35',NULL,'2015-07-09 14:26:35',NULL,12,1,'0',4),(1587,'72e01167-d4bb-4f93-be11-bfe8db7f4fc8','声音','2015-07-09 14:27:25',NULL,'2015-07-09 14:27:25',NULL,'2015-07-09 14:27:25',NULL,2,1,'0',2),(1588,'72e01167-d4bb-4f93-be11-bfe8db7f4fc8','声音','2015-07-09 14:27:25',NULL,'2015-07-09 14:27:25',NULL,'2015-07-09 14:27:25',NULL,2,1,'0',4),(1589,'72e01167-d4bb-4f93-be11-bfe8db7f4fc8','声音','2015-07-09 14:27:25',NULL,'2015-07-09 14:27:25',NULL,'2015-07-09 14:27:25',NULL,2,1,'0',5),(1590,'cae4fe78-2df9-4856-af93-d55d43b587c9','频道','2015-08-06 11:52:09',NULL,'2015-08-06 11:52:09',NULL,'2015-08-06 11:52:09',NULL,NULL,0,'772',1),(1591,'cae4fe78-2df9-4856-af93-d55d43b587c9','声音','2015-08-06 11:52:09',NULL,'2015-08-06 11:52:09',NULL,'2015-08-06 11:52:09',NULL,NULL,0,'0',1),(1592,'cae4fe78-2df9-4856-af93-d55d43b587c9','颜色','2015-08-06 11:52:09',NULL,'2015-08-06 11:52:09',NULL,'2015-08-06 11:52:09',NULL,NULL,0,'0',1),(1593,'cae4fe78-2df9-4856-af93-d55d43b587c9','音量控制','2015-08-06 11:52:09',NULL,'2015-08-06 11:52:09',NULL,'2015-08-06 11:52:09',NULL,NULL,0,'0',1),(1594,'cae4fe78-2df9-4856-af93-d55d43b587c9','频道','2015-08-14 15:17:49',NULL,'2015-08-14 15:17:49',NULL,'2015-08-14 15:17:49',NULL,0,0,'0',2),(1595,'cae4fe78-2df9-4856-af93-d55d43b587c9','声音','2015-08-14 15:17:49',NULL,'2015-08-14 15:17:49',NULL,'2015-08-14 15:17:49',NULL,0,0,'0',2),(1596,'cae4fe78-2df9-4856-af93-d55d43b587c9','颜色','2015-08-14 15:17:49',NULL,'2015-08-14 15:17:49',NULL,'2015-08-14 15:17:49',NULL,0,0,'0',2),(1597,'cae4fe78-2df9-4856-af93-d55d43b587c9','音量控制','2015-08-14 15:17:49',NULL,'2015-08-14 15:17:49',NULL,'2015-08-14 15:17:49',NULL,0,0,'0',2),(1598,'cae4fe78-2df9-4856-af93-d55d43b587c9','频道','2015-08-06 09:29:59',NULL,'2015-08-06 09:29:59',NULL,'2015-08-06 09:29:59',NULL,1,0,'0',5),(1599,'cae4fe78-2df9-4856-af93-d55d43b587c9','声音','2015-08-06 09:29:59',NULL,'2015-08-06 09:29:59',NULL,'2015-08-06 09:29:59',NULL,2,0,'0',5),(1600,'cae4fe78-2df9-4856-af93-d55d43b587c9','颜色','2015-08-06 09:29:59',NULL,'2015-08-06 09:29:59',NULL,'2015-08-06 09:29:59',NULL,3,0,'0',5),(1601,'cae4fe78-2df9-4856-af93-d55d43b587c9','音量控制','2015-08-06 09:29:59',NULL,'2015-08-06 09:29:59',NULL,'2015-08-06 09:29:59',NULL,4,0,'0',5),(1602,'a473ec47-a519-4f87-823a-e8cc697398bf','声音','2015-08-05 16:23:22',NULL,'2015-08-05 16:23:22',NULL,'2015-08-05 16:23:22',NULL,2,0,'0',1),(1603,'a473ec47-a519-4f87-823a-e8cc697398bf','声音','2015-07-13 11:24:59',NULL,'2015-07-13 11:24:59',NULL,'2015-07-13 11:24:59',NULL,2,1,'0',3),(1604,'a473ec47-a519-4f87-823a-e8cc697398bf','声音','2015-07-13 11:24:59',NULL,'2015-07-13 11:24:59',NULL,'2015-07-13 11:24:59',NULL,2,1,'0',6),(1605,'de74e5a6-8e97-414b-bc5a-f5c71b1281bf','模式','2015-08-05 16:23:55',NULL,'2015-08-05 16:23:55',NULL,'2015-08-05 16:23:55',NULL,5,0,'0',1),(1606,'de74e5a6-8e97-414b-bc5a-f5c71b1281bf','是否扫风','2015-08-05 16:23:55',NULL,'2015-08-05 16:23:55',NULL,'2015-08-05 16:23:55',NULL,6,0,'0',1),(1607,'de74e5a6-8e97-414b-bc5a-f5c71b1281bf','风速级别设置','2015-08-05 16:23:55',NULL,'2015-08-05 16:23:55',NULL,'2015-08-05 16:23:55',NULL,7,0,'0',1),(1608,'de74e5a6-8e97-414b-bc5a-f5c71b1281bf','温度设置','2015-08-05 16:23:55',NULL,'2015-08-05 16:23:55',NULL,'2015-08-05 16:23:55',NULL,8,0,'16',1),(1609,'de74e5a6-8e97-414b-bc5a-f5c71b1281bf','模式','2015-08-05 16:24:56',NULL,'2015-08-05 16:24:56',NULL,'2015-08-05 16:24:56',NULL,5,0,'0',2),(1610,'de74e5a6-8e97-414b-bc5a-f5c71b1281bf','是否扫风','2015-08-05 16:24:56',NULL,'2015-08-05 16:24:56',NULL,'2015-08-05 16:24:56',NULL,6,0,'0',2),(1611,'de74e5a6-8e97-414b-bc5a-f5c71b1281bf','风速级别设置','2015-08-05 16:24:56',NULL,'2015-08-05 16:24:56',NULL,'2015-08-05 16:24:56',NULL,7,0,'0',2),(1612,'de74e5a6-8e97-414b-bc5a-f5c71b1281bf','温度设置','2015-08-05 16:24:56',NULL,'2015-08-05 16:24:56',NULL,'2015-08-05 16:24:56',NULL,8,0,'0',2),(1613,'de74e5a6-8e97-414b-bc5a-f5c71b1281bf','模式','2015-07-13 11:25:42',NULL,'2015-07-13 11:25:42',NULL,'2015-07-13 11:25:42',NULL,5,1,'0',7),(1614,'de74e5a6-8e97-414b-bc5a-f5c71b1281bf','是否扫风','2015-07-13 11:25:42',NULL,'2015-07-13 11:25:42',NULL,'2015-07-13 11:25:42',NULL,6,1,'0',7),(1615,'de74e5a6-8e97-414b-bc5a-f5c71b1281bf','风速级别设置','2015-07-13 11:25:42',NULL,'2015-07-13 11:25:42',NULL,'2015-07-13 11:25:42',NULL,7,1,'0',7),(1616,'de74e5a6-8e97-414b-bc5a-f5c71b1281bf','温度设置','2015-07-13 11:25:42',NULL,'2015-07-13 11:25:42',NULL,'2015-07-13 11:25:42',NULL,8,1,'0',7),(1617,'da46a18c-1e8b-42f6-9c67-3a88b03c9f49','音量控制','2015-08-05 16:23:39',NULL,'2015-08-05 16:23:39',NULL,'2015-08-05 16:23:39',NULL,4,0,'0',1),(1618,'da46a18c-1e8b-42f6-9c67-3a88b03c9f49','CD播放','2015-08-05 16:23:39',NULL,'2015-08-05 16:23:39',NULL,'2015-08-05 16:23:39',NULL,13,0,'0',1),(1619,'da46a18c-1e8b-42f6-9c67-3a88b03c9f49','音量控制','2015-07-30 15:13:43',NULL,'2015-07-30 15:13:43',NULL,'2015-07-30 15:13:43',NULL,4,0,'0',3),(1620,'da46a18c-1e8b-42f6-9c67-3a88b03c9f49','CD播放','2015-07-30 15:13:43',NULL,'2015-07-30 15:13:43',NULL,'2015-07-30 15:13:43',NULL,13,0,'0',3),(1621,'da46a18c-1e8b-42f6-9c67-3a88b03c9f49','音量控制','2015-07-13 11:49:51',NULL,'2015-07-13 11:49:51',NULL,'2015-07-13 11:49:51',NULL,4,1,'0',4),(1622,'da46a18c-1e8b-42f6-9c67-3a88b03c9f49','CD播放','2015-07-13 11:49:51',NULL,'2015-07-13 11:49:51',NULL,'2015-07-13 11:49:51',NULL,13,1,'0',4),(1623,'da46a18c-1e8b-42f6-9c67-3a88b03c9f49','音量控制','2015-08-13 17:55:33',NULL,'2015-08-13 17:55:33',NULL,'2015-08-13 17:55:33',NULL,4,0,'0',6),(1624,'da46a18c-1e8b-42f6-9c67-3a88b03c9f49','CD播放','2015-08-13 17:55:33',NULL,'2015-08-13 17:55:33',NULL,'2015-08-13 17:55:33',NULL,13,0,'0',6),(1625,'de8179d9-d64e-48d1-9154-cb78ba01b8dc','频道','2015-07-30 15:15:43',NULL,'2015-07-30 15:15:43',NULL,'2015-07-30 15:15:43',NULL,1,0,'0',1),(1626,'de8179d9-d64e-48d1-9154-cb78ba01b8dc','声音','2015-07-30 15:15:43',NULL,'2015-07-30 15:15:43',NULL,'2015-07-30 15:15:43',NULL,2,0,'0',1),(1627,'de8179d9-d64e-48d1-9154-cb78ba01b8dc','颜色','2015-07-30 15:15:43',NULL,'2015-07-30 15:15:43',NULL,'2015-07-30 15:15:43',NULL,3,0,'0',1),(1628,'de8179d9-d64e-48d1-9154-cb78ba01b8dc','音量控制','2015-07-30 15:15:43',NULL,'2015-07-30 15:15:43',NULL,'2015-07-30 15:15:43',NULL,4,0,'0',1),(1629,'de8179d9-d64e-48d1-9154-cb78ba01b8dc','频道','2015-07-13 11:51:45',NULL,'2015-07-13 11:51:45',NULL,'2015-07-13 11:51:45',NULL,1,1,'0',2),(1630,'de8179d9-d64e-48d1-9154-cb78ba01b8dc','声音','2015-07-13 11:51:45',NULL,'2015-07-13 11:51:45',NULL,'2015-07-13 11:51:45',NULL,2,1,'0',2),(1631,'de8179d9-d64e-48d1-9154-cb78ba01b8dc','颜色','2015-07-13 11:51:45',NULL,'2015-07-13 11:51:45',NULL,'2015-07-13 11:51:45',NULL,3,1,'0',2),(1632,'de8179d9-d64e-48d1-9154-cb78ba01b8dc','音量控制','2015-07-13 11:51:45',NULL,'2015-07-13 11:51:45',NULL,'2015-07-13 11:51:45',NULL,4,1,'0',2),(1633,'de8179d9-d64e-48d1-9154-cb78ba01b8dc','频道','2015-07-13 11:51:45',NULL,'2015-07-13 11:51:45',NULL,'2015-07-13 11:51:45',NULL,1,1,'0',5),(1634,'de8179d9-d64e-48d1-9154-cb78ba01b8dc','声音','2015-07-13 11:51:45',NULL,'2015-07-13 11:51:45',NULL,'2015-07-13 11:51:45',NULL,2,1,'0',5),(1635,'de8179d9-d64e-48d1-9154-cb78ba01b8dc','颜色','2015-07-13 11:51:45',NULL,'2015-07-13 11:51:45',NULL,'2015-07-13 11:51:45',NULL,3,1,'0',5),(1636,'de8179d9-d64e-48d1-9154-cb78ba01b8dc','音量控制','2015-07-13 11:51:45',NULL,'2015-07-13 11:51:45',NULL,'2015-07-13 11:51:45',NULL,4,1,'0',5),(1637,'099d0346-f466-4cea-afda-dd8ee5e17400','音量控制','2015-07-13 14:12:01',NULL,'2015-07-13 14:12:01',NULL,'2015-07-13 14:12:01',NULL,4,1,'0',4),(1638,'099d0346-f466-4cea-afda-dd8ee5e17400','投影比例','2015-07-13 14:12:01',NULL,'2015-07-13 14:12:01',NULL,'2015-07-13 14:12:01',NULL,12,1,'0',4),(1651,'9fe0401b-83ed-4c0d-bd78-64b670d3759d','声音','2015-07-13 17:43:05',NULL,'2015-07-13 17:43:05',NULL,'2015-07-13 17:43:05',NULL,2,1,'0',2),(1652,'9fe0401b-83ed-4c0d-bd78-64b670d3759d','声音','2015-07-13 17:43:05',NULL,'2015-07-13 17:43:05',NULL,'2015-07-13 17:43:05',NULL,2,1,'0',4),(1653,'9fe0401b-83ed-4c0d-bd78-64b670d3759d','声音','2015-07-13 17:43:05',NULL,'2015-07-13 17:43:05',NULL,'2015-07-13 17:43:05',NULL,2,1,'0',5),(1654,'b4a0b083-8430-46ea-8f78-efda9f0ae24e','风速级别设置','2015-07-13 17:43:22',NULL,'2015-07-13 17:43:22',NULL,'2015-07-13 17:43:22',NULL,7,1,'0',2),(1655,'b4a0b083-8430-46ea-8f78-efda9f0ae24e','风类设置','2015-07-13 17:43:22',NULL,'2015-07-13 17:43:22',NULL,'2015-07-13 17:43:22',NULL,9,1,'0',2),(1656,'b4a0b083-8430-46ea-8f78-efda9f0ae24e','是否静音','2015-07-13 17:43:22',NULL,'2015-07-13 17:43:22',NULL,'2015-07-13 17:43:22',NULL,10,1,'0',2),(1657,'b4a0b083-8430-46ea-8f78-efda9f0ae24e','是否摆头','2015-07-13 17:43:22',NULL,'2015-07-13 17:43:22',NULL,'2015-07-13 17:43:22',NULL,11,1,'0',2),(1658,'b4a0b083-8430-46ea-8f78-efda9f0ae24e','风速级别设置','2015-07-13 17:43:22',NULL,'2015-07-13 17:43:22',NULL,'2015-07-13 17:43:22',NULL,7,1,'0',7),(1659,'b4a0b083-8430-46ea-8f78-efda9f0ae24e','风类设置','2015-07-13 17:43:22',NULL,'2015-07-13 17:43:22',NULL,'2015-07-13 17:43:22',NULL,9,1,'0',7),(1660,'b4a0b083-8430-46ea-8f78-efda9f0ae24e','是否静音','2015-07-13 17:43:22',NULL,'2015-07-13 17:43:22',NULL,'2015-07-13 17:43:22',NULL,10,1,'0',7),(1661,'b4a0b083-8430-46ea-8f78-efda9f0ae24e','是否摆头','2015-07-13 17:43:22',NULL,'2015-07-13 17:43:22',NULL,'2015-07-13 17:43:22',NULL,11,1,'0',7),(1662,'441d0217-5c79-4d88-88ff-47d7ac27c583','频道','2015-07-14 13:22:11',NULL,'2015-07-14 13:22:11',NULL,'2015-07-14 13:22:11',NULL,1,1,'0',1),(1663,'441d0217-5c79-4d88-88ff-47d7ac27c583','声音','2015-07-14 13:22:11',NULL,'2015-07-14 13:22:11',NULL,'2015-07-14 13:22:11',NULL,2,1,'0',1),(1664,'441d0217-5c79-4d88-88ff-47d7ac27c583','颜色','2015-07-14 13:22:11',NULL,'2015-07-14 13:22:11',NULL,'2015-07-14 13:22:11',NULL,3,1,'0',1),(1665,'441d0217-5c79-4d88-88ff-47d7ac27c583','音量控制','2015-07-14 13:22:11',NULL,'2015-07-14 13:22:11',NULL,'2015-07-14 13:22:11',NULL,4,1,'0',1),(1666,'441d0217-5c79-4d88-88ff-47d7ac27c583','频道','2015-07-14 13:22:11',NULL,'2015-07-14 13:22:11',NULL,'2015-07-14 13:22:11',NULL,1,1,'0',2),(1667,'441d0217-5c79-4d88-88ff-47d7ac27c583','声音','2015-07-14 13:22:11',NULL,'2015-07-14 13:22:11',NULL,'2015-07-14 13:22:11',NULL,2,1,'0',2),(1668,'441d0217-5c79-4d88-88ff-47d7ac27c583','颜色','2015-07-14 13:22:11',NULL,'2015-07-14 13:22:11',NULL,'2015-07-14 13:22:11',NULL,3,1,'0',2),(1669,'441d0217-5c79-4d88-88ff-47d7ac27c583','音量控制','2015-07-14 13:22:11',NULL,'2015-07-14 13:22:11',NULL,'2015-07-14 13:22:11',NULL,4,1,'0',2),(1670,'441d0217-5c79-4d88-88ff-47d7ac27c583','频道','2015-07-14 13:22:11',NULL,'2015-07-14 13:22:11',NULL,'2015-07-14 13:22:11',NULL,1,1,'0',5),(1671,'441d0217-5c79-4d88-88ff-47d7ac27c583','声音','2015-07-14 13:22:11',NULL,'2015-07-14 13:22:11',NULL,'2015-07-14 13:22:11',NULL,2,1,'0',5),(1672,'441d0217-5c79-4d88-88ff-47d7ac27c583','颜色','2015-07-14 13:22:11',NULL,'2015-07-14 13:22:11',NULL,'2015-07-14 13:22:11',NULL,3,1,'0',5),(1673,'441d0217-5c79-4d88-88ff-47d7ac27c583','音量控制','2015-07-14 13:22:11',NULL,'2015-07-14 13:22:11',NULL,'2015-07-14 13:22:11',NULL,4,1,'0',5),(1674,'70d1b27d-9ac8-403d-84bd-f379905c8b4b','声音','2015-07-14 13:22:30',NULL,'2015-07-14 13:22:30',NULL,'2015-07-14 13:22:30',NULL,2,1,'0',2),(1675,'70d1b27d-9ac8-403d-84bd-f379905c8b4b','声音','2015-07-14 13:22:30',NULL,'2015-07-14 13:22:30',NULL,'2015-07-14 13:22:30',NULL,2,1,'0',4),(1676,'70d1b27d-9ac8-403d-84bd-f379905c8b4b','声音','2015-07-14 13:22:30',NULL,'2015-07-14 13:22:30',NULL,'2015-07-14 13:22:30',NULL,2,1,'0',5),(1677,'f868b26d-9707-4484-ab6b-e06b178f378f','风速级别设置','2015-07-14 13:22:49',NULL,'2015-07-14 13:22:49',NULL,'2015-07-14 13:22:49',NULL,7,1,'0',2),(1678,'f868b26d-9707-4484-ab6b-e06b178f378f','风类设置','2015-07-14 13:22:49',NULL,'2015-07-14 13:22:49',NULL,'2015-07-14 13:22:49',NULL,9,1,'0',2),(1679,'f868b26d-9707-4484-ab6b-e06b178f378f','是否静音','2015-07-14 13:22:49',NULL,'2015-07-14 13:22:49',NULL,'2015-07-14 13:22:49',NULL,10,1,'0',2),(1680,'f868b26d-9707-4484-ab6b-e06b178f378f','是否摆头','2015-07-14 13:22:49',NULL,'2015-07-14 13:22:49',NULL,'2015-07-14 13:22:49',NULL,11,1,'0',2),(1681,'f868b26d-9707-4484-ab6b-e06b178f378f','风速级别设置','2015-07-14 13:22:49',NULL,'2015-07-14 13:22:49',NULL,'2015-07-14 13:22:49',NULL,7,1,'0',7),(1682,'f868b26d-9707-4484-ab6b-e06b178f378f','风类设置','2015-07-14 13:22:49',NULL,'2015-07-14 13:22:49',NULL,'2015-07-14 13:22:49',NULL,9,1,'0',7),(1683,'f868b26d-9707-4484-ab6b-e06b178f378f','是否静音','2015-07-14 13:22:49',NULL,'2015-07-14 13:22:49',NULL,'2015-07-14 13:22:49',NULL,10,1,'0',7),(1684,'f868b26d-9707-4484-ab6b-e06b178f378f','是否摆头','2015-07-14 13:22:49',NULL,'2015-07-14 13:22:49',NULL,'2015-07-14 13:22:49',NULL,11,1,'0',7),(1721,'2c9d3157-12b7-4f4c-a3d5-875bd63b0698','风速级别设置','2015-07-29 15:52:42',NULL,'2015-07-29 15:52:42',NULL,'2015-07-29 15:52:42',NULL,7,1,'0',2),(1722,'2c9d3157-12b7-4f4c-a3d5-875bd63b0698','风类设置','2015-07-29 15:52:42',NULL,'2015-07-29 15:52:42',NULL,'2015-07-29 15:52:42',NULL,9,1,'0',2),(1723,'2c9d3157-12b7-4f4c-a3d5-875bd63b0698','是否静音','2015-07-29 15:52:42',NULL,'2015-07-29 15:52:42',NULL,'2015-07-29 15:52:42',NULL,10,1,'0',2),(1724,'2c9d3157-12b7-4f4c-a3d5-875bd63b0698','是否摆头','2015-07-29 15:52:42',NULL,'2015-07-29 15:52:42',NULL,'2015-07-29 15:52:42',NULL,11,1,'0',2),(1725,'2c9d3157-12b7-4f4c-a3d5-875bd63b0698','风速级别设置','2015-07-29 15:52:42',NULL,'2015-07-29 15:52:42',NULL,'2015-07-29 15:52:42',NULL,7,1,'0',7),(1726,'2c9d3157-12b7-4f4c-a3d5-875bd63b0698','风类设置','2015-07-29 15:52:42',NULL,'2015-07-29 15:52:42',NULL,'2015-07-29 15:52:42',NULL,9,1,'0',7),(1727,'2c9d3157-12b7-4f4c-a3d5-875bd63b0698','是否静音','2015-07-29 15:52:42',NULL,'2015-07-29 15:52:42',NULL,'2015-07-29 15:52:42',NULL,10,1,'0',7),(1728,'2c9d3157-12b7-4f4c-a3d5-875bd63b0698','是否摆头','2015-07-29 15:52:42',NULL,'2015-07-29 15:52:42',NULL,'2015-07-29 15:52:42',NULL,11,1,'0',7),(1729,'8657022a-2622-4b02-8dbb-77f54a368179','风速级别设置','2015-07-29 15:52:50',NULL,'2015-07-29 15:52:50',NULL,'2015-07-29 15:52:50',NULL,7,1,'0',2),(1730,'8657022a-2622-4b02-8dbb-77f54a368179','风类设置','2015-07-29 15:52:50',NULL,'2015-07-29 15:52:50',NULL,'2015-07-29 15:52:50',NULL,9,1,'0',2),(1731,'8657022a-2622-4b02-8dbb-77f54a368179','是否静音','2015-07-29 15:52:50',NULL,'2015-07-29 15:52:50',NULL,'2015-07-29 15:52:50',NULL,10,1,'0',2),(1732,'8657022a-2622-4b02-8dbb-77f54a368179','是否摆头','2015-07-29 15:52:50',NULL,'2015-07-29 15:52:50',NULL,'2015-07-29 15:52:50',NULL,11,1,'0',2),(1733,'8657022a-2622-4b02-8dbb-77f54a368179','风速级别设置','2015-07-29 15:52:50',NULL,'2015-07-29 15:52:50',NULL,'2015-07-29 15:52:50',NULL,7,1,'0',7),(1734,'8657022a-2622-4b02-8dbb-77f54a368179','风类设置','2015-07-29 15:52:50',NULL,'2015-07-29 15:52:50',NULL,'2015-07-29 15:52:50',NULL,9,1,'0',7),(1735,'8657022a-2622-4b02-8dbb-77f54a368179','是否静音','2015-07-29 15:52:50',NULL,'2015-07-29 15:52:50',NULL,'2015-07-29 15:52:50',NULL,10,1,'0',7),(1736,'8657022a-2622-4b02-8dbb-77f54a368179','是否摆头','2015-07-29 15:52:50',NULL,'2015-07-29 15:52:50',NULL,'2015-07-29 15:52:50',NULL,11,1,'0',7),(1737,'f3bd1604-3372-4df1-9f2c-503eda5fc85f','风速级别设置','2015-07-29 15:52:57',NULL,'2015-07-29 15:52:57',NULL,'2015-07-29 15:52:57',NULL,7,1,'0',2),(1738,'f3bd1604-3372-4df1-9f2c-503eda5fc85f','风类设置','2015-07-29 15:52:57',NULL,'2015-07-29 15:52:57',NULL,'2015-07-29 15:52:57',NULL,9,1,'0',2),(1739,'f3bd1604-3372-4df1-9f2c-503eda5fc85f','是否静音','2015-07-29 15:52:57',NULL,'2015-07-29 15:52:57',NULL,'2015-07-29 15:52:57',NULL,10,1,'0',2),(1740,'f3bd1604-3372-4df1-9f2c-503eda5fc85f','是否摆头','2015-07-29 15:52:57',NULL,'2015-07-29 15:52:57',NULL,'2015-07-29 15:52:57',NULL,11,1,'0',2),(1741,'f3bd1604-3372-4df1-9f2c-503eda5fc85f','风速级别设置','2015-07-29 15:52:57',NULL,'2015-07-29 15:52:57',NULL,'2015-07-29 15:52:57',NULL,7,1,'0',7),(1742,'f3bd1604-3372-4df1-9f2c-503eda5fc85f','风类设置','2015-07-29 15:52:57',NULL,'2015-07-29 15:52:57',NULL,'2015-07-29 15:52:57',NULL,9,1,'0',7),(1743,'f3bd1604-3372-4df1-9f2c-503eda5fc85f','是否静音','2015-07-29 15:52:57',NULL,'2015-07-29 15:52:57',NULL,'2015-07-29 15:52:57',NULL,10,1,'0',7),(1744,'f3bd1604-3372-4df1-9f2c-503eda5fc85f','是否摆头','2015-07-29 15:52:57',NULL,'2015-07-29 15:52:57',NULL,'2015-07-29 15:52:57',NULL,11,1,'0',7),(1745,'9715f89a-2b43-4361-a5fe-3f53b1cf1752','风速级别设置','2015-07-29 15:53:17',NULL,'2015-07-29 15:53:17',NULL,'2015-07-29 15:53:17',NULL,7,1,'0',2),(1746,'9715f89a-2b43-4361-a5fe-3f53b1cf1752','风类设置','2015-07-29 15:53:17',NULL,'2015-07-29 15:53:17',NULL,'2015-07-29 15:53:17',NULL,9,1,'0',2),(1747,'9715f89a-2b43-4361-a5fe-3f53b1cf1752','是否静音','2015-07-29 15:53:17',NULL,'2015-07-29 15:53:17',NULL,'2015-07-29 15:53:17',NULL,10,1,'0',2),(1748,'9715f89a-2b43-4361-a5fe-3f53b1cf1752','是否摆头','2015-07-29 15:53:17',NULL,'2015-07-29 15:53:17',NULL,'2015-07-29 15:53:17',NULL,11,1,'0',2),(1749,'9715f89a-2b43-4361-a5fe-3f53b1cf1752','风速级别设置','2015-07-29 15:53:17',NULL,'2015-07-29 15:53:17',NULL,'2015-07-29 15:53:17',NULL,7,1,'0',7),(1750,'9715f89a-2b43-4361-a5fe-3f53b1cf1752','风类设置','2015-07-29 15:53:17',NULL,'2015-07-29 15:53:17',NULL,'2015-07-29 15:53:17',NULL,9,1,'0',7),(1751,'9715f89a-2b43-4361-a5fe-3f53b1cf1752','是否静音','2015-07-29 15:53:17',NULL,'2015-07-29 15:53:17',NULL,'2015-07-29 15:53:17',NULL,10,1,'0',7),(1752,'9715f89a-2b43-4361-a5fe-3f53b1cf1752','是否摆头','2015-07-29 15:53:17',NULL,'2015-07-29 15:53:17',NULL,'2015-07-29 15:53:17',NULL,11,1,'0',7),(1753,'b401619e-4f28-445a-9635-71b1709c9e75','风速级别设置','2015-07-29 15:53:26',NULL,'2015-07-29 15:53:26',NULL,'2015-07-29 15:53:26',NULL,7,1,'0',2),(1754,'b401619e-4f28-445a-9635-71b1709c9e75','风类设置','2015-07-29 15:53:26',NULL,'2015-07-29 15:53:26',NULL,'2015-07-29 15:53:26',NULL,9,1,'0',2),(1755,'b401619e-4f28-445a-9635-71b1709c9e75','是否静音','2015-07-29 15:53:26',NULL,'2015-07-29 15:53:26',NULL,'2015-07-29 15:53:26',NULL,10,1,'0',2),(1756,'b401619e-4f28-445a-9635-71b1709c9e75','是否摆头','2015-07-29 15:53:26',NULL,'2015-07-29 15:53:26',NULL,'2015-07-29 15:53:26',NULL,11,1,'0',2),(1757,'b401619e-4f28-445a-9635-71b1709c9e75','风速级别设置','2015-07-29 15:53:26',NULL,'2015-07-29 15:53:26',NULL,'2015-07-29 15:53:26',NULL,7,1,'0',7),(1758,'b401619e-4f28-445a-9635-71b1709c9e75','风类设置','2015-07-29 15:53:26',NULL,'2015-07-29 15:53:26',NULL,'2015-07-29 15:53:26',NULL,9,1,'0',7),(1759,'b401619e-4f28-445a-9635-71b1709c9e75','是否静音','2015-07-29 15:53:26',NULL,'2015-07-29 15:53:26',NULL,'2015-07-29 15:53:26',NULL,10,1,'0',7),(1760,'b401619e-4f28-445a-9635-71b1709c9e75','是否摆头','2015-07-29 15:53:26',NULL,'2015-07-29 15:53:26',NULL,'2015-07-29 15:53:26',NULL,11,1,'0',7),(1761,'62b1371a-5be7-4723-a764-21a6d75d52fb','风速级别设置','2015-07-29 15:53:42',NULL,'2015-07-29 15:53:42',NULL,'2015-07-29 15:53:42',NULL,7,1,'0',2),(1762,'62b1371a-5be7-4723-a764-21a6d75d52fb','风类设置','2015-07-29 15:53:42',NULL,'2015-07-29 15:53:42',NULL,'2015-07-29 15:53:42',NULL,9,1,'0',2),(1763,'62b1371a-5be7-4723-a764-21a6d75d52fb','是否静音','2015-07-29 15:53:42',NULL,'2015-07-29 15:53:42',NULL,'2015-07-29 15:53:42',NULL,10,1,'0',2),(1764,'62b1371a-5be7-4723-a764-21a6d75d52fb','是否摆头','2015-07-29 15:53:42',NULL,'2015-07-29 15:53:42',NULL,'2015-07-29 15:53:42',NULL,11,1,'0',2),(1765,'62b1371a-5be7-4723-a764-21a6d75d52fb','风速级别设置','2015-07-29 15:53:42',NULL,'2015-07-29 15:53:42',NULL,'2015-07-29 15:53:42',NULL,7,1,'0',7),(1766,'62b1371a-5be7-4723-a764-21a6d75d52fb','风类设置','2015-07-29 15:53:42',NULL,'2015-07-29 15:53:42',NULL,'2015-07-29 15:53:42',NULL,9,1,'0',7),(1767,'62b1371a-5be7-4723-a764-21a6d75d52fb','是否静音','2015-07-29 15:53:42',NULL,'2015-07-29 15:53:42',NULL,'2015-07-29 15:53:42',NULL,10,1,'0',7),(1768,'62b1371a-5be7-4723-a764-21a6d75d52fb','是否摆头','2015-07-29 15:53:42',NULL,'2015-07-29 15:53:42',NULL,'2015-07-29 15:53:42',NULL,11,1,'0',7),(1769,'83cc71eb-3069-4c02-9439-453dfaf2f818','风速级别设置','2015-07-29 15:54:04',NULL,'2015-07-29 15:54:04',NULL,'2015-07-29 15:54:04',NULL,7,1,'0',2),(1770,'83cc71eb-3069-4c02-9439-453dfaf2f818','风类设置','2015-07-29 15:54:04',NULL,'2015-07-29 15:54:04',NULL,'2015-07-29 15:54:04',NULL,9,1,'0',2),(1771,'83cc71eb-3069-4c02-9439-453dfaf2f818','是否静音','2015-07-29 15:54:04',NULL,'2015-07-29 15:54:04',NULL,'2015-07-29 15:54:04',NULL,10,1,'0',2),(1772,'83cc71eb-3069-4c02-9439-453dfaf2f818','是否摆头','2015-07-29 15:54:04',NULL,'2015-07-29 15:54:04',NULL,'2015-07-29 15:54:04',NULL,11,1,'0',2),(1773,'83cc71eb-3069-4c02-9439-453dfaf2f818','风速级别设置','2015-07-29 15:54:04',NULL,'2015-07-29 15:54:04',NULL,'2015-07-29 15:54:04',NULL,7,1,'0',7),(1774,'83cc71eb-3069-4c02-9439-453dfaf2f818','风类设置','2015-07-29 15:54:04',NULL,'2015-07-29 15:54:04',NULL,'2015-07-29 15:54:04',NULL,9,1,'0',7),(1775,'83cc71eb-3069-4c02-9439-453dfaf2f818','是否静音','2015-07-29 15:54:04',NULL,'2015-07-29 15:54:04',NULL,'2015-07-29 15:54:04',NULL,10,1,'0',7),(1776,'83cc71eb-3069-4c02-9439-453dfaf2f818','是否摆头','2015-07-29 15:54:04',NULL,'2015-07-29 15:54:04',NULL,'2015-07-29 15:54:04',NULL,11,1,'0',7),(1777,'b272e5a3-0693-488a-b2e0-e85afb25a917','风速级别设置','2015-07-29 15:54:14',NULL,'2015-07-29 15:54:14',NULL,'2015-07-29 15:54:14',NULL,7,1,'0',2),(1778,'b272e5a3-0693-488a-b2e0-e85afb25a917','风类设置','2015-07-29 15:54:14',NULL,'2015-07-29 15:54:14',NULL,'2015-07-29 15:54:14',NULL,9,1,'0',2),(1779,'b272e5a3-0693-488a-b2e0-e85afb25a917','是否静音','2015-07-29 15:54:14',NULL,'2015-07-29 15:54:14',NULL,'2015-07-29 15:54:14',NULL,10,1,'0',2),(1780,'b272e5a3-0693-488a-b2e0-e85afb25a917','是否摆头','2015-07-29 15:54:14',NULL,'2015-07-29 15:54:14',NULL,'2015-07-29 15:54:14',NULL,11,1,'0',2),(1781,'b272e5a3-0693-488a-b2e0-e85afb25a917','风速级别设置','2015-07-29 15:54:14',NULL,'2015-07-29 15:54:14',NULL,'2015-07-29 15:54:14',NULL,7,1,'0',7),(1782,'b272e5a3-0693-488a-b2e0-e85afb25a917','风类设置','2015-07-29 15:54:14',NULL,'2015-07-29 15:54:14',NULL,'2015-07-29 15:54:14',NULL,9,1,'0',7),(1783,'b272e5a3-0693-488a-b2e0-e85afb25a917','是否静音','2015-07-29 15:54:14',NULL,'2015-07-29 15:54:14',NULL,'2015-07-29 15:54:14',NULL,10,1,'0',7),(1784,'b272e5a3-0693-488a-b2e0-e85afb25a917','是否摆头','2015-07-29 15:54:14',NULL,'2015-07-29 15:54:14',NULL,'2015-07-29 15:54:14',NULL,11,1,'0',7),(1785,'33bcf95a-ac5a-48e3-ba19-7755ce1b3804','风速级别设置','2015-07-29 15:54:20',NULL,'2015-07-29 15:54:20',NULL,'2015-07-29 15:54:20',NULL,7,1,'0',2),(1786,'33bcf95a-ac5a-48e3-ba19-7755ce1b3804','风类设置','2015-07-29 15:54:20',NULL,'2015-07-29 15:54:20',NULL,'2015-07-29 15:54:20',NULL,9,1,'0',2),(1787,'33bcf95a-ac5a-48e3-ba19-7755ce1b3804','是否静音','2015-07-29 15:54:20',NULL,'2015-07-29 15:54:20',NULL,'2015-07-29 15:54:20',NULL,10,1,'0',2),(1788,'33bcf95a-ac5a-48e3-ba19-7755ce1b3804','是否摆头','2015-07-29 15:54:20',NULL,'2015-07-29 15:54:20',NULL,'2015-07-29 15:54:20',NULL,11,1,'0',2),(1789,'33bcf95a-ac5a-48e3-ba19-7755ce1b3804','风速级别设置','2015-07-29 15:54:20',NULL,'2015-07-29 15:54:20',NULL,'2015-07-29 15:54:20',NULL,7,1,'0',7),(1790,'33bcf95a-ac5a-48e3-ba19-7755ce1b3804','风类设置','2015-07-29 15:54:20',NULL,'2015-07-29 15:54:20',NULL,'2015-07-29 15:54:20',NULL,9,1,'0',7),(1791,'33bcf95a-ac5a-48e3-ba19-7755ce1b3804','是否静音','2015-07-29 15:54:20',NULL,'2015-07-29 15:54:20',NULL,'2015-07-29 15:54:20',NULL,10,1,'0',7),(1792,'33bcf95a-ac5a-48e3-ba19-7755ce1b3804','是否摆头','2015-07-29 15:54:20',NULL,'2015-07-29 15:54:20',NULL,'2015-07-29 15:54:20',NULL,11,1,'0',7),(1793,'fbadef69-30b5-494f-9b65-8c8f06c2d1d8','风速级别设置','2015-07-29 15:54:26',NULL,'2015-07-29 15:54:26',NULL,'2015-07-29 15:54:26',NULL,7,1,'0',2),(1794,'fbadef69-30b5-494f-9b65-8c8f06c2d1d8','风类设置','2015-07-29 15:54:26',NULL,'2015-07-29 15:54:26',NULL,'2015-07-29 15:54:26',NULL,9,1,'0',2),(1795,'fbadef69-30b5-494f-9b65-8c8f06c2d1d8','是否静音','2015-07-29 15:54:26',NULL,'2015-07-29 15:54:26',NULL,'2015-07-29 15:54:26',NULL,10,1,'0',2),(1796,'fbadef69-30b5-494f-9b65-8c8f06c2d1d8','是否摆头','2015-07-29 15:54:26',NULL,'2015-07-29 15:54:26',NULL,'2015-07-29 15:54:26',NULL,11,1,'0',2),(1797,'fbadef69-30b5-494f-9b65-8c8f06c2d1d8','风速级别设置','2015-07-29 15:54:26',NULL,'2015-07-29 15:54:26',NULL,'2015-07-29 15:54:26',NULL,7,1,'0',7),(1798,'fbadef69-30b5-494f-9b65-8c8f06c2d1d8','风类设置','2015-07-29 15:54:26',NULL,'2015-07-29 15:54:26',NULL,'2015-07-29 15:54:26',NULL,9,1,'0',7),(1799,'fbadef69-30b5-494f-9b65-8c8f06c2d1d8','是否静音','2015-07-29 15:54:26',NULL,'2015-07-29 15:54:26',NULL,'2015-07-29 15:54:26',NULL,10,1,'0',7),(1800,'fbadef69-30b5-494f-9b65-8c8f06c2d1d8','是否摆头','2015-07-29 15:54:26',NULL,'2015-07-29 15:54:26',NULL,'2015-07-29 15:54:26',NULL,11,1,'0',7),(1849,'a50b7d9d-42cd-47bd-acc7-286d32bd3a01','音量控制','2015-08-06 11:09:05',NULL,'2015-08-06 11:09:05',NULL,'2015-08-06 11:09:05',NULL,4,0,'0',1),(1850,'d2724e06-ed7b-4c1b-85d0-a938447dfebb','音量控制','2015-07-30 15:55:35',NULL,'2015-07-30 15:55:35',NULL,'2015-07-30 15:55:35',NULL,NULL,0,'0',1),(1867,'640acdc0-3685-4ce0-bfba-f07d742d94db','频道','2015-07-30 10:30:23',NULL,'2015-07-30 10:30:23',NULL,'2015-07-30 10:30:23',NULL,NULL,1,'0',1),(1868,'640acdc0-3685-4ce0-bfba-f07d742d94db','声音','2015-07-30 10:30:23',NULL,'2015-07-30 10:30:23',NULL,'2015-07-30 10:30:23',NULL,NULL,1,'0',1),(1869,'640acdc0-3685-4ce0-bfba-f07d742d94db','颜色','2015-07-30 10:30:23',NULL,'2015-07-30 10:30:23',NULL,'2015-07-30 10:30:23',NULL,NULL,1,'0',1),(1870,'640acdc0-3685-4ce0-bfba-f07d742d94db','音量控制','2015-07-30 10:30:23',NULL,'2015-07-30 10:30:23',NULL,'2015-07-30 10:30:23',NULL,NULL,1,'0',1),(1871,'640acdc0-3685-4ce0-bfba-f07d742d94db','频道','2015-07-30 10:30:23',NULL,'2015-07-30 10:30:23',NULL,'2015-07-30 10:30:23',NULL,1,1,'0',2),(1872,'640acdc0-3685-4ce0-bfba-f07d742d94db','声音','2015-07-30 10:30:23',NULL,'2015-07-30 10:30:23',NULL,'2015-07-30 10:30:23',NULL,2,1,'0',2),(1873,'640acdc0-3685-4ce0-bfba-f07d742d94db','颜色','2015-07-30 10:30:23',NULL,'2015-07-30 10:30:23',NULL,'2015-07-30 10:30:23',NULL,3,1,'0',2),(1874,'640acdc0-3685-4ce0-bfba-f07d742d94db','音量控制','2015-07-30 10:30:23',NULL,'2015-07-30 10:30:23',NULL,'2015-07-30 10:30:23',NULL,4,1,'0',2),(1875,'640acdc0-3685-4ce0-bfba-f07d742d94db','频道','2015-07-30 10:30:23',NULL,'2015-07-30 10:30:23',NULL,'2015-07-30 10:30:23',NULL,NULL,1,'0',5),(1876,'640acdc0-3685-4ce0-bfba-f07d742d94db','声音','2015-07-30 10:30:23',NULL,'2015-07-30 10:30:23',NULL,'2015-07-30 10:30:23',NULL,NULL,1,'0',5),(1877,'640acdc0-3685-4ce0-bfba-f07d742d94db','颜色','2015-07-30 10:30:23',NULL,'2015-07-30 10:30:23',NULL,'2015-07-30 10:30:23',NULL,NULL,1,'0',5),(1878,'640acdc0-3685-4ce0-bfba-f07d742d94db','音量控制','2015-07-30 10:30:23',NULL,'2015-07-30 10:30:23',NULL,'2015-07-30 10:30:23',NULL,NULL,1,'0',5),(1879,'640acdc0-3685-4ce0-bfba-f07d742d94db','频道','2015-07-30 10:30:23',NULL,'2015-07-30 10:30:23',NULL,'2015-07-30 10:30:23',NULL,1,1,'0',4),(1880,'640acdc0-3685-4ce0-bfba-f07d742d94db','声音','2015-07-30 10:30:23',NULL,'2015-07-30 10:30:23',NULL,'2015-07-30 10:30:23',NULL,2,1,'0',4),(1881,'640acdc0-3685-4ce0-bfba-f07d742d94db','颜色','2015-07-30 10:30:23',NULL,'2015-07-30 10:30:23',NULL,'2015-07-30 10:30:23',NULL,3,1,'0',4),(1882,'640acdc0-3685-4ce0-bfba-f07d742d94db','音量控制','2015-07-30 10:30:23',NULL,'2015-07-30 10:30:23',NULL,'2015-07-30 10:30:23',NULL,4,1,'0',4),(1883,'f9ad94da-cffa-4be4-96ed-4d0b5252e595','音量控制','2015-07-30 10:55:48',NULL,'2015-07-30 10:55:48',NULL,'2015-07-30 10:55:48',NULL,4,0,'0',1),(1884,'f9ad94da-cffa-4be4-96ed-4d0b5252e595','音量控制','2015-07-30 15:02:46',NULL,'2015-07-30 15:02:46',NULL,'2015-07-30 15:02:46',NULL,4,0,'0',2),(1885,'f9ad94da-cffa-4be4-96ed-4d0b5252e595','音量控制','2015-07-30 11:10:24',NULL,'2015-07-30 11:10:24',NULL,'2015-07-30 11:10:24',NULL,4,0,'0',4),(1886,'f9ad94da-cffa-4be4-96ed-4d0b5252e595','音量控制','2015-07-30 11:18:55',NULL,'2015-07-30 11:18:55',NULL,'2015-07-30 11:18:55',NULL,4,0,'0',5),(1887,'ec6c7003-fa1c-476d-ae4b-33a725d1f2c6','音量控制','2015-08-06 11:01:05',NULL,'2015-08-06 11:01:05',NULL,'2015-08-06 11:01:05',NULL,4,0,'0',1),(1888,'ec6c7003-fa1c-476d-ae4b-33a725d1f2c6','音量控制','2015-07-30 11:04:59',NULL,'2015-07-30 11:04:59',NULL,'2015-07-30 11:04:59',NULL,4,0,'0',2),(1889,'ec6c7003-fa1c-476d-ae4b-33a725d1f2c6','音量控制','2015-07-30 11:10:24',NULL,'2015-07-30 11:10:24',NULL,'2015-07-30 11:10:24',NULL,4,0,'0',4),(1890,'ec6c7003-fa1c-476d-ae4b-33a725d1f2c6','音量控制','2015-07-30 10:33:44',NULL,'2015-07-30 10:33:44',NULL,'2015-07-30 10:33:44',NULL,4,1,'0',5),(1923,'13a389f6-600b-470c-aaf2-eb5009770610','音量控制','2015-07-30 11:48:21',NULL,'2015-07-30 11:48:21',NULL,'2015-07-30 11:48:21',NULL,4,1,'0',1),(1924,'13a389f6-600b-470c-aaf2-eb5009770610','音量控制','2015-07-30 11:48:21',NULL,'2015-07-30 11:48:21',NULL,'2015-07-30 11:48:21',NULL,4,1,'0',2),(1925,'13a389f6-600b-470c-aaf2-eb5009770610','音量控制','2015-07-30 11:48:21',NULL,'2015-07-30 11:48:21',NULL,'2015-07-30 11:48:21',NULL,4,1,'0',4),(1926,'13a389f6-600b-470c-aaf2-eb5009770610','音量控制','2015-07-30 11:48:21',NULL,'2015-07-30 11:48:21',NULL,'2015-07-30 11:48:21',NULL,4,1,'0',5),(1927,'da3bcabe-8172-4f04-80b6-8f149107454b','频道','2015-07-30 11:56:45',NULL,'2015-07-30 11:56:45',NULL,'2015-07-30 11:56:45',NULL,NULL,1,'023',1),(1928,'da3bcabe-8172-4f04-80b6-8f149107454b','声音','2015-07-30 11:56:45',NULL,'2015-07-30 11:56:45',NULL,'2015-07-30 11:56:45',NULL,NULL,1,'0',1),(1929,'da3bcabe-8172-4f04-80b6-8f149107454b','颜色','2015-07-30 11:56:45',NULL,'2015-07-30 11:56:45',NULL,'2015-07-30 11:56:45',NULL,NULL,1,'0',1),(1930,'da3bcabe-8172-4f04-80b6-8f149107454b','音量控制','2015-07-30 11:56:45',NULL,'2015-07-30 11:56:45',NULL,'2015-07-30 11:56:45',NULL,NULL,1,'0',1),(1931,'da3bcabe-8172-4f04-80b6-8f149107454b','频道','2015-07-30 11:56:45',NULL,'2015-07-30 11:56:45',NULL,'2015-07-30 11:56:45',NULL,1,1,'0',2),(1932,'da3bcabe-8172-4f04-80b6-8f149107454b','声音','2015-07-30 11:56:45',NULL,'2015-07-30 11:56:45',NULL,'2015-07-30 11:56:45',NULL,2,1,'0',2),(1933,'da3bcabe-8172-4f04-80b6-8f149107454b','颜色','2015-07-30 11:56:45',NULL,'2015-07-30 11:56:45',NULL,'2015-07-30 11:56:45',NULL,3,1,'0',2),(1934,'da3bcabe-8172-4f04-80b6-8f149107454b','音量控制','2015-07-30 11:56:45',NULL,'2015-07-30 11:56:45',NULL,'2015-07-30 11:56:45',NULL,4,1,'0',2),(1935,'da3bcabe-8172-4f04-80b6-8f149107454b','频道','2015-07-30 11:56:45',NULL,'2015-07-30 11:56:45',NULL,'2015-07-30 11:56:45',NULL,1,1,'0',4),(1936,'da3bcabe-8172-4f04-80b6-8f149107454b','声音','2015-07-30 11:56:45',NULL,'2015-07-30 11:56:45',NULL,'2015-07-30 11:56:45',NULL,2,1,'0',4),(1937,'da3bcabe-8172-4f04-80b6-8f149107454b','颜色','2015-07-30 11:56:45',NULL,'2015-07-30 11:56:45',NULL,'2015-07-30 11:56:45',NULL,3,1,'0',4),(1938,'da3bcabe-8172-4f04-80b6-8f149107454b','音量控制','2015-07-30 11:56:45',NULL,'2015-07-30 11:56:45',NULL,'2015-07-30 11:56:45',NULL,4,1,'0',4),(1939,'da3bcabe-8172-4f04-80b6-8f149107454b','频道','2015-07-30 11:56:45',NULL,'2015-07-30 11:56:45',NULL,'2015-07-30 11:56:45',NULL,1,1,'0',5),(1940,'da3bcabe-8172-4f04-80b6-8f149107454b','声音','2015-07-30 11:56:45',NULL,'2015-07-30 11:56:45',NULL,'2015-07-30 11:56:45',NULL,2,1,'0',5),(1941,'da3bcabe-8172-4f04-80b6-8f149107454b','颜色','2015-07-30 11:56:45',NULL,'2015-07-30 11:56:45',NULL,'2015-07-30 11:56:45',NULL,3,1,'0',5),(1942,'da3bcabe-8172-4f04-80b6-8f149107454b','音量控制','2015-07-30 11:56:45',NULL,'2015-07-30 11:56:45',NULL,'2015-07-30 11:56:45',NULL,4,1,'0',5),(1943,'80b9218e-6924-474f-b9f6-3ae0821ae58f','频道','2015-07-30 11:57:08',NULL,'2015-07-30 11:57:08',NULL,'2015-07-30 11:57:08',NULL,NULL,1,'0',1),(1944,'80b9218e-6924-474f-b9f6-3ae0821ae58f','声音','2015-07-30 11:57:08',NULL,'2015-07-30 11:57:08',NULL,'2015-07-30 11:57:08',NULL,NULL,1,'0',1),(1945,'80b9218e-6924-474f-b9f6-3ae0821ae58f','颜色','2015-07-30 11:57:08',NULL,'2015-07-30 11:57:08',NULL,'2015-07-30 11:57:08',NULL,NULL,1,'0',1),(1946,'80b9218e-6924-474f-b9f6-3ae0821ae58f','音量控制','2015-07-30 11:57:08',NULL,'2015-07-30 11:57:08',NULL,'2015-07-30 11:57:08',NULL,NULL,1,'0',1),(1947,'80b9218e-6924-474f-b9f6-3ae0821ae58f','频道','2015-07-30 11:57:08',NULL,'2015-07-30 11:57:08',NULL,'2015-07-30 11:57:08',NULL,1,1,'0',2),(1948,'80b9218e-6924-474f-b9f6-3ae0821ae58f','声音','2015-07-30 11:57:08',NULL,'2015-07-30 11:57:08',NULL,'2015-07-30 11:57:08',NULL,2,1,'0',2),(1949,'80b9218e-6924-474f-b9f6-3ae0821ae58f','颜色','2015-07-30 11:57:08',NULL,'2015-07-30 11:57:08',NULL,'2015-07-30 11:57:08',NULL,3,1,'0',2),(1950,'80b9218e-6924-474f-b9f6-3ae0821ae58f','音量控制','2015-07-30 11:57:08',NULL,'2015-07-30 11:57:08',NULL,'2015-07-30 11:57:08',NULL,4,1,'0',2),(1951,'80b9218e-6924-474f-b9f6-3ae0821ae58f','频道','2015-07-30 11:57:08',NULL,'2015-07-30 11:57:08',NULL,'2015-07-30 11:57:08',NULL,1,1,'0',4),(1952,'80b9218e-6924-474f-b9f6-3ae0821ae58f','声音','2015-07-30 11:57:08',NULL,'2015-07-30 11:57:08',NULL,'2015-07-30 11:57:08',NULL,2,1,'0',4),(1953,'80b9218e-6924-474f-b9f6-3ae0821ae58f','颜色','2015-07-30 11:57:08',NULL,'2015-07-30 11:57:08',NULL,'2015-07-30 11:57:08',NULL,3,1,'0',4),(1954,'80b9218e-6924-474f-b9f6-3ae0821ae58f','音量控制','2015-07-30 11:57:08',NULL,'2015-07-30 11:57:08',NULL,'2015-07-30 11:57:08',NULL,4,1,'0',4),(1955,'80b9218e-6924-474f-b9f6-3ae0821ae58f','频道','2015-07-30 11:57:08',NULL,'2015-07-30 11:57:08',NULL,'2015-07-30 11:57:08',NULL,1,1,'0',5),(1956,'80b9218e-6924-474f-b9f6-3ae0821ae58f','声音','2015-07-30 11:57:08',NULL,'2015-07-30 11:57:08',NULL,'2015-07-30 11:57:08',NULL,2,1,'0',5),(1957,'80b9218e-6924-474f-b9f6-3ae0821ae58f','颜色','2015-07-30 11:57:08',NULL,'2015-07-30 11:57:08',NULL,'2015-07-30 11:57:08',NULL,3,1,'0',5),(1958,'80b9218e-6924-474f-b9f6-3ae0821ae58f','音量控制','2015-07-30 11:57:08',NULL,'2015-07-30 11:57:08',NULL,'2015-07-30 11:57:08',NULL,4,1,'0',5),(1975,'f4cfdf5f-a257-4f39-abd2-5925f51a65b6','声音','2015-08-04 10:09:41',NULL,'2015-08-04 10:09:41',NULL,'2015-08-04 10:09:41',NULL,2,0,'0',1),(1976,'f4cfdf5f-a257-4f39-abd2-5925f51a65b6','声音','2015-07-30 15:33:42',NULL,'2015-07-30 15:33:42',NULL,'2015-07-30 15:33:42',NULL,2,0,'0',2),(1977,'f4cfdf5f-a257-4f39-abd2-5925f51a65b6','声音','2015-07-30 15:00:27',NULL,'2015-07-30 15:00:27',NULL,'2015-07-30 15:00:27',NULL,2,1,'0',4),(1978,'f4cfdf5f-a257-4f39-abd2-5925f51a65b6','声音','2015-07-30 15:00:27',NULL,'2015-07-30 15:00:27',NULL,'2015-07-30 15:00:27',NULL,2,1,'0',5),(1979,'58013227-e0c2-486b-a739-4c9e1b134129','音量控制','2015-07-30 15:09:21',NULL,'2015-07-30 15:09:21',NULL,'2015-07-30 15:09:21',NULL,4,1,'0',1),(1980,'58013227-e0c2-486b-a739-4c9e1b134129','音量控制','2015-08-06 10:37:15',NULL,'2015-08-06 10:37:15',NULL,'2015-08-06 10:37:15',NULL,4,0,'0',2),(1981,'58013227-e0c2-486b-a739-4c9e1b134129','音量控制','2015-08-05 16:25:28',NULL,'2015-08-05 16:25:28',NULL,'2015-08-05 16:25:28',NULL,4,0,'0',4),(1982,'58013227-e0c2-486b-a739-4c9e1b134129','音量控制','2015-07-30 15:09:21',NULL,'2015-07-30 15:09:21',NULL,'2015-07-30 15:09:21',NULL,4,1,'0',5),(1983,'b58837f1-e7f7-4916-9a1d-81e064a76f9e','声音','2015-08-05 16:23:13',NULL,'2015-08-05 16:23:13',NULL,'2015-08-05 16:23:13',NULL,2,0,'0',1),(1984,'b58837f1-e7f7-4916-9a1d-81e064a76f9e','声音','2015-07-30 15:10:05',NULL,'2015-07-30 15:10:05',NULL,'2015-07-30 15:10:05',NULL,2,1,'0',2),(1985,'b58837f1-e7f7-4916-9a1d-81e064a76f9e','声音','2015-07-30 15:10:05',NULL,'2015-07-30 15:10:05',NULL,'2015-07-30 15:10:05',NULL,2,1,'0',4),(1986,'b58837f1-e7f7-4916-9a1d-81e064a76f9e','声音','2015-07-30 15:10:05',NULL,'2015-07-30 15:10:05',NULL,'2015-07-30 15:10:05',NULL,2,1,'0',5),(2130,'94e5cdd9-83ce-4a28-ab0b-bea367c86908','频道','2015-08-03 10:30:38',NULL,'2015-08-03 10:30:38',NULL,'2015-08-03 10:30:38',NULL,NULL,1,'0',1),(2131,'94e5cdd9-83ce-4a28-ab0b-bea367c86908','声音','2015-08-03 10:30:38',NULL,'2015-08-03 10:30:38',NULL,'2015-08-03 10:30:38',NULL,NULL,1,'0',1),(2132,'94e5cdd9-83ce-4a28-ab0b-bea367c86908','颜色','2015-08-03 10:30:38',NULL,'2015-08-03 10:30:38',NULL,'2015-08-03 10:30:38',NULL,NULL,1,'0',1),(2133,'94e5cdd9-83ce-4a28-ab0b-bea367c86908','音量控制','2015-08-03 10:30:38',NULL,'2015-08-03 10:30:38',NULL,'2015-08-03 10:30:38',NULL,NULL,1,'0',1),(2134,'94e5cdd9-83ce-4a28-ab0b-bea367c86908','频道','2015-08-03 10:30:38',NULL,'2015-08-03 10:30:38',NULL,'2015-08-03 10:30:38',NULL,1,1,'0',2),(2135,'94e5cdd9-83ce-4a28-ab0b-bea367c86908','声音','2015-08-03 10:30:38',NULL,'2015-08-03 10:30:38',NULL,'2015-08-03 10:30:38',NULL,2,1,'0',2),(2136,'94e5cdd9-83ce-4a28-ab0b-bea367c86908','颜色','2015-08-03 10:30:38',NULL,'2015-08-03 10:30:38',NULL,'2015-08-03 10:30:38',NULL,3,1,'0',2),(2137,'94e5cdd9-83ce-4a28-ab0b-bea367c86908','音量控制','2015-08-03 10:30:38',NULL,'2015-08-03 10:30:38',NULL,'2015-08-03 10:30:38',NULL,4,1,'0',2),(2138,'94e5cdd9-83ce-4a28-ab0b-bea367c86908','频道','2015-08-03 10:30:38',NULL,'2015-08-03 10:30:38',NULL,'2015-08-03 10:30:38',NULL,1,1,'0',4),(2139,'94e5cdd9-83ce-4a28-ab0b-bea367c86908','声音','2015-08-03 10:30:38',NULL,'2015-08-03 10:30:38',NULL,'2015-08-03 10:30:38',NULL,2,1,'0',4),(2140,'94e5cdd9-83ce-4a28-ab0b-bea367c86908','颜色','2015-08-03 10:30:38',NULL,'2015-08-03 10:30:38',NULL,'2015-08-03 10:30:38',NULL,3,1,'0',4),(2141,'94e5cdd9-83ce-4a28-ab0b-bea367c86908','音量控制','2015-08-03 10:30:38',NULL,'2015-08-03 10:30:38',NULL,'2015-08-03 10:30:38',NULL,4,1,'0',4),(2142,'94e5cdd9-83ce-4a28-ab0b-bea367c86908','频道','2015-08-03 10:30:38',NULL,'2015-08-03 10:30:38',NULL,'2015-08-03 10:30:38',NULL,NULL,1,'000',5),(2143,'94e5cdd9-83ce-4a28-ab0b-bea367c86908','声音','2015-08-03 10:30:38',NULL,'2015-08-03 10:30:38',NULL,'2015-08-03 10:30:38',NULL,NULL,1,'0',5),(2144,'94e5cdd9-83ce-4a28-ab0b-bea367c86908','颜色','2015-08-03 10:30:38',NULL,'2015-08-03 10:30:38',NULL,'2015-08-03 10:30:38',NULL,NULL,1,'0',5),(2145,'94e5cdd9-83ce-4a28-ab0b-bea367c86908','音量控制','2015-08-03 10:30:38',NULL,'2015-08-03 10:30:38',NULL,'2015-08-03 10:30:38',NULL,NULL,1,'0',5),(2146,'df3acadf-da7b-4b95-8340-7994cdbbc464','频道','2015-08-07 16:47:17',NULL,'2015-08-07 16:47:17',NULL,'2015-08-07 16:47:17',NULL,NULL,0,'053',1),(2147,'df3acadf-da7b-4b95-8340-7994cdbbc464','声音','2015-08-07 16:47:17',NULL,'2015-08-07 16:47:17',NULL,'2015-08-07 16:47:17',NULL,NULL,0,'0',1),(2148,'df3acadf-da7b-4b95-8340-7994cdbbc464','颜色','2015-08-07 16:47:17',NULL,'2015-08-07 16:47:17',NULL,'2015-08-07 16:47:17',NULL,NULL,0,'0',1),(2149,'df3acadf-da7b-4b95-8340-7994cdbbc464','音量控制','2015-08-07 16:47:17',NULL,'2015-08-07 16:47:17',NULL,'2015-08-07 16:47:17',NULL,NULL,0,'0',1),(2150,'df3acadf-da7b-4b95-8340-7994cdbbc464','频道','2015-08-03 11:24:47',NULL,'2015-08-03 11:24:47',NULL,'2015-08-03 11:24:47',NULL,1,1,'0',2),(2151,'df3acadf-da7b-4b95-8340-7994cdbbc464','声音','2015-08-03 11:24:47',NULL,'2015-08-03 11:24:47',NULL,'2015-08-03 11:24:47',NULL,2,1,'0',2),(2152,'df3acadf-da7b-4b95-8340-7994cdbbc464','颜色','2015-08-03 11:24:47',NULL,'2015-08-03 11:24:47',NULL,'2015-08-03 11:24:47',NULL,3,1,'0',2),(2153,'df3acadf-da7b-4b95-8340-7994cdbbc464','音量控制','2015-08-03 11:24:47',NULL,'2015-08-03 11:24:47',NULL,'2015-08-03 11:24:47',NULL,4,1,'0',2),(2154,'df3acadf-da7b-4b95-8340-7994cdbbc464','频道','2015-08-03 11:24:47',NULL,'2015-08-03 11:24:47',NULL,'2015-08-03 11:24:47',NULL,NULL,1,'0',4),(2155,'df3acadf-da7b-4b95-8340-7994cdbbc464','声音','2015-08-03 11:24:47',NULL,'2015-08-03 11:24:47',NULL,'2015-08-03 11:24:47',NULL,NULL,1,'0',4),(2156,'df3acadf-da7b-4b95-8340-7994cdbbc464','颜色','2015-08-03 11:24:47',NULL,'2015-08-03 11:24:47',NULL,'2015-08-03 11:24:47',NULL,NULL,1,'0',4),(2157,'df3acadf-da7b-4b95-8340-7994cdbbc464','音量控制','2015-08-03 11:24:47',NULL,'2015-08-03 11:24:47',NULL,'2015-08-03 11:24:47',NULL,NULL,1,'0',4),(2158,'df3acadf-da7b-4b95-8340-7994cdbbc464','频道','2015-08-04 11:10:11',NULL,'2015-08-04 11:10:11',NULL,'2015-08-04 11:10:11',NULL,1,0,'905',5),(2159,'df3acadf-da7b-4b95-8340-7994cdbbc464','声音','2015-08-04 11:10:11',NULL,'2015-08-04 11:10:11',NULL,'2015-08-04 11:10:11',NULL,2,0,'0',5),(2160,'df3acadf-da7b-4b95-8340-7994cdbbc464','颜色','2015-08-04 11:10:11',NULL,'2015-08-04 11:10:11',NULL,'2015-08-04 11:10:11',NULL,3,0,'0',5),(2161,'df3acadf-da7b-4b95-8340-7994cdbbc464','音量控制','2015-08-04 11:10:11',NULL,'2015-08-04 11:10:11',NULL,'2015-08-04 11:10:11',NULL,4,0,'0',5),(2162,'7591f0c8-2ed8-471e-a63c-a8b380387a12','频道','2015-08-03 11:27:37',NULL,'2015-08-03 11:27:37',NULL,'2015-08-03 11:27:37',NULL,1,1,'0',1),(2163,'7591f0c8-2ed8-471e-a63c-a8b380387a12','声音','2015-08-03 11:27:37',NULL,'2015-08-03 11:27:37',NULL,'2015-08-03 11:27:37',NULL,2,1,'0',1),(2164,'7591f0c8-2ed8-471e-a63c-a8b380387a12','颜色','2015-08-03 11:27:37',NULL,'2015-08-03 11:27:37',NULL,'2015-08-03 11:27:37',NULL,3,1,'0',1),(2165,'7591f0c8-2ed8-471e-a63c-a8b380387a12','音量控制','2015-08-03 11:27:37',NULL,'2015-08-03 11:27:37',NULL,'2015-08-03 11:27:37',NULL,4,1,'0',1),(2166,'7591f0c8-2ed8-471e-a63c-a8b380387a12','频道','2015-08-03 11:27:37',NULL,'2015-08-03 11:27:37',NULL,'2015-08-03 11:27:37',NULL,1,1,'0',2),(2167,'7591f0c8-2ed8-471e-a63c-a8b380387a12','声音','2015-08-03 11:27:37',NULL,'2015-08-03 11:27:37',NULL,'2015-08-03 11:27:37',NULL,2,1,'0',2),(2168,'7591f0c8-2ed8-471e-a63c-a8b380387a12','颜色','2015-08-03 11:27:37',NULL,'2015-08-03 11:27:37',NULL,'2015-08-03 11:27:37',NULL,3,1,'0',2),(2169,'7591f0c8-2ed8-471e-a63c-a8b380387a12','音量控制','2015-08-03 11:27:37',NULL,'2015-08-03 11:27:37',NULL,'2015-08-03 11:27:37',NULL,4,1,'0',2),(2170,'7591f0c8-2ed8-471e-a63c-a8b380387a12','频道','2015-08-03 11:27:37',NULL,'2015-08-03 11:27:37',NULL,'2015-08-03 11:27:37',NULL,1,1,'0',4),(2171,'7591f0c8-2ed8-471e-a63c-a8b380387a12','声音','2015-08-03 11:27:37',NULL,'2015-08-03 11:27:37',NULL,'2015-08-03 11:27:37',NULL,2,1,'0',4),(2172,'7591f0c8-2ed8-471e-a63c-a8b380387a12','颜色','2015-08-03 11:27:37',NULL,'2015-08-03 11:27:37',NULL,'2015-08-03 11:27:37',NULL,3,1,'0',4),(2173,'7591f0c8-2ed8-471e-a63c-a8b380387a12','音量控制','2015-08-03 11:27:37',NULL,'2015-08-03 11:27:37',NULL,'2015-08-03 11:27:37',NULL,4,1,'0',4),(2174,'7591f0c8-2ed8-471e-a63c-a8b380387a12','频道','2015-08-03 11:27:37',NULL,'2015-08-03 11:27:37',NULL,'2015-08-03 11:27:37',NULL,1,1,'0',5),(2175,'7591f0c8-2ed8-471e-a63c-a8b380387a12','声音','2015-08-03 11:27:37',NULL,'2015-08-03 11:27:37',NULL,'2015-08-03 11:27:37',NULL,2,1,'0',5),(2176,'7591f0c8-2ed8-471e-a63c-a8b380387a12','颜色','2015-08-03 11:27:37',NULL,'2015-08-03 11:27:37',NULL,'2015-08-03 11:27:37',NULL,3,1,'0',5),(2177,'7591f0c8-2ed8-471e-a63c-a8b380387a12','音量控制','2015-08-03 11:27:37',NULL,'2015-08-03 11:27:37',NULL,'2015-08-03 11:27:37',NULL,4,1,'0',5),(2178,'75e42167-a0c4-479f-8d47-6cbc5d776f4c','频道','2015-08-03 11:27:59',NULL,'2015-08-03 11:27:59',NULL,'2015-08-03 11:27:59',NULL,1,1,'0',1),(2179,'75e42167-a0c4-479f-8d47-6cbc5d776f4c','声音','2015-08-03 11:27:59',NULL,'2015-08-03 11:27:59',NULL,'2015-08-03 11:27:59',NULL,2,1,'0',1),(2180,'75e42167-a0c4-479f-8d47-6cbc5d776f4c','颜色','2015-08-03 11:27:59',NULL,'2015-08-03 11:27:59',NULL,'2015-08-03 11:27:59',NULL,3,1,'0',1),(2181,'75e42167-a0c4-479f-8d47-6cbc5d776f4c','音量控制','2015-08-03 11:27:59',NULL,'2015-08-03 11:27:59',NULL,'2015-08-03 11:27:59',NULL,4,1,'0',1),(2182,'75e42167-a0c4-479f-8d47-6cbc5d776f4c','频道','2015-08-03 11:27:59',NULL,'2015-08-03 11:27:59',NULL,'2015-08-03 11:27:59',NULL,1,1,'0',2),(2183,'75e42167-a0c4-479f-8d47-6cbc5d776f4c','声音','2015-08-03 11:27:59',NULL,'2015-08-03 11:27:59',NULL,'2015-08-03 11:27:59',NULL,2,1,'0',2),(2184,'75e42167-a0c4-479f-8d47-6cbc5d776f4c','颜色','2015-08-03 11:27:59',NULL,'2015-08-03 11:27:59',NULL,'2015-08-03 11:27:59',NULL,3,1,'0',2),(2185,'75e42167-a0c4-479f-8d47-6cbc5d776f4c','音量控制','2015-08-03 11:27:59',NULL,'2015-08-03 11:27:59',NULL,'2015-08-03 11:27:59',NULL,4,1,'0',2),(2186,'75e42167-a0c4-479f-8d47-6cbc5d776f4c','频道','2015-08-03 11:27:59',NULL,'2015-08-03 11:27:59',NULL,'2015-08-03 11:27:59',NULL,1,1,'0',4),(2187,'75e42167-a0c4-479f-8d47-6cbc5d776f4c','声音','2015-08-03 11:27:59',NULL,'2015-08-03 11:27:59',NULL,'2015-08-03 11:27:59',NULL,2,1,'0',4),(2188,'75e42167-a0c4-479f-8d47-6cbc5d776f4c','颜色','2015-08-03 11:27:59',NULL,'2015-08-03 11:27:59',NULL,'2015-08-03 11:27:59',NULL,3,1,'0',4),(2189,'75e42167-a0c4-479f-8d47-6cbc5d776f4c','音量控制','2015-08-03 11:27:59',NULL,'2015-08-03 11:27:59',NULL,'2015-08-03 11:27:59',NULL,4,1,'0',4),(2190,'75e42167-a0c4-479f-8d47-6cbc5d776f4c','频道','2015-08-03 11:27:59',NULL,'2015-08-03 11:27:59',NULL,'2015-08-03 11:27:59',NULL,1,1,'0',5),(2191,'75e42167-a0c4-479f-8d47-6cbc5d776f4c','声音','2015-08-03 11:27:59',NULL,'2015-08-03 11:27:59',NULL,'2015-08-03 11:27:59',NULL,2,1,'0',5),(2192,'75e42167-a0c4-479f-8d47-6cbc5d776f4c','颜色','2015-08-03 11:27:59',NULL,'2015-08-03 11:27:59',NULL,'2015-08-03 11:27:59',NULL,3,1,'0',5),(2193,'75e42167-a0c4-479f-8d47-6cbc5d776f4c','音量控制','2015-08-03 11:27:59',NULL,'2015-08-03 11:27:59',NULL,'2015-08-03 11:27:59',NULL,4,1,'0',5),(2194,'31aa36fa-f18c-41e0-8c99-48f90d48f423','频道','2015-08-03 11:28:07',NULL,'2015-08-03 11:28:07',NULL,'2015-08-03 11:28:07',NULL,1,1,'0',1),(2195,'31aa36fa-f18c-41e0-8c99-48f90d48f423','声音','2015-08-03 11:28:07',NULL,'2015-08-03 11:28:07',NULL,'2015-08-03 11:28:07',NULL,2,1,'0',1),(2196,'31aa36fa-f18c-41e0-8c99-48f90d48f423','颜色','2015-08-03 11:28:07',NULL,'2015-08-03 11:28:07',NULL,'2015-08-03 11:28:07',NULL,3,1,'0',1),(2197,'31aa36fa-f18c-41e0-8c99-48f90d48f423','音量控制','2015-08-03 11:28:07',NULL,'2015-08-03 11:28:07',NULL,'2015-08-03 11:28:07',NULL,4,1,'0',1),(2198,'31aa36fa-f18c-41e0-8c99-48f90d48f423','频道','2015-08-03 11:28:07',NULL,'2015-08-03 11:28:07',NULL,'2015-08-03 11:28:07',NULL,1,1,'0',2),(2199,'31aa36fa-f18c-41e0-8c99-48f90d48f423','声音','2015-08-03 11:28:07',NULL,'2015-08-03 11:28:07',NULL,'2015-08-03 11:28:07',NULL,2,1,'0',2),(2200,'31aa36fa-f18c-41e0-8c99-48f90d48f423','颜色','2015-08-03 11:28:07',NULL,'2015-08-03 11:28:07',NULL,'2015-08-03 11:28:07',NULL,3,1,'0',2),(2201,'31aa36fa-f18c-41e0-8c99-48f90d48f423','音量控制','2015-08-03 11:28:07',NULL,'2015-08-03 11:28:07',NULL,'2015-08-03 11:28:07',NULL,4,1,'0',2),(2202,'31aa36fa-f18c-41e0-8c99-48f90d48f423','频道','2015-08-03 11:28:07',NULL,'2015-08-03 11:28:07',NULL,'2015-08-03 11:28:07',NULL,1,1,'0',4),(2203,'31aa36fa-f18c-41e0-8c99-48f90d48f423','声音','2015-08-03 11:28:07',NULL,'2015-08-03 11:28:07',NULL,'2015-08-03 11:28:07',NULL,2,1,'0',4),(2204,'31aa36fa-f18c-41e0-8c99-48f90d48f423','颜色','2015-08-03 11:28:07',NULL,'2015-08-03 11:28:07',NULL,'2015-08-03 11:28:07',NULL,3,1,'0',4),(2205,'31aa36fa-f18c-41e0-8c99-48f90d48f423','音量控制','2015-08-03 11:28:07',NULL,'2015-08-03 11:28:07',NULL,'2015-08-03 11:28:07',NULL,4,1,'0',4),(2206,'31aa36fa-f18c-41e0-8c99-48f90d48f423','频道','2015-08-03 11:28:07',NULL,'2015-08-03 11:28:07',NULL,'2015-08-03 11:28:07',NULL,1,1,'0',5),(2207,'31aa36fa-f18c-41e0-8c99-48f90d48f423','声音','2015-08-03 11:28:07',NULL,'2015-08-03 11:28:07',NULL,'2015-08-03 11:28:07',NULL,2,1,'0',5),(2208,'31aa36fa-f18c-41e0-8c99-48f90d48f423','颜色','2015-08-03 11:28:07',NULL,'2015-08-03 11:28:07',NULL,'2015-08-03 11:28:07',NULL,3,1,'0',5),(2209,'31aa36fa-f18c-41e0-8c99-48f90d48f423','音量控制','2015-08-03 11:28:07',NULL,'2015-08-03 11:28:07',NULL,'2015-08-03 11:28:07',NULL,4,1,'0',5),(2210,'5bb9d128-fd0f-490e-b8a1-5d390c75b0c3','频道','2015-08-06 16:16:49',NULL,'2015-08-06 16:16:49',NULL,'2015-08-06 16:16:49',NULL,1,0,'0',1),(2211,'5bb9d128-fd0f-490e-b8a1-5d390c75b0c3','声音','2015-08-06 16:16:49',NULL,'2015-08-06 16:16:49',NULL,'2015-08-06 16:16:49',NULL,2,0,'0',1),(2212,'5bb9d128-fd0f-490e-b8a1-5d390c75b0c3','颜色','2015-08-06 16:16:49',NULL,'2015-08-06 16:16:49',NULL,'2015-08-06 16:16:49',NULL,3,0,'0',1),(2213,'5bb9d128-fd0f-490e-b8a1-5d390c75b0c3','音量控制','2015-08-06 16:16:49',NULL,'2015-08-06 16:16:49',NULL,'2015-08-06 16:16:49',NULL,4,0,'0',1),(2214,'5bb9d128-fd0f-490e-b8a1-5d390c75b0c3','频道','2015-08-03 11:31:08',NULL,'2015-08-03 11:31:08',NULL,'2015-08-03 11:31:08',NULL,1,1,'0',2),(2215,'5bb9d128-fd0f-490e-b8a1-5d390c75b0c3','声音','2015-08-03 11:31:08',NULL,'2015-08-03 11:31:08',NULL,'2015-08-03 11:31:08',NULL,2,1,'0',2),(2216,'5bb9d128-fd0f-490e-b8a1-5d390c75b0c3','颜色','2015-08-03 11:31:08',NULL,'2015-08-03 11:31:08',NULL,'2015-08-03 11:31:08',NULL,3,1,'0',2),(2217,'5bb9d128-fd0f-490e-b8a1-5d390c75b0c3','音量控制','2015-08-03 11:31:08',NULL,'2015-08-03 11:31:08',NULL,'2015-08-03 11:31:08',NULL,4,1,'0',2),(2218,'5bb9d128-fd0f-490e-b8a1-5d390c75b0c3','频道','2015-08-03 11:31:08',NULL,'2015-08-03 11:31:08',NULL,'2015-08-03 11:31:08',NULL,1,1,'0',4),(2219,'5bb9d128-fd0f-490e-b8a1-5d390c75b0c3','声音','2015-08-03 11:31:08',NULL,'2015-08-03 11:31:08',NULL,'2015-08-03 11:31:08',NULL,2,1,'0',4),(2220,'5bb9d128-fd0f-490e-b8a1-5d390c75b0c3','颜色','2015-08-03 11:31:08',NULL,'2015-08-03 11:31:08',NULL,'2015-08-03 11:31:08',NULL,3,1,'0',4),(2221,'5bb9d128-fd0f-490e-b8a1-5d390c75b0c3','音量控制','2015-08-03 11:31:08',NULL,'2015-08-03 11:31:08',NULL,'2015-08-03 11:31:08',NULL,4,1,'0',4),(2222,'5bb9d128-fd0f-490e-b8a1-5d390c75b0c3','频道','2015-08-03 11:31:08',NULL,'2015-08-03 11:31:08',NULL,'2015-08-03 11:31:08',NULL,1,1,'0',5),(2223,'5bb9d128-fd0f-490e-b8a1-5d390c75b0c3','声音','2015-08-03 11:31:08',NULL,'2015-08-03 11:31:08',NULL,'2015-08-03 11:31:08',NULL,2,1,'0',5),(2224,'5bb9d128-fd0f-490e-b8a1-5d390c75b0c3','颜色','2015-08-03 11:31:08',NULL,'2015-08-03 11:31:08',NULL,'2015-08-03 11:31:08',NULL,3,1,'0',5),(2225,'5bb9d128-fd0f-490e-b8a1-5d390c75b0c3','音量控制','2015-08-03 11:31:08',NULL,'2015-08-03 11:31:08',NULL,'2015-08-03 11:31:08',NULL,4,1,'0',5),(2226,'6a4f2fd4-4fa9-4d13-b7e5-2e30263d130e','频道','2015-08-03 12:01:02',NULL,'2015-08-03 12:01:02',NULL,'2015-08-03 12:01:02',NULL,1,1,'0',1),(2227,'6a4f2fd4-4fa9-4d13-b7e5-2e30263d130e','声音','2015-08-03 12:01:02',NULL,'2015-08-03 12:01:02',NULL,'2015-08-03 12:01:02',NULL,2,1,'0',1),(2228,'6a4f2fd4-4fa9-4d13-b7e5-2e30263d130e','颜色','2015-08-03 12:01:02',NULL,'2015-08-03 12:01:02',NULL,'2015-08-03 12:01:02',NULL,3,1,'0',1),(2229,'6a4f2fd4-4fa9-4d13-b7e5-2e30263d130e','音量控制','2015-08-03 12:01:02',NULL,'2015-08-03 12:01:02',NULL,'2015-08-03 12:01:02',NULL,4,1,'0',1),(2230,'6a4f2fd4-4fa9-4d13-b7e5-2e30263d130e','频道','2015-08-03 12:01:02',NULL,'2015-08-03 12:01:02',NULL,'2015-08-03 12:01:02',NULL,1,1,'0',2),(2231,'6a4f2fd4-4fa9-4d13-b7e5-2e30263d130e','声音','2015-08-03 12:01:02',NULL,'2015-08-03 12:01:02',NULL,'2015-08-03 12:01:02',NULL,2,1,'0',2),(2232,'6a4f2fd4-4fa9-4d13-b7e5-2e30263d130e','颜色','2015-08-03 12:01:02',NULL,'2015-08-03 12:01:02',NULL,'2015-08-03 12:01:02',NULL,3,1,'0',2),(2233,'6a4f2fd4-4fa9-4d13-b7e5-2e30263d130e','音量控制','2015-08-03 12:01:02',NULL,'2015-08-03 12:01:02',NULL,'2015-08-03 12:01:02',NULL,4,1,'0',2),(2234,'6a4f2fd4-4fa9-4d13-b7e5-2e30263d130e','频道','2015-08-03 12:01:02',NULL,'2015-08-03 12:01:02',NULL,'2015-08-03 12:01:02',NULL,1,1,'0',4),(2235,'6a4f2fd4-4fa9-4d13-b7e5-2e30263d130e','声音','2015-08-03 12:01:02',NULL,'2015-08-03 12:01:02',NULL,'2015-08-03 12:01:02',NULL,2,1,'0',4),(2236,'6a4f2fd4-4fa9-4d13-b7e5-2e30263d130e','颜色','2015-08-03 12:01:02',NULL,'2015-08-03 12:01:02',NULL,'2015-08-03 12:01:02',NULL,3,1,'0',4),(2237,'6a4f2fd4-4fa9-4d13-b7e5-2e30263d130e','音量控制','2015-08-03 12:01:02',NULL,'2015-08-03 12:01:02',NULL,'2015-08-03 12:01:02',NULL,4,1,'0',4),(2238,'6a4f2fd4-4fa9-4d13-b7e5-2e30263d130e','频道','2015-08-03 12:01:02',NULL,'2015-08-03 12:01:02',NULL,'2015-08-03 12:01:02',NULL,1,1,'0',5),(2239,'6a4f2fd4-4fa9-4d13-b7e5-2e30263d130e','声音','2015-08-03 12:01:02',NULL,'2015-08-03 12:01:02',NULL,'2015-08-03 12:01:02',NULL,2,1,'0',5),(2240,'6a4f2fd4-4fa9-4d13-b7e5-2e30263d130e','颜色','2015-08-03 12:01:02',NULL,'2015-08-03 12:01:02',NULL,'2015-08-03 12:01:02',NULL,3,1,'0',5),(2241,'6a4f2fd4-4fa9-4d13-b7e5-2e30263d130e','音量控制','2015-08-03 12:01:02',NULL,'2015-08-03 12:01:02',NULL,'2015-08-03 12:01:02',NULL,4,1,'0',5),(2242,'9a3e09e6-5bdd-4da1-8426-21163a2d5171','风速级别设置','2015-08-03 14:35:07',NULL,'2015-08-03 14:35:07',NULL,'2015-08-03 14:35:07',NULL,7,1,'0',7),(2243,'9a3e09e6-5bdd-4da1-8426-21163a2d5171','风类设置','2015-08-03 14:35:07',NULL,'2015-08-03 14:35:07',NULL,'2015-08-03 14:35:07',NULL,9,1,'0',7),(2244,'9a3e09e6-5bdd-4da1-8426-21163a2d5171','是否静音','2015-08-03 14:35:07',NULL,'2015-08-03 14:35:07',NULL,'2015-08-03 14:35:07',NULL,10,1,'0',7),(2245,'9a3e09e6-5bdd-4da1-8426-21163a2d5171','是否摆头','2015-08-03 14:35:07',NULL,'2015-08-03 14:35:07',NULL,'2015-08-03 14:35:07',NULL,11,1,'0',7),(2246,'9a3e09e6-5bdd-4da1-8426-21163a2d5171','风速级别设置','2015-08-03 14:35:07',NULL,'2015-08-03 14:35:07',NULL,'2015-08-03 14:35:07',NULL,7,1,'0',2),(2247,'9a3e09e6-5bdd-4da1-8426-21163a2d5171','风类设置','2015-08-03 14:35:07',NULL,'2015-08-03 14:35:07',NULL,'2015-08-03 14:35:07',NULL,9,1,'0',2),(2248,'9a3e09e6-5bdd-4da1-8426-21163a2d5171','是否静音','2015-08-03 14:35:07',NULL,'2015-08-03 14:35:07',NULL,'2015-08-03 14:35:07',NULL,10,1,'0',2),(2249,'9a3e09e6-5bdd-4da1-8426-21163a2d5171','是否摆头','2015-08-03 14:35:07',NULL,'2015-08-03 14:35:07',NULL,'2015-08-03 14:35:07',NULL,11,1,'0',2),(2250,'2ed26886-5a37-4c86-8c11-e3e9650b4427','风速级别设置','2015-08-06 11:02:38',NULL,'2015-08-06 11:02:38',NULL,'2015-08-06 11:02:38',NULL,7,0,'1',7),(2251,'2ed26886-5a37-4c86-8c11-e3e9650b4427','风类设置','2015-08-06 11:02:38',NULL,'2015-08-06 11:02:38',NULL,'2015-08-06 11:02:38',NULL,9,0,'0',7),(2252,'2ed26886-5a37-4c86-8c11-e3e9650b4427','是否静音','2015-08-06 11:02:38',NULL,'2015-08-06 11:02:38',NULL,'2015-08-06 11:02:38',NULL,10,0,'1',7),(2253,'2ed26886-5a37-4c86-8c11-e3e9650b4427','是否摆头','2015-08-06 11:02:38',NULL,'2015-08-06 11:02:38',NULL,'2015-08-06 11:02:38',NULL,11,0,'1',7),(2254,'2ed26886-5a37-4c86-8c11-e3e9650b4427','风速级别设置','2015-08-04 10:11:43',NULL,'2015-08-04 10:11:43',NULL,'2015-08-04 10:11:43',NULL,7,0,'0',2),(2255,'2ed26886-5a37-4c86-8c11-e3e9650b4427','风类设置','2015-08-04 10:11:43',NULL,'2015-08-04 10:11:43',NULL,'2015-08-04 10:11:43',NULL,9,0,'0',2),(2256,'2ed26886-5a37-4c86-8c11-e3e9650b4427','是否静音','2015-08-04 10:11:43',NULL,'2015-08-04 10:11:43',NULL,'2015-08-04 10:11:43',NULL,10,0,'0',2),(2257,'2ed26886-5a37-4c86-8c11-e3e9650b4427','是否摆头','2015-08-04 10:11:43',NULL,'2015-08-04 10:11:43',NULL,'2015-08-04 10:11:43',NULL,11,0,'0',2),(2258,'8bbb9414-ec29-4e61-8a1c-8d30bc2091a4','模式','2015-08-04 11:30:47',NULL,'2015-08-04 11:30:47',NULL,'2015-08-04 11:30:47',NULL,5,0,'0',7),(2259,'8bbb9414-ec29-4e61-8a1c-8d30bc2091a4','是否扫风','2015-08-04 11:30:47',NULL,'2015-08-04 11:30:47',NULL,'2015-08-04 11:30:47',NULL,6,0,'0',7),(2260,'8bbb9414-ec29-4e61-8a1c-8d30bc2091a4','风速级别设置','2015-08-04 11:30:47',NULL,'2015-08-04 11:30:47',NULL,'2015-08-04 11:30:47',NULL,7,0,'0',7),(2261,'8bbb9414-ec29-4e61-8a1c-8d30bc2091a4','温度设置','2015-08-04 11:30:47',NULL,'2015-08-04 11:30:47',NULL,'2015-08-04 11:30:47',NULL,8,0,'23',7),(2262,'8bbb9414-ec29-4e61-8a1c-8d30bc2091a4','模式','2015-08-04 10:10:53',NULL,'2015-08-04 10:10:53',NULL,'2015-08-04 10:10:53',NULL,5,0,'0',1),(2263,'8bbb9414-ec29-4e61-8a1c-8d30bc2091a4','是否扫风','2015-08-04 10:10:53',NULL,'2015-08-04 10:10:53',NULL,'2015-08-04 10:10:53',NULL,6,0,'2',1),(2264,'8bbb9414-ec29-4e61-8a1c-8d30bc2091a4','风速级别设置','2015-08-04 10:10:53',NULL,'2015-08-04 10:10:53',NULL,'2015-08-04 10:10:53',NULL,7,0,'2',1),(2265,'8bbb9414-ec29-4e61-8a1c-8d30bc2091a4','温度设置','2015-08-04 10:10:53',NULL,'2015-08-04 10:10:53',NULL,'2015-08-04 10:10:53',NULL,8,0,'22',1),(2266,'8bbb9414-ec29-4e61-8a1c-8d30bc2091a4','模式','2015-08-04 10:11:12',NULL,'2015-08-04 10:11:12',NULL,'2015-08-04 10:11:12',NULL,NULL,0,'0',2),(2267,'8bbb9414-ec29-4e61-8a1c-8d30bc2091a4','是否扫风','2015-08-04 10:11:12',NULL,'2015-08-04 10:11:12',NULL,'2015-08-04 10:11:12',NULL,NULL,0,'0',2),(2268,'8bbb9414-ec29-4e61-8a1c-8d30bc2091a4','风速级别设置','2015-08-04 10:11:12',NULL,'2015-08-04 10:11:12',NULL,'2015-08-04 10:11:12',NULL,NULL,0,'1',2),(2269,'8bbb9414-ec29-4e61-8a1c-8d30bc2091a4','温度设置','2015-08-04 10:11:12',NULL,'2015-08-04 10:11:12',NULL,'2015-08-04 10:11:12',NULL,NULL,0,'14',2),(2270,'b48a50a3-1478-409b-9913-2b03e539f716','模式','2015-08-03 14:36:45',NULL,'2015-08-03 14:36:45',NULL,'2015-08-03 14:36:45',NULL,5,1,'0',7),(2271,'b48a50a3-1478-409b-9913-2b03e539f716','是否扫风','2015-08-03 14:36:45',NULL,'2015-08-03 14:36:45',NULL,'2015-08-03 14:36:45',NULL,6,1,'0',7),(2272,'b48a50a3-1478-409b-9913-2b03e539f716','风速级别设置','2015-08-03 14:36:45',NULL,'2015-08-03 14:36:45',NULL,'2015-08-03 14:36:45',NULL,7,1,'0',7),(2273,'b48a50a3-1478-409b-9913-2b03e539f716','温度设置','2015-08-03 14:36:45',NULL,'2015-08-03 14:36:45',NULL,'2015-08-03 14:36:45',NULL,8,1,'0',7),(2274,'b48a50a3-1478-409b-9913-2b03e539f716','模式','2015-08-03 14:36:45',NULL,'2015-08-03 14:36:45',NULL,'2015-08-03 14:36:45',NULL,5,1,'0',1),(2275,'b48a50a3-1478-409b-9913-2b03e539f716','是否扫风','2015-08-03 14:36:45',NULL,'2015-08-03 14:36:45',NULL,'2015-08-03 14:36:45',NULL,6,1,'0',1),(2276,'b48a50a3-1478-409b-9913-2b03e539f716','风速级别设置','2015-08-03 14:36:45',NULL,'2015-08-03 14:36:45',NULL,'2015-08-03 14:36:45',NULL,7,1,'0',1),(2277,'b48a50a3-1478-409b-9913-2b03e539f716','温度设置','2015-08-03 14:36:45',NULL,'2015-08-03 14:36:45',NULL,'2015-08-03 14:36:45',NULL,8,1,'0',1),(2278,'b48a50a3-1478-409b-9913-2b03e539f716','模式','2015-08-03 14:36:45',NULL,'2015-08-03 14:36:45',NULL,'2015-08-03 14:36:45',NULL,5,1,'0',2),(2279,'b48a50a3-1478-409b-9913-2b03e539f716','是否扫风','2015-08-03 14:36:45',NULL,'2015-08-03 14:36:45',NULL,'2015-08-03 14:36:45',NULL,6,1,'0',2),(2280,'b48a50a3-1478-409b-9913-2b03e539f716','风速级别设置','2015-08-03 14:36:45',NULL,'2015-08-03 14:36:45',NULL,'2015-08-03 14:36:45',NULL,7,1,'0',2),(2281,'b48a50a3-1478-409b-9913-2b03e539f716','温度设置','2015-08-03 14:36:45',NULL,'2015-08-03 14:36:45',NULL,'2015-08-03 14:36:45',NULL,8,1,'0',2),(2282,'b696ec18-aa4d-4493-a5ad-fda293faed76','模式','2015-08-03 14:37:16',NULL,'2015-08-03 14:37:16',NULL,'2015-08-03 14:37:16',NULL,5,1,'0',7),(2283,'b696ec18-aa4d-4493-a5ad-fda293faed76','是否扫风','2015-08-03 14:37:16',NULL,'2015-08-03 14:37:16',NULL,'2015-08-03 14:37:16',NULL,6,1,'0',7),(2284,'b696ec18-aa4d-4493-a5ad-fda293faed76','风速级别设置','2015-08-03 14:37:16',NULL,'2015-08-03 14:37:16',NULL,'2015-08-03 14:37:16',NULL,7,1,'0',7),(2285,'b696ec18-aa4d-4493-a5ad-fda293faed76','温度设置','2015-08-03 14:37:16',NULL,'2015-08-03 14:37:16',NULL,'2015-08-03 14:37:16',NULL,8,1,'0',7),(2286,'b696ec18-aa4d-4493-a5ad-fda293faed76','模式','2015-08-03 14:37:16',NULL,'2015-08-03 14:37:16',NULL,'2015-08-03 14:37:16',NULL,5,1,'0',1),(2287,'b696ec18-aa4d-4493-a5ad-fda293faed76','是否扫风','2015-08-03 14:37:16',NULL,'2015-08-03 14:37:16',NULL,'2015-08-03 14:37:16',NULL,6,1,'0',1),(2288,'b696ec18-aa4d-4493-a5ad-fda293faed76','风速级别设置','2015-08-03 14:37:16',NULL,'2015-08-03 14:37:16',NULL,'2015-08-03 14:37:16',NULL,7,1,'0',1),(2289,'b696ec18-aa4d-4493-a5ad-fda293faed76','温度设置','2015-08-03 14:37:16',NULL,'2015-08-03 14:37:16',NULL,'2015-08-03 14:37:16',NULL,8,1,'0',1),(2290,'b696ec18-aa4d-4493-a5ad-fda293faed76','模式','2015-08-03 14:37:16',NULL,'2015-08-03 14:37:16',NULL,'2015-08-03 14:37:16',NULL,5,1,'0',2),(2291,'b696ec18-aa4d-4493-a5ad-fda293faed76','是否扫风','2015-08-03 14:37:16',NULL,'2015-08-03 14:37:16',NULL,'2015-08-03 14:37:16',NULL,6,1,'0',2),(2292,'b696ec18-aa4d-4493-a5ad-fda293faed76','风速级别设置','2015-08-03 14:37:16',NULL,'2015-08-03 14:37:16',NULL,'2015-08-03 14:37:16',NULL,7,1,'0',2),(2293,'b696ec18-aa4d-4493-a5ad-fda293faed76','温度设置','2015-08-03 14:37:16',NULL,'2015-08-03 14:37:16',NULL,'2015-08-03 14:37:16',NULL,8,1,'0',2),(2294,'52f01e82-b975-4f89-a3e1-a980a76a8be4','模式','2015-08-03 14:37:23',NULL,'2015-08-03 14:37:23',NULL,'2015-08-03 14:37:23',NULL,5,1,'0',7),(2295,'52f01e82-b975-4f89-a3e1-a980a76a8be4','是否扫风','2015-08-03 14:37:23',NULL,'2015-08-03 14:37:23',NULL,'2015-08-03 14:37:23',NULL,6,1,'0',7),(2296,'52f01e82-b975-4f89-a3e1-a980a76a8be4','风速级别设置','2015-08-03 14:37:23',NULL,'2015-08-03 14:37:23',NULL,'2015-08-03 14:37:23',NULL,7,1,'0',7),(2297,'52f01e82-b975-4f89-a3e1-a980a76a8be4','温度设置','2015-08-03 14:37:23',NULL,'2015-08-03 14:37:23',NULL,'2015-08-03 14:37:23',NULL,8,1,'0',7),(2298,'52f01e82-b975-4f89-a3e1-a980a76a8be4','模式','2015-08-03 14:37:23',NULL,'2015-08-03 14:37:23',NULL,'2015-08-03 14:37:23',NULL,5,1,'0',1),(2299,'52f01e82-b975-4f89-a3e1-a980a76a8be4','是否扫风','2015-08-03 14:37:23',NULL,'2015-08-03 14:37:23',NULL,'2015-08-03 14:37:23',NULL,6,1,'0',1),(2300,'52f01e82-b975-4f89-a3e1-a980a76a8be4','风速级别设置','2015-08-03 14:37:23',NULL,'2015-08-03 14:37:23',NULL,'2015-08-03 14:37:23',NULL,7,1,'0',1),(2301,'52f01e82-b975-4f89-a3e1-a980a76a8be4','温度设置','2015-08-03 14:37:23',NULL,'2015-08-03 14:37:23',NULL,'2015-08-03 14:37:23',NULL,8,1,'0',1),(2302,'52f01e82-b975-4f89-a3e1-a980a76a8be4','模式','2015-08-03 14:37:23',NULL,'2015-08-03 14:37:23',NULL,'2015-08-03 14:37:23',NULL,5,1,'0',2),(2303,'52f01e82-b975-4f89-a3e1-a980a76a8be4','是否扫风','2015-08-03 14:37:23',NULL,'2015-08-03 14:37:23',NULL,'2015-08-03 14:37:23',NULL,6,1,'0',2),(2304,'52f01e82-b975-4f89-a3e1-a980a76a8be4','风速级别设置','2015-08-03 14:37:23',NULL,'2015-08-03 14:37:23',NULL,'2015-08-03 14:37:23',NULL,7,1,'0',2),(2305,'52f01e82-b975-4f89-a3e1-a980a76a8be4','温度设置','2015-08-03 14:37:23',NULL,'2015-08-03 14:37:23',NULL,'2015-08-03 14:37:23',NULL,8,1,'0',2),(2306,'b8f3e20d-4d64-47a2-881b-20d38ee5ad3b','模式','2015-08-03 14:41:00',NULL,'2015-08-03 14:41:00',NULL,'2015-08-03 14:41:00',NULL,5,1,'0',7),(2307,'b8f3e20d-4d64-47a2-881b-20d38ee5ad3b','是否扫风','2015-08-03 14:41:00',NULL,'2015-08-03 14:41:00',NULL,'2015-08-03 14:41:00',NULL,6,1,'0',7),(2308,'b8f3e20d-4d64-47a2-881b-20d38ee5ad3b','风速级别设置','2015-08-03 14:41:00',NULL,'2015-08-03 14:41:00',NULL,'2015-08-03 14:41:00',NULL,7,1,'0',7),(2309,'b8f3e20d-4d64-47a2-881b-20d38ee5ad3b','温度设置','2015-08-03 14:41:00',NULL,'2015-08-03 14:41:00',NULL,'2015-08-03 14:41:00',NULL,8,1,'0',7),(2310,'b8f3e20d-4d64-47a2-881b-20d38ee5ad3b','模式','2015-08-03 14:41:00',NULL,'2015-08-03 14:41:00',NULL,'2015-08-03 14:41:00',NULL,5,1,'0',1),(2311,'b8f3e20d-4d64-47a2-881b-20d38ee5ad3b','是否扫风','2015-08-03 14:41:00',NULL,'2015-08-03 14:41:00',NULL,'2015-08-03 14:41:00',NULL,6,1,'0',1),(2312,'b8f3e20d-4d64-47a2-881b-20d38ee5ad3b','风速级别设置','2015-08-03 14:41:00',NULL,'2015-08-03 14:41:00',NULL,'2015-08-03 14:41:00',NULL,7,1,'0',1),(2313,'b8f3e20d-4d64-47a2-881b-20d38ee5ad3b','温度设置','2015-08-03 14:41:00',NULL,'2015-08-03 14:41:00',NULL,'2015-08-03 14:41:00',NULL,8,1,'0',1),(2314,'b8f3e20d-4d64-47a2-881b-20d38ee5ad3b','模式','2015-08-03 14:41:00',NULL,'2015-08-03 14:41:00',NULL,'2015-08-03 14:41:00',NULL,5,1,'0',2),(2315,'b8f3e20d-4d64-47a2-881b-20d38ee5ad3b','是否扫风','2015-08-03 14:41:00',NULL,'2015-08-03 14:41:00',NULL,'2015-08-03 14:41:00',NULL,6,1,'0',2),(2316,'b8f3e20d-4d64-47a2-881b-20d38ee5ad3b','风速级别设置','2015-08-03 14:41:00',NULL,'2015-08-03 14:41:00',NULL,'2015-08-03 14:41:00',NULL,7,1,'0',2),(2317,'b8f3e20d-4d64-47a2-881b-20d38ee5ad3b','温度设置','2015-08-03 14:41:00',NULL,'2015-08-03 14:41:00',NULL,'2015-08-03 14:41:00',NULL,8,1,'0',2),(2318,'47c1583d-943f-4523-b308-9ad2933f042f','频道','2015-08-03 14:41:48',NULL,'2015-08-03 14:41:48',NULL,'2015-08-03 14:41:48',NULL,NULL,1,'0',1),(2319,'47c1583d-943f-4523-b308-9ad2933f042f','声音','2015-08-03 14:41:48',NULL,'2015-08-03 14:41:48',NULL,'2015-08-03 14:41:48',NULL,NULL,1,'0',1),(2320,'47c1583d-943f-4523-b308-9ad2933f042f','颜色','2015-08-03 14:41:48',NULL,'2015-08-03 14:41:48',NULL,'2015-08-03 14:41:48',NULL,NULL,1,'0',1),(2321,'47c1583d-943f-4523-b308-9ad2933f042f','音量控制','2015-08-03 14:41:48',NULL,'2015-08-03 14:41:48',NULL,'2015-08-03 14:41:48',NULL,NULL,1,'0',1),(2322,'47c1583d-943f-4523-b308-9ad2933f042f','频道','2015-08-03 14:41:48',NULL,'2015-08-03 14:41:48',NULL,'2015-08-03 14:41:48',NULL,1,1,'0',2),(2323,'47c1583d-943f-4523-b308-9ad2933f042f','声音','2015-08-03 14:41:48',NULL,'2015-08-03 14:41:48',NULL,'2015-08-03 14:41:48',NULL,2,1,'0',2),(2324,'47c1583d-943f-4523-b308-9ad2933f042f','颜色','2015-08-03 14:41:48',NULL,'2015-08-03 14:41:48',NULL,'2015-08-03 14:41:48',NULL,3,1,'0',2),(2325,'47c1583d-943f-4523-b308-9ad2933f042f','音量控制','2015-08-03 14:41:48',NULL,'2015-08-03 14:41:48',NULL,'2015-08-03 14:41:48',NULL,4,1,'0',2),(2326,'47c1583d-943f-4523-b308-9ad2933f042f','频道','2015-08-03 14:41:48',NULL,'2015-08-03 14:41:48',NULL,'2015-08-03 14:41:48',NULL,1,1,'0',4),(2327,'47c1583d-943f-4523-b308-9ad2933f042f','声音','2015-08-03 14:41:48',NULL,'2015-08-03 14:41:48',NULL,'2015-08-03 14:41:48',NULL,2,1,'0',4),(2328,'47c1583d-943f-4523-b308-9ad2933f042f','颜色','2015-08-03 14:41:48',NULL,'2015-08-03 14:41:48',NULL,'2015-08-03 14:41:48',NULL,3,1,'0',4),(2329,'47c1583d-943f-4523-b308-9ad2933f042f','音量控制','2015-08-03 14:41:48',NULL,'2015-08-03 14:41:48',NULL,'2015-08-03 14:41:48',NULL,4,1,'0',4),(2330,'47c1583d-943f-4523-b308-9ad2933f042f','频道','2015-08-03 14:41:48',NULL,'2015-08-03 14:41:48',NULL,'2015-08-03 14:41:48',NULL,1,1,'0',5),(2331,'47c1583d-943f-4523-b308-9ad2933f042f','声音','2015-08-03 14:41:48',NULL,'2015-08-03 14:41:48',NULL,'2015-08-03 14:41:48',NULL,2,1,'0',5),(2332,'47c1583d-943f-4523-b308-9ad2933f042f','颜色','2015-08-03 14:41:48',NULL,'2015-08-03 14:41:48',NULL,'2015-08-03 14:41:48',NULL,3,1,'0',5),(2333,'47c1583d-943f-4523-b308-9ad2933f042f','音量控制','2015-08-03 14:41:48',NULL,'2015-08-03 14:41:48',NULL,'2015-08-03 14:41:48',NULL,4,1,'0',5),(2334,'66497990-d265-4976-adc4-a16ff5619d78','模式','2015-08-03 14:47:15',NULL,'2015-08-03 14:47:15',NULL,'2015-08-03 14:47:15',NULL,5,1,'0',7),(2335,'66497990-d265-4976-adc4-a16ff5619d78','是否扫风','2015-08-03 14:47:15',NULL,'2015-08-03 14:47:15',NULL,'2015-08-03 14:47:15',NULL,6,1,'0',7),(2336,'66497990-d265-4976-adc4-a16ff5619d78','风速级别设置','2015-08-03 14:47:15',NULL,'2015-08-03 14:47:15',NULL,'2015-08-03 14:47:15',NULL,7,1,'0',7),(2337,'66497990-d265-4976-adc4-a16ff5619d78','温度设置','2015-08-03 14:47:15',NULL,'2015-08-03 14:47:15',NULL,'2015-08-03 14:47:15',NULL,8,1,'0',7),(2338,'66497990-d265-4976-adc4-a16ff5619d78','模式','2015-08-04 10:10:53',NULL,'2015-08-04 10:10:53',NULL,'2015-08-04 10:10:53',NULL,5,0,'0',1),(2339,'66497990-d265-4976-adc4-a16ff5619d78','是否扫风','2015-08-04 10:10:53',NULL,'2015-08-04 10:10:53',NULL,'2015-08-04 10:10:53',NULL,6,0,'0',1),(2340,'66497990-d265-4976-adc4-a16ff5619d78','风速级别设置','2015-08-04 10:10:53',NULL,'2015-08-04 10:10:53',NULL,'2015-08-04 10:10:53',NULL,7,0,'0',1),(2341,'66497990-d265-4976-adc4-a16ff5619d78','温度设置','2015-08-04 10:10:53',NULL,'2015-08-04 10:10:53',NULL,'2015-08-04 10:10:53',NULL,8,0,'23',1),(2342,'66497990-d265-4976-adc4-a16ff5619d78','模式','2015-08-03 14:47:15',NULL,'2015-08-03 14:47:15',NULL,'2015-08-03 14:47:15',NULL,5,1,'0',2),(2343,'66497990-d265-4976-adc4-a16ff5619d78','是否扫风','2015-08-03 14:47:15',NULL,'2015-08-03 14:47:15',NULL,'2015-08-03 14:47:15',NULL,6,1,'0',2),(2344,'66497990-d265-4976-adc4-a16ff5619d78','风速级别设置','2015-08-03 14:47:15',NULL,'2015-08-03 14:47:15',NULL,'2015-08-03 14:47:15',NULL,7,1,'0',2),(2345,'66497990-d265-4976-adc4-a16ff5619d78','温度设置','2015-08-03 14:47:15',NULL,'2015-08-03 14:47:15',NULL,'2015-08-03 14:47:15',NULL,8,1,'0',2),(2346,'8b23a23c-9037-434e-a8cd-2d139c288fa7','频道','2015-08-04 14:59:53',NULL,'2015-08-04 14:59:53',NULL,'2015-08-04 14:59:53',NULL,1,0,'0',1),(2347,'8b23a23c-9037-434e-a8cd-2d139c288fa7','声音','2015-08-04 14:59:53',NULL,'2015-08-04 14:59:53',NULL,'2015-08-04 14:59:53',NULL,2,0,'0',1),(2348,'8b23a23c-9037-434e-a8cd-2d139c288fa7','颜色','2015-08-04 14:59:53',NULL,'2015-08-04 14:59:53',NULL,'2015-08-04 14:59:53',NULL,3,0,'0',1),(2349,'8b23a23c-9037-434e-a8cd-2d139c288fa7','音量控制','2015-08-04 14:59:53',NULL,'2015-08-04 14:59:53',NULL,'2015-08-04 14:59:53',NULL,4,0,'0',1),(2350,'8b23a23c-9037-434e-a8cd-2d139c288fa7','频道','2015-08-03 17:15:19',NULL,'2015-08-03 17:15:19',NULL,'2015-08-03 17:15:19',NULL,1,1,'0',2),(2351,'8b23a23c-9037-434e-a8cd-2d139c288fa7','声音','2015-08-03 17:15:19',NULL,'2015-08-03 17:15:19',NULL,'2015-08-03 17:15:19',NULL,2,1,'0',2),(2352,'8b23a23c-9037-434e-a8cd-2d139c288fa7','颜色','2015-08-03 17:15:19',NULL,'2015-08-03 17:15:19',NULL,'2015-08-03 17:15:19',NULL,3,1,'0',2),(2353,'8b23a23c-9037-434e-a8cd-2d139c288fa7','音量控制','2015-08-03 17:15:19',NULL,'2015-08-03 17:15:19',NULL,'2015-08-03 17:15:19',NULL,4,1,'0',2),(2354,'8b23a23c-9037-434e-a8cd-2d139c288fa7','频道','2015-08-03 17:15:19',NULL,'2015-08-03 17:15:19',NULL,'2015-08-03 17:15:19',NULL,1,1,'0',4),(2355,'8b23a23c-9037-434e-a8cd-2d139c288fa7','声音','2015-08-03 17:15:19',NULL,'2015-08-03 17:15:19',NULL,'2015-08-03 17:15:19',NULL,2,1,'0',4),(2356,'8b23a23c-9037-434e-a8cd-2d139c288fa7','颜色','2015-08-03 17:15:19',NULL,'2015-08-03 17:15:19',NULL,'2015-08-03 17:15:19',NULL,3,1,'0',4),(2357,'8b23a23c-9037-434e-a8cd-2d139c288fa7','音量控制','2015-08-03 17:15:19',NULL,'2015-08-03 17:15:19',NULL,'2015-08-03 17:15:19',NULL,4,1,'0',4),(2358,'8b23a23c-9037-434e-a8cd-2d139c288fa7','频道','2015-08-03 17:15:19',NULL,'2015-08-03 17:15:19',NULL,'2015-08-03 17:15:19',NULL,1,1,'0',5),(2359,'8b23a23c-9037-434e-a8cd-2d139c288fa7','声音','2015-08-03 17:15:19',NULL,'2015-08-03 17:15:19',NULL,'2015-08-03 17:15:19',NULL,2,1,'0',5),(2360,'8b23a23c-9037-434e-a8cd-2d139c288fa7','颜色','2015-08-03 17:15:19',NULL,'2015-08-03 17:15:19',NULL,'2015-08-03 17:15:19',NULL,3,1,'0',5),(2361,'8b23a23c-9037-434e-a8cd-2d139c288fa7','音量控制','2015-08-03 17:15:19',NULL,'2015-08-03 17:15:19',NULL,'2015-08-03 17:15:19',NULL,4,1,'0',5),(2362,'e719bdab-9166-4ff5-94f8-c2950335743e','声音','2015-08-04 10:38:19',NULL,'2015-08-04 10:38:19',NULL,'2015-08-04 10:38:19',NULL,2,0,'0',3),(2363,'e719bdab-9166-4ff5-94f8-c2950335743e','声音','2015-08-03 17:22:31',NULL,'2015-08-03 17:22:31',NULL,'2015-08-03 17:22:31',NULL,2,1,'0',6),(2364,'e719bdab-9166-4ff5-94f8-c2950335743e','声音','2015-08-04 10:09:47',NULL,'2015-08-04 10:09:47',NULL,'2015-08-04 10:09:47',NULL,2,0,'0',1),(2368,'c331692b-ab5f-40ec-8826-e72da780bb1b','音量控制','2015-08-03 18:17:09',NULL,'2015-08-03 18:17:09',NULL,'2015-08-03 18:17:09',NULL,4,1,'0',3),(2369,'c331692b-ab5f-40ec-8826-e72da780bb1b','CD播放','2015-08-03 18:17:09',NULL,'2015-08-03 18:17:09',NULL,'2015-08-03 18:17:09',NULL,13,1,'0',3),(2370,'c331692b-ab5f-40ec-8826-e72da780bb1b','音量控制','2015-08-03 18:17:09',NULL,'2015-08-03 18:17:09',NULL,'2015-08-03 18:17:09',NULL,NULL,1,'0',6),(2371,'c331692b-ab5f-40ec-8826-e72da780bb1b','CD播放','2015-08-03 18:17:09',NULL,'2015-08-03 18:17:09',NULL,'2015-08-03 18:17:09',NULL,NULL,1,'false',6),(2372,'c331692b-ab5f-40ec-8826-e72da780bb1b','音量控制','2015-08-03 18:17:09',NULL,'2015-08-03 18:17:09',NULL,'2015-08-03 18:17:09',NULL,NULL,1,'0',1),(2373,'c331692b-ab5f-40ec-8826-e72da780bb1b','CD播放','2015-08-03 18:17:09',NULL,'2015-08-03 18:17:09',NULL,'2015-08-03 18:17:09',NULL,NULL,1,'false',1),(2374,'c331692b-ab5f-40ec-8826-e72da780bb1b','音量控制','2015-08-03 18:17:09',NULL,'2015-08-03 18:17:09',NULL,'2015-08-03 18:17:09',NULL,4,1,'0',4),(2375,'c331692b-ab5f-40ec-8826-e72da780bb1b','CD播放','2015-08-03 18:17:09',NULL,'2015-08-03 18:17:09',NULL,'2015-08-03 18:17:09',NULL,13,1,'0',4),(2376,'c0dc345f-aed5-4ddf-b28b-7328bfab9b22','音量控制','2015-08-04 10:07:05',NULL,'2015-08-04 10:07:05',NULL,'2015-08-04 10:07:05',NULL,4,1,'0',3),(2377,'f0901252-956e-49a9-82c4-bd954ba1fb00','频道','2015-08-04 14:59:53',NULL,'2015-08-04 14:59:53',NULL,'2015-08-04 14:59:53',NULL,1,0,'0',1),(2378,'f0901252-956e-49a9-82c4-bd954ba1fb00','声音','2015-08-04 14:59:53',NULL,'2015-08-04 14:59:53',NULL,'2015-08-04 14:59:53',NULL,2,0,'0',1),(2379,'f0901252-956e-49a9-82c4-bd954ba1fb00','颜色','2015-08-04 14:59:53',NULL,'2015-08-04 14:59:53',NULL,'2015-08-04 14:59:53',NULL,3,0,'0',1),(2380,'f0901252-956e-49a9-82c4-bd954ba1fb00','音量控制','2015-08-04 14:59:53',NULL,'2015-08-04 14:59:53',NULL,'2015-08-04 14:59:53',NULL,4,0,'0',1),(2381,'f0901252-956e-49a9-82c4-bd954ba1fb00','频道','2015-08-04 10:44:04',NULL,'2015-08-04 10:44:04',NULL,'2015-08-04 10:44:04',NULL,1,1,'0',2),(2382,'f0901252-956e-49a9-82c4-bd954ba1fb00','声音','2015-08-04 10:44:04',NULL,'2015-08-04 10:44:04',NULL,'2015-08-04 10:44:04',NULL,2,1,'0',2),(2383,'f0901252-956e-49a9-82c4-bd954ba1fb00','颜色','2015-08-04 10:44:04',NULL,'2015-08-04 10:44:04',NULL,'2015-08-04 10:44:04',NULL,3,1,'0',2),(2384,'f0901252-956e-49a9-82c4-bd954ba1fb00','音量控制','2015-08-04 10:44:04',NULL,'2015-08-04 10:44:04',NULL,'2015-08-04 10:44:04',NULL,4,1,'0',2),(2385,'f0901252-956e-49a9-82c4-bd954ba1fb00','频道','2015-08-04 10:44:04',NULL,'2015-08-04 10:44:04',NULL,'2015-08-04 10:44:04',NULL,1,1,'0',4),(2386,'f0901252-956e-49a9-82c4-bd954ba1fb00','声音','2015-08-04 10:44:04',NULL,'2015-08-04 10:44:04',NULL,'2015-08-04 10:44:04',NULL,2,1,'0',4),(2387,'f0901252-956e-49a9-82c4-bd954ba1fb00','颜色','2015-08-04 10:44:04',NULL,'2015-08-04 10:44:04',NULL,'2015-08-04 10:44:04',NULL,3,1,'0',4),(2388,'f0901252-956e-49a9-82c4-bd954ba1fb00','音量控制','2015-08-04 10:44:04',NULL,'2015-08-04 10:44:04',NULL,'2015-08-04 10:44:04',NULL,4,1,'0',4),(2389,'f0901252-956e-49a9-82c4-bd954ba1fb00','频道','2015-08-04 10:50:38',NULL,'2015-08-04 10:50:38',NULL,'2015-08-04 10:50:38',NULL,1,0,'600',5),(2390,'f0901252-956e-49a9-82c4-bd954ba1fb00','声音','2015-08-04 10:50:38',NULL,'2015-08-04 10:50:38',NULL,'2015-08-04 10:50:38',NULL,2,0,'0',5),(2391,'f0901252-956e-49a9-82c4-bd954ba1fb00','颜色','2015-08-04 10:50:38',NULL,'2015-08-04 10:50:38',NULL,'2015-08-04 10:50:38',NULL,3,0,'0',5),(2392,'f0901252-956e-49a9-82c4-bd954ba1fb00','音量控制','2015-08-04 10:50:38',NULL,'2015-08-04 10:50:38',NULL,'2015-08-04 10:50:38',NULL,4,0,'0',5),(2393,'f3afdeba-e1ee-469f-83c3-fdbd458c2c25','频道','2015-08-04 12:21:06',NULL,'2015-08-04 12:21:06',NULL,'2015-08-04 12:21:06',NULL,NULL,1,'0',1),(2394,'f3afdeba-e1ee-469f-83c3-fdbd458c2c25','声音','2015-08-04 12:21:06',NULL,'2015-08-04 12:21:06',NULL,'2015-08-04 12:21:06',NULL,NULL,1,'0',1),(2395,'f3afdeba-e1ee-469f-83c3-fdbd458c2c25','颜色','2015-08-04 12:21:06',NULL,'2015-08-04 12:21:06',NULL,'2015-08-04 12:21:06',NULL,NULL,1,'0',1),(2396,'f3afdeba-e1ee-469f-83c3-fdbd458c2c25','音量控制','2015-08-04 12:21:06',NULL,'2015-08-04 12:21:06',NULL,'2015-08-04 12:21:06',NULL,NULL,1,'0',1),(2397,'f3afdeba-e1ee-469f-83c3-fdbd458c2c25','频道','2015-08-04 12:21:06',NULL,'2015-08-04 12:21:06',NULL,'2015-08-04 12:21:06',NULL,1,1,'0',2),(2398,'f3afdeba-e1ee-469f-83c3-fdbd458c2c25','声音','2015-08-04 12:21:06',NULL,'2015-08-04 12:21:06',NULL,'2015-08-04 12:21:06',NULL,2,1,'0',2),(2399,'f3afdeba-e1ee-469f-83c3-fdbd458c2c25','颜色','2015-08-04 12:21:06',NULL,'2015-08-04 12:21:06',NULL,'2015-08-04 12:21:06',NULL,3,1,'0',2),(2400,'f3afdeba-e1ee-469f-83c3-fdbd458c2c25','音量控制','2015-08-04 12:21:06',NULL,'2015-08-04 12:21:06',NULL,'2015-08-04 12:21:06',NULL,4,1,'0',2),(2401,'f3afdeba-e1ee-469f-83c3-fdbd458c2c25','频道','2015-08-04 12:21:06',NULL,'2015-08-04 12:21:06',NULL,'2015-08-04 12:21:06',NULL,1,1,'0',4),(2402,'f3afdeba-e1ee-469f-83c3-fdbd458c2c25','声音','2015-08-04 12:21:06',NULL,'2015-08-04 12:21:06',NULL,'2015-08-04 12:21:06',NULL,2,1,'0',4),(2403,'f3afdeba-e1ee-469f-83c3-fdbd458c2c25','颜色','2015-08-04 12:21:06',NULL,'2015-08-04 12:21:06',NULL,'2015-08-04 12:21:06',NULL,3,1,'0',4),(2404,'f3afdeba-e1ee-469f-83c3-fdbd458c2c25','音量控制','2015-08-04 12:21:06',NULL,'2015-08-04 12:21:06',NULL,'2015-08-04 12:21:06',NULL,4,1,'0',4),(2405,'f3afdeba-e1ee-469f-83c3-fdbd458c2c25','频道','2015-08-04 12:21:06',NULL,'2015-08-04 12:21:06',NULL,'2015-08-04 12:21:06',NULL,1,1,'0',5),(2406,'f3afdeba-e1ee-469f-83c3-fdbd458c2c25','声音','2015-08-04 12:21:06',NULL,'2015-08-04 12:21:06',NULL,'2015-08-04 12:21:06',NULL,2,1,'0',5),(2407,'f3afdeba-e1ee-469f-83c3-fdbd458c2c25','颜色','2015-08-04 12:21:06',NULL,'2015-08-04 12:21:06',NULL,'2015-08-04 12:21:06',NULL,3,1,'0',5),(2408,'f3afdeba-e1ee-469f-83c3-fdbd458c2c25','音量控制','2015-08-04 12:21:06',NULL,'2015-08-04 12:21:06',NULL,'2015-08-04 12:21:06',NULL,4,1,'0',5),(2439,'ad787a10-5dfe-4519-bd61-1d2f30ed6b00','模式','2015-08-04 17:34:06',NULL,'2015-08-04 17:34:06',NULL,'2015-08-04 17:34:06',NULL,5,1,'0',7),(2440,'ad787a10-5dfe-4519-bd61-1d2f30ed6b00','是否扫风','2015-08-04 17:34:06',NULL,'2015-08-04 17:34:06',NULL,'2015-08-04 17:34:06',NULL,6,1,'0',7),(2441,'ad787a10-5dfe-4519-bd61-1d2f30ed6b00','风速级别设置','2015-08-04 17:34:06',NULL,'2015-08-04 17:34:06',NULL,'2015-08-04 17:34:06',NULL,7,1,'0',7),(2442,'ad787a10-5dfe-4519-bd61-1d2f30ed6b00','温度设置','2015-08-04 17:34:06',NULL,'2015-08-04 17:34:06',NULL,'2015-08-04 17:34:06',NULL,8,1,'0',7),(2443,'ad787a10-5dfe-4519-bd61-1d2f30ed6b00','模式','2015-08-04 17:34:06',NULL,'2015-08-04 17:34:06',NULL,'2015-08-04 17:34:06',NULL,5,1,'0',1),(2444,'ad787a10-5dfe-4519-bd61-1d2f30ed6b00','是否扫风','2015-08-04 17:34:06',NULL,'2015-08-04 17:34:06',NULL,'2015-08-04 17:34:06',NULL,6,1,'0',1),(2445,'ad787a10-5dfe-4519-bd61-1d2f30ed6b00','风速级别设置','2015-08-04 17:34:06',NULL,'2015-08-04 17:34:06',NULL,'2015-08-04 17:34:06',NULL,7,1,'0',1),(2446,'ad787a10-5dfe-4519-bd61-1d2f30ed6b00','温度设置','2015-08-04 17:34:06',NULL,'2015-08-04 17:34:06',NULL,'2015-08-04 17:34:06',NULL,8,1,'0',1),(2447,'ad787a10-5dfe-4519-bd61-1d2f30ed6b00','模式','2015-08-04 17:34:06',NULL,'2015-08-04 17:34:06',NULL,'2015-08-04 17:34:06',NULL,5,1,'0',2),(2448,'ad787a10-5dfe-4519-bd61-1d2f30ed6b00','是否扫风','2015-08-04 17:34:06',NULL,'2015-08-04 17:34:06',NULL,'2015-08-04 17:34:06',NULL,6,1,'0',2),(2449,'ad787a10-5dfe-4519-bd61-1d2f30ed6b00','风速级别设置','2015-08-04 17:34:06',NULL,'2015-08-04 17:34:06',NULL,'2015-08-04 17:34:06',NULL,7,1,'0',2),(2450,'ad787a10-5dfe-4519-bd61-1d2f30ed6b00','温度设置','2015-08-04 17:34:06',NULL,'2015-08-04 17:34:06',NULL,'2015-08-04 17:34:06',NULL,8,1,'0',2),(2463,'530a3fcb-07d7-494e-8ede-01a918550126','频道','2015-08-14 15:28:22',NULL,'2015-08-14 15:28:22',NULL,'2015-08-14 15:28:22',NULL,NULL,0,'0',1),(2464,'530a3fcb-07d7-494e-8ede-01a918550126','声音','2015-08-14 15:28:22',NULL,'2015-08-14 15:28:22',NULL,'2015-08-14 15:28:22',NULL,NULL,0,'0',1),(2465,'530a3fcb-07d7-494e-8ede-01a918550126','颜色','2015-08-14 15:28:22',NULL,'2015-08-14 15:28:22',NULL,'2015-08-14 15:28:22',NULL,NULL,0,'0',1),(2466,'530a3fcb-07d7-494e-8ede-01a918550126','音量控制','2015-08-14 15:28:22',NULL,'2015-08-14 15:28:22',NULL,'2015-08-14 15:28:22',NULL,NULL,0,'0',1),(2467,'530a3fcb-07d7-494e-8ede-01a918550126','频道','2015-08-13 15:33:17',NULL,'2015-08-13 15:33:17',NULL,'2015-08-13 15:33:17',NULL,NULL,0,'0',2),(2468,'530a3fcb-07d7-494e-8ede-01a918550126','声音','2015-08-13 15:33:17',NULL,'2015-08-13 15:33:17',NULL,'2015-08-13 15:33:17',NULL,NULL,0,'0',2),(2469,'530a3fcb-07d7-494e-8ede-01a918550126','颜色','2015-08-13 15:33:17',NULL,'2015-08-13 15:33:17',NULL,'2015-08-13 15:33:17',NULL,NULL,0,'0',2),(2470,'530a3fcb-07d7-494e-8ede-01a918550126','音量控制','2015-08-13 15:33:17',NULL,'2015-08-13 15:33:17',NULL,'2015-08-13 15:33:17',NULL,NULL,0,'0',2),(2471,'530a3fcb-07d7-494e-8ede-01a918550126','频道','2015-08-05 16:06:43',NULL,'2015-08-05 16:06:43',NULL,'2015-08-05 16:06:43',NULL,1,1,'0',4),(2472,'530a3fcb-07d7-494e-8ede-01a918550126','声音','2015-08-05 16:06:43',NULL,'2015-08-05 16:06:43',NULL,'2015-08-05 16:06:43',NULL,2,1,'0',4),(2473,'530a3fcb-07d7-494e-8ede-01a918550126','颜色','2015-08-05 16:06:43',NULL,'2015-08-05 16:06:43',NULL,'2015-08-05 16:06:43',NULL,3,1,'0',4),(2474,'530a3fcb-07d7-494e-8ede-01a918550126','音量控制','2015-08-05 16:06:43',NULL,'2015-08-05 16:06:43',NULL,'2015-08-05 16:06:43',NULL,4,1,'0',4),(2475,'530a3fcb-07d7-494e-8ede-01a918550126','频道','2015-08-17 17:04:45',NULL,'2015-08-17 17:04:45',NULL,'2015-08-17 17:04:45',NULL,1,0,'0',5),(2476,'530a3fcb-07d7-494e-8ede-01a918550126','声音','2015-08-17 17:04:45',NULL,'2015-08-17 17:04:45',NULL,'2015-08-17 17:04:45',NULL,2,0,'0',5),(2477,'530a3fcb-07d7-494e-8ede-01a918550126','颜色','2015-08-17 17:04:45',NULL,'2015-08-17 17:04:45',NULL,'2015-08-17 17:04:45',NULL,3,0,'0',5),(2478,'530a3fcb-07d7-494e-8ede-01a918550126','音量控制','2015-08-17 17:04:45',NULL,'2015-08-17 17:04:45',NULL,'2015-08-17 17:04:45',NULL,4,0,'0',5),(2479,'7a3f443f-f20d-47ec-bf76-e805556b303f','音量控制','2015-08-05 16:26:18',NULL,'2015-08-05 16:26:18',NULL,'2015-08-05 16:26:18',NULL,4,1,'0',3),(2480,'7a3f443f-f20d-47ec-bf76-e805556b303f','CD播放','2015-08-05 16:26:18',NULL,'2015-08-05 16:26:18',NULL,'2015-08-05 16:26:18',NULL,13,1,'0',3),(2481,'7a3f443f-f20d-47ec-bf76-e805556b303f','音量控制','2015-08-05 16:26:18',NULL,'2015-08-05 16:26:18',NULL,'2015-08-05 16:26:18',NULL,4,1,'0',6),(2482,'7a3f443f-f20d-47ec-bf76-e805556b303f','CD播放','2015-08-05 16:26:18',NULL,'2015-08-05 16:26:18',NULL,'2015-08-05 16:26:18',NULL,13,1,'0',6),(2483,'7a3f443f-f20d-47ec-bf76-e805556b303f','音量控制','2015-08-05 16:26:18',NULL,'2015-08-05 16:26:18',NULL,'2015-08-05 16:26:18',NULL,4,1,'0',1),(2484,'7a3f443f-f20d-47ec-bf76-e805556b303f','CD播放','2015-08-05 16:26:18',NULL,'2015-08-05 16:26:18',NULL,'2015-08-05 16:26:18',NULL,13,1,'0',1),(2485,'7a3f443f-f20d-47ec-bf76-e805556b303f','音量控制','2015-08-05 16:26:18',NULL,'2015-08-05 16:26:18',NULL,'2015-08-05 16:26:18',NULL,4,1,'0',4),(2486,'7a3f443f-f20d-47ec-bf76-e805556b303f','CD播放','2015-08-05 16:26:18',NULL,'2015-08-05 16:26:18',NULL,'2015-08-05 16:26:18',NULL,13,1,'0',4),(2487,'d00106f6-77ce-4e5b-935c-9c8da6bd3c32','声音','2015-08-06 10:26:29',NULL,'2015-08-06 10:26:29',NULL,'2015-08-06 10:26:29',NULL,2,1,'0',3),(2488,'d00106f6-77ce-4e5b-935c-9c8da6bd3c32','声音','2015-08-06 10:26:29',NULL,'2015-08-06 10:26:29',NULL,'2015-08-06 10:26:29',NULL,NULL,1,'0',6),(2489,'d00106f6-77ce-4e5b-935c-9c8da6bd3c32','声音','2015-08-06 10:26:29',NULL,'2015-08-06 10:26:29',NULL,'2015-08-06 10:26:29',NULL,NULL,1,'0',1),(2490,'8fb6e334-8355-4e1e-b490-fb896fe8dce1','模式','2015-08-06 11:03:41',NULL,'2015-08-06 11:03:41',NULL,'2015-08-06 11:03:41',NULL,5,1,'0',7),(2491,'8fb6e334-8355-4e1e-b490-fb896fe8dce1','是否扫风','2015-08-06 11:03:41',NULL,'2015-08-06 11:03:41',NULL,'2015-08-06 11:03:41',NULL,6,1,'0',7),(2492,'8fb6e334-8355-4e1e-b490-fb896fe8dce1','风速级别设置','2015-08-06 11:03:41',NULL,'2015-08-06 11:03:41',NULL,'2015-08-06 11:03:41',NULL,7,1,'0',7),(2493,'8fb6e334-8355-4e1e-b490-fb896fe8dce1','温度设置','2015-08-06 11:03:41',NULL,'2015-08-06 11:03:41',NULL,'2015-08-06 11:03:41',NULL,8,1,'0',7),(2494,'8fb6e334-8355-4e1e-b490-fb896fe8dce1','模式','2015-08-06 11:03:41',NULL,'2015-08-06 11:03:41',NULL,'2015-08-06 11:03:41',NULL,5,1,'0',1),(2495,'8fb6e334-8355-4e1e-b490-fb896fe8dce1','是否扫风','2015-08-06 11:03:41',NULL,'2015-08-06 11:03:41',NULL,'2015-08-06 11:03:41',NULL,6,1,'0',1),(2496,'8fb6e334-8355-4e1e-b490-fb896fe8dce1','风速级别设置','2015-08-06 11:03:41',NULL,'2015-08-06 11:03:41',NULL,'2015-08-06 11:03:41',NULL,7,1,'0',1),(2497,'8fb6e334-8355-4e1e-b490-fb896fe8dce1','温度设置','2015-08-06 11:03:41',NULL,'2015-08-06 11:03:41',NULL,'2015-08-06 11:03:41',NULL,8,1,'0',1),(2498,'8fb6e334-8355-4e1e-b490-fb896fe8dce1','模式','2015-08-06 11:03:41',NULL,'2015-08-06 11:03:41',NULL,'2015-08-06 11:03:41',NULL,5,1,'0',2),(2499,'8fb6e334-8355-4e1e-b490-fb896fe8dce1','是否扫风','2015-08-06 11:03:41',NULL,'2015-08-06 11:03:41',NULL,'2015-08-06 11:03:41',NULL,6,1,'0',2),(2500,'8fb6e334-8355-4e1e-b490-fb896fe8dce1','风速级别设置','2015-08-06 11:03:41',NULL,'2015-08-06 11:03:41',NULL,'2015-08-06 11:03:41',NULL,7,1,'0',2),(2501,'8fb6e334-8355-4e1e-b490-fb896fe8dce1','温度设置','2015-08-06 11:03:41',NULL,'2015-08-06 11:03:41',NULL,'2015-08-06 11:03:41',NULL,8,1,'0',2),(2502,'43a579f0-d297-4769-9be9-a0d0f54b58df','模式','2015-08-06 11:03:48',NULL,'2015-08-06 11:03:48',NULL,'2015-08-06 11:03:48',NULL,5,1,'0',7),(2503,'43a579f0-d297-4769-9be9-a0d0f54b58df','是否扫风','2015-08-06 11:03:48',NULL,'2015-08-06 11:03:48',NULL,'2015-08-06 11:03:48',NULL,6,1,'0',7),(2504,'43a579f0-d297-4769-9be9-a0d0f54b58df','风速级别设置','2015-08-06 11:03:48',NULL,'2015-08-06 11:03:48',NULL,'2015-08-06 11:03:48',NULL,7,1,'0',7),(2505,'43a579f0-d297-4769-9be9-a0d0f54b58df','温度设置','2015-08-06 11:03:48',NULL,'2015-08-06 11:03:48',NULL,'2015-08-06 11:03:48',NULL,8,1,'0',7),(2506,'43a579f0-d297-4769-9be9-a0d0f54b58df','模式','2015-08-06 11:03:48',NULL,'2015-08-06 11:03:48',NULL,'2015-08-06 11:03:48',NULL,5,1,'0',1),(2507,'43a579f0-d297-4769-9be9-a0d0f54b58df','是否扫风','2015-08-06 11:03:48',NULL,'2015-08-06 11:03:48',NULL,'2015-08-06 11:03:48',NULL,6,1,'0',1),(2508,'43a579f0-d297-4769-9be9-a0d0f54b58df','风速级别设置','2015-08-06 11:03:48',NULL,'2015-08-06 11:03:48',NULL,'2015-08-06 11:03:48',NULL,7,1,'0',1),(2509,'43a579f0-d297-4769-9be9-a0d0f54b58df','温度设置','2015-08-06 11:03:48',NULL,'2015-08-06 11:03:48',NULL,'2015-08-06 11:03:48',NULL,8,1,'0',1),(2510,'43a579f0-d297-4769-9be9-a0d0f54b58df','模式','2015-08-06 11:03:48',NULL,'2015-08-06 11:03:48',NULL,'2015-08-06 11:03:48',NULL,5,1,'0',2),(2511,'43a579f0-d297-4769-9be9-a0d0f54b58df','是否扫风','2015-08-06 11:03:48',NULL,'2015-08-06 11:03:48',NULL,'2015-08-06 11:03:48',NULL,6,1,'0',2),(2512,'43a579f0-d297-4769-9be9-a0d0f54b58df','风速级别设置','2015-08-06 11:03:48',NULL,'2015-08-06 11:03:48',NULL,'2015-08-06 11:03:48',NULL,7,1,'0',2),(2513,'43a579f0-d297-4769-9be9-a0d0f54b58df','温度设置','2015-08-06 11:03:48',NULL,'2015-08-06 11:03:48',NULL,'2015-08-06 11:03:48',NULL,8,1,'0',2),(2514,'006ef835-24d2-4966-af1e-1ad2684f9ee3','音量控制','2015-08-06 17:46:47',NULL,'2015-08-06 17:46:47',NULL,'2015-08-06 17:46:47',NULL,4,1,'0',3),(2515,'006ef835-24d2-4966-af1e-1ad2684f9ee3','CD播放','2015-08-06 17:46:47',NULL,'2015-08-06 17:46:47',NULL,'2015-08-06 17:46:47',NULL,13,1,'0',3),(2516,'006ef835-24d2-4966-af1e-1ad2684f9ee3','音量控制','2015-08-06 17:46:47',NULL,'2015-08-06 17:46:47',NULL,'2015-08-06 17:46:47',NULL,4,1,'0',6),(2517,'006ef835-24d2-4966-af1e-1ad2684f9ee3','CD播放','2015-08-06 17:46:47',NULL,'2015-08-06 17:46:47',NULL,'2015-08-06 17:46:47',NULL,13,1,'0',6),(2518,'006ef835-24d2-4966-af1e-1ad2684f9ee3','音量控制','2015-08-06 17:46:47',NULL,'2015-08-06 17:46:47',NULL,'2015-08-06 17:46:47',NULL,4,1,'0',1),(2519,'006ef835-24d2-4966-af1e-1ad2684f9ee3','CD播放','2015-08-06 17:46:47',NULL,'2015-08-06 17:46:47',NULL,'2015-08-06 17:46:47',NULL,13,1,'0',1),(2520,'006ef835-24d2-4966-af1e-1ad2684f9ee3','音量控制','2015-08-06 17:46:47',NULL,'2015-08-06 17:46:47',NULL,'2015-08-06 17:46:47',NULL,4,1,'0',4),(2521,'006ef835-24d2-4966-af1e-1ad2684f9ee3','CD播放','2015-08-06 17:46:47',NULL,'2015-08-06 17:46:47',NULL,'2015-08-06 17:46:47',NULL,13,1,'0',4),(2522,'963b81b4-4754-4672-9101-1db9bc76476f','频道','2015-08-07 10:53:56',NULL,'2015-08-07 10:53:56',NULL,'2015-08-07 10:53:56',NULL,NULL,1,'0',1),(2523,'963b81b4-4754-4672-9101-1db9bc76476f','声音','2015-08-07 10:53:56',NULL,'2015-08-07 10:53:56',NULL,'2015-08-07 10:53:56',NULL,NULL,1,'0',1),(2524,'963b81b4-4754-4672-9101-1db9bc76476f','颜色','2015-08-07 10:53:56',NULL,'2015-08-07 10:53:56',NULL,'2015-08-07 10:53:56',NULL,NULL,1,'0',1),(2525,'963b81b4-4754-4672-9101-1db9bc76476f','音量控制','2015-08-07 10:53:56',NULL,'2015-08-07 10:53:56',NULL,'2015-08-07 10:53:56',NULL,NULL,1,'0',1),(2526,'963b81b4-4754-4672-9101-1db9bc76476f','频道','2015-08-07 10:53:56',NULL,'2015-08-07 10:53:56',NULL,'2015-08-07 10:53:56',NULL,1,1,'0',2),(2527,'963b81b4-4754-4672-9101-1db9bc76476f','声音','2015-08-07 10:53:56',NULL,'2015-08-07 10:53:56',NULL,'2015-08-07 10:53:56',NULL,2,1,'0',2),(2528,'963b81b4-4754-4672-9101-1db9bc76476f','颜色','2015-08-07 10:53:56',NULL,'2015-08-07 10:53:56',NULL,'2015-08-07 10:53:56',NULL,3,1,'0',2),(2529,'963b81b4-4754-4672-9101-1db9bc76476f','音量控制','2015-08-07 10:53:56',NULL,'2015-08-07 10:53:56',NULL,'2015-08-07 10:53:56',NULL,4,1,'0',2),(2530,'963b81b4-4754-4672-9101-1db9bc76476f','频道','2015-08-07 10:53:56',NULL,'2015-08-07 10:53:56',NULL,'2015-08-07 10:53:56',NULL,1,1,'0',4),(2531,'963b81b4-4754-4672-9101-1db9bc76476f','声音','2015-08-07 10:53:56',NULL,'2015-08-07 10:53:56',NULL,'2015-08-07 10:53:56',NULL,2,1,'0',4),(2532,'963b81b4-4754-4672-9101-1db9bc76476f','颜色','2015-08-07 10:53:56',NULL,'2015-08-07 10:53:56',NULL,'2015-08-07 10:53:56',NULL,3,1,'0',4),(2533,'963b81b4-4754-4672-9101-1db9bc76476f','音量控制','2015-08-07 10:53:56',NULL,'2015-08-07 10:53:56',NULL,'2015-08-07 10:53:56',NULL,4,1,'0',4),(2534,'963b81b4-4754-4672-9101-1db9bc76476f','频道','2015-08-07 10:53:56',NULL,'2015-08-07 10:53:56',NULL,'2015-08-07 10:53:56',NULL,1,1,'0',5),(2535,'963b81b4-4754-4672-9101-1db9bc76476f','声音','2015-08-07 10:53:56',NULL,'2015-08-07 10:53:56',NULL,'2015-08-07 10:53:56',NULL,2,1,'0',5),(2536,'963b81b4-4754-4672-9101-1db9bc76476f','颜色','2015-08-07 10:53:56',NULL,'2015-08-07 10:53:56',NULL,'2015-08-07 10:53:56',NULL,3,1,'0',5),(2537,'963b81b4-4754-4672-9101-1db9bc76476f','音量控制','2015-08-07 10:53:56',NULL,'2015-08-07 10:53:56',NULL,'2015-08-07 10:53:56',NULL,4,1,'0',5),(2538,'1c283077-5285-432b-911a-3e48141a67a9','音量控制','2015-08-12 11:17:57',NULL,'2015-08-12 11:17:57',NULL,'2015-08-12 11:17:57',NULL,4,0,'0',1),(2539,'1c283077-5285-432b-911a-3e48141a67a9','音量控制','2015-08-12 10:06:06',NULL,'2015-08-12 10:06:06',NULL,'2015-08-12 10:06:06',NULL,4,0,'0',2),(2540,'1c283077-5285-432b-911a-3e48141a67a9','音量控制','2015-08-10 11:00:53',NULL,'2015-08-10 11:00:53',NULL,'2015-08-10 11:00:53',NULL,4,1,'0',4),(2541,'1c283077-5285-432b-911a-3e48141a67a9','音量控制','2015-08-10 11:00:53',NULL,'2015-08-10 11:00:53',NULL,'2015-08-10 11:00:53',NULL,4,1,'0',5),(2542,'479ce6af-aeb7-4214-8b7a-378629cde4ab','音量控制','2015-08-11 15:37:49',NULL,'2015-08-11 15:37:49',NULL,'2015-08-11 15:37:49',NULL,4,1,'0',3),(2543,'479ce6af-aeb7-4214-8b7a-378629cde4ab','CD播放','2015-08-11 15:37:49',NULL,'2015-08-11 15:37:49',NULL,'2015-08-11 15:37:49',NULL,13,1,'0',3),(2544,'479ce6af-aeb7-4214-8b7a-378629cde4ab','音量控制','2015-08-11 15:37:49',NULL,'2015-08-11 15:37:49',NULL,'2015-08-11 15:37:49',NULL,4,1,'0',6),(2545,'479ce6af-aeb7-4214-8b7a-378629cde4ab','CD播放','2015-08-11 15:37:49',NULL,'2015-08-11 15:37:49',NULL,'2015-08-11 15:37:49',NULL,13,1,'0',6),(2546,'479ce6af-aeb7-4214-8b7a-378629cde4ab','音量控制','2015-08-12 11:18:07',NULL,'2015-08-12 11:18:07',NULL,'2015-08-12 11:18:07',NULL,4,0,'0',1),(2547,'479ce6af-aeb7-4214-8b7a-378629cde4ab','CD播放','2015-08-12 11:18:07',NULL,'2015-08-12 11:18:07',NULL,'2015-08-12 11:18:07',NULL,13,0,'0',1),(2548,'479ce6af-aeb7-4214-8b7a-378629cde4ab','音量控制','2015-08-11 15:37:49',NULL,'2015-08-11 15:37:49',NULL,'2015-08-11 15:37:49',NULL,4,1,'0',4),(2549,'479ce6af-aeb7-4214-8b7a-378629cde4ab','CD播放','2015-08-11 15:37:49',NULL,'2015-08-11 15:37:49',NULL,'2015-08-11 15:37:49',NULL,13,1,'0',4),(2550,'0e66b834-7c97-4d75-bb64-39ed52b9e796','音量控制','2015-08-11 15:39:42',NULL,'2015-08-11 15:39:42',NULL,'2015-08-11 15:39:42',NULL,4,1,'0',3),(2551,'0e66b834-7c97-4d75-bb64-39ed52b9e796','CD播放','2015-08-11 15:39:42',NULL,'2015-08-11 15:39:42',NULL,'2015-08-11 15:39:42',NULL,13,1,'0',3),(2552,'0e66b834-7c97-4d75-bb64-39ed52b9e796','音量控制','2015-08-11 15:39:42',NULL,'2015-08-11 15:39:42',NULL,'2015-08-11 15:39:42',NULL,4,1,'0',6),(2553,'0e66b834-7c97-4d75-bb64-39ed52b9e796','CD播放','2015-08-11 15:39:42',NULL,'2015-08-11 15:39:42',NULL,'2015-08-11 15:39:42',NULL,13,1,'0',6),(2554,'0e66b834-7c97-4d75-bb64-39ed52b9e796','音量控制','2015-08-11 15:39:42',NULL,'2015-08-11 15:39:42',NULL,'2015-08-11 15:39:42',NULL,4,1,'0',1),(2555,'0e66b834-7c97-4d75-bb64-39ed52b9e796','CD播放','2015-08-11 15:39:42',NULL,'2015-08-11 15:39:42',NULL,'2015-08-11 15:39:42',NULL,13,1,'0',1),(2556,'0e66b834-7c97-4d75-bb64-39ed52b9e796','音量控制','2015-08-11 15:39:42',NULL,'2015-08-11 15:39:42',NULL,'2015-08-11 15:39:42',NULL,4,1,'0',4),(2557,'0e66b834-7c97-4d75-bb64-39ed52b9e796','CD播放','2015-08-11 15:39:42',NULL,'2015-08-11 15:39:42',NULL,'2015-08-11 15:39:42',NULL,13,1,'0',4),(2558,'f5083efd-64c5-4e7b-8e01-c56d53587368','声音','2015-08-11 15:41:05',NULL,'2015-08-11 15:41:05',NULL,'2015-08-11 15:41:05',NULL,2,1,'0',3),(2559,'f5083efd-64c5-4e7b-8e01-c56d53587368','声音','2015-08-11 15:41:05',NULL,'2015-08-11 15:41:05',NULL,'2015-08-11 15:41:05',NULL,2,1,'0',6),(2560,'f5083efd-64c5-4e7b-8e01-c56d53587368','声音','2015-08-12 11:18:04',NULL,'2015-08-12 11:18:04',NULL,'2015-08-12 11:18:04',NULL,2,0,'0',1),(2561,'b5df58a8-f2cc-4a60-95a8-44c4a7b79e86','风速级别设置','2015-08-11 15:48:16',NULL,'2015-08-11 15:48:16',NULL,'2015-08-11 15:48:16',NULL,7,1,'0',7),(2562,'b5df58a8-f2cc-4a60-95a8-44c4a7b79e86','风类设置','2015-08-11 15:48:16',NULL,'2015-08-11 15:48:16',NULL,'2015-08-11 15:48:16',NULL,9,1,'0',7),(2563,'b5df58a8-f2cc-4a60-95a8-44c4a7b79e86','是否静音','2015-08-11 15:48:16',NULL,'2015-08-11 15:48:16',NULL,'2015-08-11 15:48:16',NULL,10,1,'0',7),(2564,'b5df58a8-f2cc-4a60-95a8-44c4a7b79e86','是否摆头','2015-08-11 15:48:16',NULL,'2015-08-11 15:48:16',NULL,'2015-08-11 15:48:16',NULL,11,1,'0',7),(2565,'b5df58a8-f2cc-4a60-95a8-44c4a7b79e86','风速级别设置','2015-08-11 15:48:16',NULL,'2015-08-11 15:48:16',NULL,'2015-08-11 15:48:16',NULL,7,1,'0',2),(2566,'b5df58a8-f2cc-4a60-95a8-44c4a7b79e86','风类设置','2015-08-11 15:48:16',NULL,'2015-08-11 15:48:16',NULL,'2015-08-11 15:48:16',NULL,9,1,'0',2),(2567,'b5df58a8-f2cc-4a60-95a8-44c4a7b79e86','是否静音','2015-08-11 15:48:16',NULL,'2015-08-11 15:48:16',NULL,'2015-08-11 15:48:16',NULL,10,1,'0',2),(2568,'b5df58a8-f2cc-4a60-95a8-44c4a7b79e86','是否摆头','2015-08-11 15:48:16',NULL,'2015-08-11 15:48:16',NULL,'2015-08-11 15:48:16',NULL,11,1,'0',2),(2569,'5dca2ea3-21db-4479-8bdd-1bec492b219a','风速级别设置','2015-08-11 15:48:38',NULL,'2015-08-11 15:48:38',NULL,'2015-08-11 15:48:38',NULL,7,1,'0',7),(2570,'5dca2ea3-21db-4479-8bdd-1bec492b219a','风类设置','2015-08-11 15:48:38',NULL,'2015-08-11 15:48:38',NULL,'2015-08-11 15:48:38',NULL,9,1,'0',7),(2571,'5dca2ea3-21db-4479-8bdd-1bec492b219a','是否静音','2015-08-11 15:48:38',NULL,'2015-08-11 15:48:38',NULL,'2015-08-11 15:48:38',NULL,10,1,'0',7),(2572,'5dca2ea3-21db-4479-8bdd-1bec492b219a','是否摆头','2015-08-11 15:48:38',NULL,'2015-08-11 15:48:38',NULL,'2015-08-11 15:48:38',NULL,11,1,'0',7),(2573,'5dca2ea3-21db-4479-8bdd-1bec492b219a','风速级别设置','2015-08-11 15:48:38',NULL,'2015-08-11 15:48:38',NULL,'2015-08-11 15:48:38',NULL,7,1,'0',2),(2574,'5dca2ea3-21db-4479-8bdd-1bec492b219a','风类设置','2015-08-11 15:48:38',NULL,'2015-08-11 15:48:38',NULL,'2015-08-11 15:48:38',NULL,9,1,'0',2),(2575,'5dca2ea3-21db-4479-8bdd-1bec492b219a','是否静音','2015-08-11 15:48:38',NULL,'2015-08-11 15:48:38',NULL,'2015-08-11 15:48:38',NULL,10,1,'0',2),(2576,'5dca2ea3-21db-4479-8bdd-1bec492b219a','是否摆头','2015-08-11 15:48:38',NULL,'2015-08-11 15:48:38',NULL,'2015-08-11 15:48:38',NULL,11,1,'0',2),(2577,'f14fb8d1-3b9c-4916-aea2-b881a754e699','风速级别设置','2015-08-11 15:48:44',NULL,'2015-08-11 15:48:44',NULL,'2015-08-11 15:48:44',NULL,7,1,'0',7),(2578,'f14fb8d1-3b9c-4916-aea2-b881a754e699','风类设置','2015-08-11 15:48:44',NULL,'2015-08-11 15:48:44',NULL,'2015-08-11 15:48:44',NULL,9,1,'0',7),(2579,'f14fb8d1-3b9c-4916-aea2-b881a754e699','是否静音','2015-08-11 15:48:44',NULL,'2015-08-11 15:48:44',NULL,'2015-08-11 15:48:44',NULL,10,1,'0',7),(2580,'f14fb8d1-3b9c-4916-aea2-b881a754e699','是否摆头','2015-08-11 15:48:44',NULL,'2015-08-11 15:48:44',NULL,'2015-08-11 15:48:44',NULL,11,1,'0',7),(2581,'f14fb8d1-3b9c-4916-aea2-b881a754e699','风速级别设置','2015-08-11 15:48:44',NULL,'2015-08-11 15:48:44',NULL,'2015-08-11 15:48:44',NULL,7,1,'0',2),(2582,'f14fb8d1-3b9c-4916-aea2-b881a754e699','风类设置','2015-08-11 15:48:44',NULL,'2015-08-11 15:48:44',NULL,'2015-08-11 15:48:44',NULL,9,1,'0',2),(2583,'f14fb8d1-3b9c-4916-aea2-b881a754e699','是否静音','2015-08-11 15:48:44',NULL,'2015-08-11 15:48:44',NULL,'2015-08-11 15:48:44',NULL,10,1,'0',2),(2584,'f14fb8d1-3b9c-4916-aea2-b881a754e699','是否摆头','2015-08-11 15:48:44',NULL,'2015-08-11 15:48:44',NULL,'2015-08-11 15:48:44',NULL,11,1,'0',2),(2585,'962e01bc-8ca4-426e-be22-3e62525bdc55','风速级别设置','2015-08-11 15:48:53',NULL,'2015-08-11 15:48:53',NULL,'2015-08-11 15:48:53',NULL,7,1,'0',7),(2586,'962e01bc-8ca4-426e-be22-3e62525bdc55','风类设置','2015-08-11 15:48:53',NULL,'2015-08-11 15:48:53',NULL,'2015-08-11 15:48:53',NULL,9,1,'0',7),(2587,'962e01bc-8ca4-426e-be22-3e62525bdc55','是否静音','2015-08-11 15:48:53',NULL,'2015-08-11 15:48:53',NULL,'2015-08-11 15:48:53',NULL,10,1,'0',7),(2588,'962e01bc-8ca4-426e-be22-3e62525bdc55','是否摆头','2015-08-11 15:48:53',NULL,'2015-08-11 15:48:53',NULL,'2015-08-11 15:48:53',NULL,11,1,'0',7),(2589,'962e01bc-8ca4-426e-be22-3e62525bdc55','风速级别设置','2015-08-11 15:48:53',NULL,'2015-08-11 15:48:53',NULL,'2015-08-11 15:48:53',NULL,7,1,'0',2),(2590,'962e01bc-8ca4-426e-be22-3e62525bdc55','风类设置','2015-08-11 15:48:53',NULL,'2015-08-11 15:48:53',NULL,'2015-08-11 15:48:53',NULL,9,1,'0',2),(2591,'962e01bc-8ca4-426e-be22-3e62525bdc55','是否静音','2015-08-11 15:48:53',NULL,'2015-08-11 15:48:53',NULL,'2015-08-11 15:48:53',NULL,10,1,'0',2),(2592,'962e01bc-8ca4-426e-be22-3e62525bdc55','是否摆头','2015-08-11 15:48:53',NULL,'2015-08-11 15:48:53',NULL,'2015-08-11 15:48:53',NULL,11,1,'0',2),(2593,'5daf012c-8b8e-47dc-8487-5c32d6cd34b3','风速级别设置','2015-08-11 15:48:58',NULL,'2015-08-11 15:48:58',NULL,'2015-08-11 15:48:58',NULL,7,1,'0',7),(2594,'5daf012c-8b8e-47dc-8487-5c32d6cd34b3','风类设置','2015-08-11 15:48:58',NULL,'2015-08-11 15:48:58',NULL,'2015-08-11 15:48:58',NULL,9,1,'0',7),(2595,'5daf012c-8b8e-47dc-8487-5c32d6cd34b3','是否静音','2015-08-11 15:48:58',NULL,'2015-08-11 15:48:58',NULL,'2015-08-11 15:48:58',NULL,10,1,'0',7),(2596,'5daf012c-8b8e-47dc-8487-5c32d6cd34b3','是否摆头','2015-08-11 15:48:58',NULL,'2015-08-11 15:48:58',NULL,'2015-08-11 15:48:58',NULL,11,1,'0',7),(2597,'5daf012c-8b8e-47dc-8487-5c32d6cd34b3','风速级别设置','2015-08-11 15:48:58',NULL,'2015-08-11 15:48:58',NULL,'2015-08-11 15:48:58',NULL,7,1,'0',2),(2598,'5daf012c-8b8e-47dc-8487-5c32d6cd34b3','风类设置','2015-08-11 15:48:58',NULL,'2015-08-11 15:48:58',NULL,'2015-08-11 15:48:58',NULL,9,1,'0',2),(2599,'5daf012c-8b8e-47dc-8487-5c32d6cd34b3','是否静音','2015-08-11 15:48:58',NULL,'2015-08-11 15:48:58',NULL,'2015-08-11 15:48:58',NULL,10,1,'0',2),(2600,'5daf012c-8b8e-47dc-8487-5c32d6cd34b3','是否摆头','2015-08-11 15:48:58',NULL,'2015-08-11 15:48:58',NULL,'2015-08-11 15:48:58',NULL,11,1,'0',2),(2601,'8673eda6-356f-4230-aa55-9d5268cd9c60','风速级别设置','2015-08-11 15:49:06',NULL,'2015-08-11 15:49:06',NULL,'2015-08-11 15:49:06',NULL,7,1,'0',7),(2602,'8673eda6-356f-4230-aa55-9d5268cd9c60','风类设置','2015-08-11 15:49:06',NULL,'2015-08-11 15:49:06',NULL,'2015-08-11 15:49:06',NULL,9,1,'0',7),(2603,'8673eda6-356f-4230-aa55-9d5268cd9c60','是否静音','2015-08-11 15:49:06',NULL,'2015-08-11 15:49:06',NULL,'2015-08-11 15:49:06',NULL,10,1,'0',7),(2604,'8673eda6-356f-4230-aa55-9d5268cd9c60','是否摆头','2015-08-11 15:49:06',NULL,'2015-08-11 15:49:06',NULL,'2015-08-11 15:49:06',NULL,11,1,'0',7),(2605,'8673eda6-356f-4230-aa55-9d5268cd9c60','风速级别设置','2015-08-11 15:49:06',NULL,'2015-08-11 15:49:06',NULL,'2015-08-11 15:49:06',NULL,7,1,'0',2),(2606,'8673eda6-356f-4230-aa55-9d5268cd9c60','风类设置','2015-08-11 15:49:06',NULL,'2015-08-11 15:49:06',NULL,'2015-08-11 15:49:06',NULL,9,1,'0',2),(2607,'8673eda6-356f-4230-aa55-9d5268cd9c60','是否静音','2015-08-11 15:49:06',NULL,'2015-08-11 15:49:06',NULL,'2015-08-11 15:49:06',NULL,10,1,'0',2),(2608,'8673eda6-356f-4230-aa55-9d5268cd9c60','是否摆头','2015-08-11 15:49:06',NULL,'2015-08-11 15:49:06',NULL,'2015-08-11 15:49:06',NULL,11,1,'0',2),(2609,'41a20ee6-5d1c-469a-9de6-8c858a0484d6','风速级别设置','2015-08-11 15:49:13',NULL,'2015-08-11 15:49:13',NULL,'2015-08-11 15:49:13',NULL,7,1,'0',7),(2610,'41a20ee6-5d1c-469a-9de6-8c858a0484d6','风类设置','2015-08-11 15:49:13',NULL,'2015-08-11 15:49:13',NULL,'2015-08-11 15:49:13',NULL,9,1,'0',7),(2611,'41a20ee6-5d1c-469a-9de6-8c858a0484d6','是否静音','2015-08-11 15:49:13',NULL,'2015-08-11 15:49:13',NULL,'2015-08-11 15:49:13',NULL,10,1,'0',7),(2612,'41a20ee6-5d1c-469a-9de6-8c858a0484d6','是否摆头','2015-08-11 15:49:13',NULL,'2015-08-11 15:49:13',NULL,'2015-08-11 15:49:13',NULL,11,1,'0',7),(2613,'41a20ee6-5d1c-469a-9de6-8c858a0484d6','风速级别设置','2015-08-11 15:49:13',NULL,'2015-08-11 15:49:13',NULL,'2015-08-11 15:49:13',NULL,7,1,'0',2),(2614,'41a20ee6-5d1c-469a-9de6-8c858a0484d6','风类设置','2015-08-11 15:49:13',NULL,'2015-08-11 15:49:13',NULL,'2015-08-11 15:49:13',NULL,9,1,'0',2),(2615,'41a20ee6-5d1c-469a-9de6-8c858a0484d6','是否静音','2015-08-11 15:49:13',NULL,'2015-08-11 15:49:13',NULL,'2015-08-11 15:49:13',NULL,10,1,'0',2),(2616,'41a20ee6-5d1c-469a-9de6-8c858a0484d6','是否摆头','2015-08-11 15:49:13',NULL,'2015-08-11 15:49:13',NULL,'2015-08-11 15:49:13',NULL,11,1,'0',2),(2617,'046f67e2-65ae-482f-9276-408319b7e959','风速级别设置','2015-08-11 15:49:21',NULL,'2015-08-11 15:49:21',NULL,'2015-08-11 15:49:21',NULL,7,1,'0',7),(2618,'046f67e2-65ae-482f-9276-408319b7e959','风类设置','2015-08-11 15:49:21',NULL,'2015-08-11 15:49:21',NULL,'2015-08-11 15:49:21',NULL,9,1,'0',7),(2619,'046f67e2-65ae-482f-9276-408319b7e959','是否静音','2015-08-11 15:49:21',NULL,'2015-08-11 15:49:21',NULL,'2015-08-11 15:49:21',NULL,10,1,'0',7),(2620,'046f67e2-65ae-482f-9276-408319b7e959','是否摆头','2015-08-11 15:49:21',NULL,'2015-08-11 15:49:21',NULL,'2015-08-11 15:49:21',NULL,11,1,'0',7),(2621,'046f67e2-65ae-482f-9276-408319b7e959','风速级别设置','2015-08-11 15:49:21',NULL,'2015-08-11 15:49:21',NULL,'2015-08-11 15:49:21',NULL,7,1,'0',2),(2622,'046f67e2-65ae-482f-9276-408319b7e959','风类设置','2015-08-11 15:49:21',NULL,'2015-08-11 15:49:21',NULL,'2015-08-11 15:49:21',NULL,9,1,'0',2),(2623,'046f67e2-65ae-482f-9276-408319b7e959','是否静音','2015-08-11 15:49:21',NULL,'2015-08-11 15:49:21',NULL,'2015-08-11 15:49:21',NULL,10,1,'0',2),(2624,'046f67e2-65ae-482f-9276-408319b7e959','是否摆头','2015-08-11 15:49:21',NULL,'2015-08-11 15:49:21',NULL,'2015-08-11 15:49:21',NULL,11,1,'0',2),(2625,'4cd22e7e-b8e8-43c8-801c-2f66fa360265','风速级别设置','2015-08-11 15:49:30',NULL,'2015-08-11 15:49:30',NULL,'2015-08-11 15:49:30',NULL,7,1,'0',7),(2626,'4cd22e7e-b8e8-43c8-801c-2f66fa360265','风类设置','2015-08-11 15:49:30',NULL,'2015-08-11 15:49:30',NULL,'2015-08-11 15:49:30',NULL,9,1,'0',7),(2627,'4cd22e7e-b8e8-43c8-801c-2f66fa360265','是否静音','2015-08-11 15:49:30',NULL,'2015-08-11 15:49:30',NULL,'2015-08-11 15:49:30',NULL,10,1,'0',7),(2628,'4cd22e7e-b8e8-43c8-801c-2f66fa360265','是否摆头','2015-08-11 15:49:30',NULL,'2015-08-11 15:49:30',NULL,'2015-08-11 15:49:30',NULL,11,1,'0',7),(2629,'4cd22e7e-b8e8-43c8-801c-2f66fa360265','风速级别设置','2015-08-11 15:49:30',NULL,'2015-08-11 15:49:30',NULL,'2015-08-11 15:49:30',NULL,7,1,'0',2),(2630,'4cd22e7e-b8e8-43c8-801c-2f66fa360265','风类设置','2015-08-11 15:49:30',NULL,'2015-08-11 15:49:30',NULL,'2015-08-11 15:49:30',NULL,9,1,'0',2),(2631,'4cd22e7e-b8e8-43c8-801c-2f66fa360265','是否静音','2015-08-11 15:49:30',NULL,'2015-08-11 15:49:30',NULL,'2015-08-11 15:49:30',NULL,10,1,'0',2),(2632,'4cd22e7e-b8e8-43c8-801c-2f66fa360265','是否摆头','2015-08-11 15:49:30',NULL,'2015-08-11 15:49:30',NULL,'2015-08-11 15:49:30',NULL,11,1,'0',2),(2633,'794af924-e3c0-45de-995c-a3a7850c3739','风速级别设置','2015-08-11 15:49:37',NULL,'2015-08-11 15:49:37',NULL,'2015-08-11 15:49:37',NULL,7,1,'0',7),(2634,'794af924-e3c0-45de-995c-a3a7850c3739','风类设置','2015-08-11 15:49:37',NULL,'2015-08-11 15:49:37',NULL,'2015-08-11 15:49:37',NULL,9,1,'0',7),(2635,'794af924-e3c0-45de-995c-a3a7850c3739','是否静音','2015-08-11 15:49:37',NULL,'2015-08-11 15:49:37',NULL,'2015-08-11 15:49:37',NULL,10,1,'0',7),(2636,'794af924-e3c0-45de-995c-a3a7850c3739','是否摆头','2015-08-11 15:49:37',NULL,'2015-08-11 15:49:37',NULL,'2015-08-11 15:49:37',NULL,11,1,'0',7),(2637,'794af924-e3c0-45de-995c-a3a7850c3739','风速级别设置','2015-08-11 15:49:37',NULL,'2015-08-11 15:49:37',NULL,'2015-08-11 15:49:37',NULL,7,1,'0',2),(2638,'794af924-e3c0-45de-995c-a3a7850c3739','风类设置','2015-08-11 15:49:37',NULL,'2015-08-11 15:49:37',NULL,'2015-08-11 15:49:37',NULL,9,1,'0',2),(2639,'794af924-e3c0-45de-995c-a3a7850c3739','是否静音','2015-08-11 15:49:37',NULL,'2015-08-11 15:49:37',NULL,'2015-08-11 15:49:37',NULL,10,1,'0',2),(2640,'794af924-e3c0-45de-995c-a3a7850c3739','是否摆头','2015-08-11 15:49:37',NULL,'2015-08-11 15:49:37',NULL,'2015-08-11 15:49:37',NULL,11,1,'0',2),(2641,'ed8218b3-8084-43d6-a2d0-166449787bb5','风速级别设置','2015-08-11 15:49:54',NULL,'2015-08-11 15:49:54',NULL,'2015-08-11 15:49:54',NULL,7,1,'0',7),(2642,'ed8218b3-8084-43d6-a2d0-166449787bb5','风类设置','2015-08-11 15:49:54',NULL,'2015-08-11 15:49:54',NULL,'2015-08-11 15:49:54',NULL,9,1,'0',7),(2643,'ed8218b3-8084-43d6-a2d0-166449787bb5','是否静音','2015-08-11 15:49:54',NULL,'2015-08-11 15:49:54',NULL,'2015-08-11 15:49:54',NULL,10,1,'0',7),(2644,'ed8218b3-8084-43d6-a2d0-166449787bb5','是否摆头','2015-08-11 15:49:54',NULL,'2015-08-11 15:49:54',NULL,'2015-08-11 15:49:54',NULL,11,1,'0',7),(2645,'ed8218b3-8084-43d6-a2d0-166449787bb5','风速级别设置','2015-08-11 15:49:54',NULL,'2015-08-11 15:49:54',NULL,'2015-08-11 15:49:54',NULL,7,1,'0',2),(2646,'ed8218b3-8084-43d6-a2d0-166449787bb5','风类设置','2015-08-11 15:49:54',NULL,'2015-08-11 15:49:54',NULL,'2015-08-11 15:49:54',NULL,9,1,'0',2),(2647,'ed8218b3-8084-43d6-a2d0-166449787bb5','是否静音','2015-08-11 15:49:54',NULL,'2015-08-11 15:49:54',NULL,'2015-08-11 15:49:54',NULL,10,1,'0',2),(2648,'ed8218b3-8084-43d6-a2d0-166449787bb5','是否摆头','2015-08-11 15:49:54',NULL,'2015-08-11 15:49:54',NULL,'2015-08-11 15:49:54',NULL,11,1,'0',2),(2649,'595028c0-9af4-489e-8d1c-399dc0877bec','风速级别设置','2015-08-11 15:50:03',NULL,'2015-08-11 15:50:03',NULL,'2015-08-11 15:50:03',NULL,7,1,'0',7),(2650,'595028c0-9af4-489e-8d1c-399dc0877bec','风类设置','2015-08-11 15:50:03',NULL,'2015-08-11 15:50:03',NULL,'2015-08-11 15:50:03',NULL,9,1,'0',7),(2651,'595028c0-9af4-489e-8d1c-399dc0877bec','是否静音','2015-08-11 15:50:03',NULL,'2015-08-11 15:50:03',NULL,'2015-08-11 15:50:03',NULL,10,1,'0',7),(2652,'595028c0-9af4-489e-8d1c-399dc0877bec','是否摆头','2015-08-11 15:50:03',NULL,'2015-08-11 15:50:03',NULL,'2015-08-11 15:50:03',NULL,11,1,'0',7),(2653,'595028c0-9af4-489e-8d1c-399dc0877bec','风速级别设置','2015-08-11 15:50:03',NULL,'2015-08-11 15:50:03',NULL,'2015-08-11 15:50:03',NULL,7,1,'0',2),(2654,'595028c0-9af4-489e-8d1c-399dc0877bec','风类设置','2015-08-11 15:50:03',NULL,'2015-08-11 15:50:03',NULL,'2015-08-11 15:50:03',NULL,9,1,'0',2),(2655,'595028c0-9af4-489e-8d1c-399dc0877bec','是否静音','2015-08-11 15:50:03',NULL,'2015-08-11 15:50:03',NULL,'2015-08-11 15:50:03',NULL,10,1,'0',2),(2656,'595028c0-9af4-489e-8d1c-399dc0877bec','是否摆头','2015-08-11 15:50:03',NULL,'2015-08-11 15:50:03',NULL,'2015-08-11 15:50:03',NULL,11,1,'0',2),(2657,'fac5e044-91e0-4d58-8c02-9e4bcd768596','风速级别设置','2015-08-11 15:50:12',NULL,'2015-08-11 15:50:12',NULL,'2015-08-11 15:50:12',NULL,7,1,'0',7),(2658,'fac5e044-91e0-4d58-8c02-9e4bcd768596','风类设置','2015-08-11 15:50:12',NULL,'2015-08-11 15:50:12',NULL,'2015-08-11 15:50:12',NULL,9,1,'0',7),(2659,'fac5e044-91e0-4d58-8c02-9e4bcd768596','是否静音','2015-08-11 15:50:12',NULL,'2015-08-11 15:50:12',NULL,'2015-08-11 15:50:12',NULL,10,1,'0',7),(2660,'fac5e044-91e0-4d58-8c02-9e4bcd768596','是否摆头','2015-08-11 15:50:12',NULL,'2015-08-11 15:50:12',NULL,'2015-08-11 15:50:12',NULL,11,1,'0',7),(2661,'fac5e044-91e0-4d58-8c02-9e4bcd768596','风速级别设置','2015-08-11 15:50:12',NULL,'2015-08-11 15:50:12',NULL,'2015-08-11 15:50:12',NULL,7,1,'0',2),(2662,'fac5e044-91e0-4d58-8c02-9e4bcd768596','风类设置','2015-08-11 15:50:12',NULL,'2015-08-11 15:50:12',NULL,'2015-08-11 15:50:12',NULL,9,1,'0',2),(2663,'fac5e044-91e0-4d58-8c02-9e4bcd768596','是否静音','2015-08-11 15:50:12',NULL,'2015-08-11 15:50:12',NULL,'2015-08-11 15:50:12',NULL,10,1,'0',2),(2664,'fac5e044-91e0-4d58-8c02-9e4bcd768596','是否摆头','2015-08-11 15:50:12',NULL,'2015-08-11 15:50:12',NULL,'2015-08-11 15:50:12',NULL,11,1,'0',2),(2665,'2cfb2fb2-4849-4474-a022-b5ff61dd8ec4','风速级别设置','2015-08-11 15:50:35',NULL,'2015-08-11 15:50:35',NULL,'2015-08-11 15:50:35',NULL,7,1,'0',7),(2666,'2cfb2fb2-4849-4474-a022-b5ff61dd8ec4','风类设置','2015-08-11 15:50:35',NULL,'2015-08-11 15:50:35',NULL,'2015-08-11 15:50:35',NULL,9,1,'0',7),(2667,'2cfb2fb2-4849-4474-a022-b5ff61dd8ec4','是否静音','2015-08-11 15:50:35',NULL,'2015-08-11 15:50:35',NULL,'2015-08-11 15:50:35',NULL,10,1,'0',7),(2668,'2cfb2fb2-4849-4474-a022-b5ff61dd8ec4','是否摆头','2015-08-11 15:50:35',NULL,'2015-08-11 15:50:35',NULL,'2015-08-11 15:50:35',NULL,11,1,'0',7),(2669,'2cfb2fb2-4849-4474-a022-b5ff61dd8ec4','风速级别设置','2015-08-11 15:50:35',NULL,'2015-08-11 15:50:35',NULL,'2015-08-11 15:50:35',NULL,7,1,'0',2),(2670,'2cfb2fb2-4849-4474-a022-b5ff61dd8ec4','风类设置','2015-08-11 15:50:35',NULL,'2015-08-11 15:50:35',NULL,'2015-08-11 15:50:35',NULL,9,1,'0',2),(2671,'2cfb2fb2-4849-4474-a022-b5ff61dd8ec4','是否静音','2015-08-11 15:50:35',NULL,'2015-08-11 15:50:35',NULL,'2015-08-11 15:50:35',NULL,10,1,'0',2),(2672,'2cfb2fb2-4849-4474-a022-b5ff61dd8ec4','是否摆头','2015-08-11 15:50:35',NULL,'2015-08-11 15:50:35',NULL,'2015-08-11 15:50:35',NULL,11,1,'0',2),(2673,'dadc061a-92e4-42ba-8900-0916f74844db','风速级别设置','2015-08-11 15:51:32',NULL,'2015-08-11 15:51:32',NULL,'2015-08-11 15:51:32',NULL,7,1,'0',7),(2674,'dadc061a-92e4-42ba-8900-0916f74844db','风类设置','2015-08-11 15:51:32',NULL,'2015-08-11 15:51:32',NULL,'2015-08-11 15:51:32',NULL,9,1,'0',7),(2675,'dadc061a-92e4-42ba-8900-0916f74844db','是否静音','2015-08-11 15:51:32',NULL,'2015-08-11 15:51:32',NULL,'2015-08-11 15:51:32',NULL,10,1,'0',7),(2676,'dadc061a-92e4-42ba-8900-0916f74844db','是否摆头','2015-08-11 15:51:32',NULL,'2015-08-11 15:51:32',NULL,'2015-08-11 15:51:32',NULL,11,1,'0',7),(2677,'dadc061a-92e4-42ba-8900-0916f74844db','风速级别设置','2015-08-11 15:51:32',NULL,'2015-08-11 15:51:32',NULL,'2015-08-11 15:51:32',NULL,7,1,'0',2),(2678,'dadc061a-92e4-42ba-8900-0916f74844db','风类设置','2015-08-11 15:51:32',NULL,'2015-08-11 15:51:32',NULL,'2015-08-11 15:51:32',NULL,9,1,'0',2),(2679,'dadc061a-92e4-42ba-8900-0916f74844db','是否静音','2015-08-11 15:51:32',NULL,'2015-08-11 15:51:32',NULL,'2015-08-11 15:51:32',NULL,10,1,'0',2),(2680,'dadc061a-92e4-42ba-8900-0916f74844db','是否摆头','2015-08-11 15:51:32',NULL,'2015-08-11 15:51:32',NULL,'2015-08-11 15:51:32',NULL,11,1,'0',2),(2681,'28a363a9-6907-4b96-8779-8aeb77eacb31','风速级别设置','2015-08-11 15:51:40',NULL,'2015-08-11 15:51:40',NULL,'2015-08-11 15:51:40',NULL,7,1,'0',7),(2682,'28a363a9-6907-4b96-8779-8aeb77eacb31','风类设置','2015-08-11 15:51:40',NULL,'2015-08-11 15:51:40',NULL,'2015-08-11 15:51:40',NULL,9,1,'0',7),(2683,'28a363a9-6907-4b96-8779-8aeb77eacb31','是否静音','2015-08-11 15:51:40',NULL,'2015-08-11 15:51:40',NULL,'2015-08-11 15:51:40',NULL,10,1,'0',7),(2684,'28a363a9-6907-4b96-8779-8aeb77eacb31','是否摆头','2015-08-11 15:51:40',NULL,'2015-08-11 15:51:40',NULL,'2015-08-11 15:51:40',NULL,11,1,'0',7),(2685,'28a363a9-6907-4b96-8779-8aeb77eacb31','风速级别设置','2015-08-11 15:51:40',NULL,'2015-08-11 15:51:40',NULL,'2015-08-11 15:51:40',NULL,7,1,'0',2),(2686,'28a363a9-6907-4b96-8779-8aeb77eacb31','风类设置','2015-08-11 15:51:40',NULL,'2015-08-11 15:51:40',NULL,'2015-08-11 15:51:40',NULL,9,1,'0',2),(2687,'28a363a9-6907-4b96-8779-8aeb77eacb31','是否静音','2015-08-11 15:51:40',NULL,'2015-08-11 15:51:40',NULL,'2015-08-11 15:51:40',NULL,10,1,'0',2),(2688,'28a363a9-6907-4b96-8779-8aeb77eacb31','是否摆头','2015-08-11 15:51:40',NULL,'2015-08-11 15:51:40',NULL,'2015-08-11 15:51:40',NULL,11,1,'0',2),(2689,'f4a3c987-cd50-45dc-987d-4e8666a995c2','风速级别设置','2015-08-11 15:51:47',NULL,'2015-08-11 15:51:47',NULL,'2015-08-11 15:51:47',NULL,7,1,'0',7),(2690,'f4a3c987-cd50-45dc-987d-4e8666a995c2','风类设置','2015-08-11 15:51:47',NULL,'2015-08-11 15:51:47',NULL,'2015-08-11 15:51:47',NULL,9,1,'0',7),(2691,'f4a3c987-cd50-45dc-987d-4e8666a995c2','是否静音','2015-08-11 15:51:47',NULL,'2015-08-11 15:51:47',NULL,'2015-08-11 15:51:47',NULL,10,1,'0',7),(2692,'f4a3c987-cd50-45dc-987d-4e8666a995c2','是否摆头','2015-08-11 15:51:47',NULL,'2015-08-11 15:51:47',NULL,'2015-08-11 15:51:47',NULL,11,1,'0',7),(2693,'f4a3c987-cd50-45dc-987d-4e8666a995c2','风速级别设置','2015-08-11 15:51:47',NULL,'2015-08-11 15:51:47',NULL,'2015-08-11 15:51:47',NULL,7,1,'0',2),(2694,'f4a3c987-cd50-45dc-987d-4e8666a995c2','风类设置','2015-08-11 15:51:47',NULL,'2015-08-11 15:51:47',NULL,'2015-08-11 15:51:47',NULL,9,1,'0',2),(2695,'f4a3c987-cd50-45dc-987d-4e8666a995c2','是否静音','2015-08-11 15:51:47',NULL,'2015-08-11 15:51:47',NULL,'2015-08-11 15:51:47',NULL,10,1,'0',2),(2696,'f4a3c987-cd50-45dc-987d-4e8666a995c2','是否摆头','2015-08-11 15:51:47',NULL,'2015-08-11 15:51:47',NULL,'2015-08-11 15:51:47',NULL,11,1,'0',2),(2697,'fb1d55ce-c4c1-4aea-9e74-575a2042bf3d','风速级别设置','2015-08-11 15:51:54',NULL,'2015-08-11 15:51:54',NULL,'2015-08-11 15:51:54',NULL,7,1,'0',7),(2698,'fb1d55ce-c4c1-4aea-9e74-575a2042bf3d','风类设置','2015-08-11 15:51:54',NULL,'2015-08-11 15:51:54',NULL,'2015-08-11 15:51:54',NULL,9,1,'0',7),(2699,'fb1d55ce-c4c1-4aea-9e74-575a2042bf3d','是否静音','2015-08-11 15:51:54',NULL,'2015-08-11 15:51:54',NULL,'2015-08-11 15:51:54',NULL,10,1,'0',7),(2700,'fb1d55ce-c4c1-4aea-9e74-575a2042bf3d','是否摆头','2015-08-11 15:51:54',NULL,'2015-08-11 15:51:54',NULL,'2015-08-11 15:51:54',NULL,11,1,'0',7),(2701,'fb1d55ce-c4c1-4aea-9e74-575a2042bf3d','风速级别设置','2015-08-11 15:51:54',NULL,'2015-08-11 15:51:54',NULL,'2015-08-11 15:51:54',NULL,7,1,'0',2),(2702,'fb1d55ce-c4c1-4aea-9e74-575a2042bf3d','风类设置','2015-08-11 15:51:54',NULL,'2015-08-11 15:51:54',NULL,'2015-08-11 15:51:54',NULL,9,1,'0',2),(2703,'fb1d55ce-c4c1-4aea-9e74-575a2042bf3d','是否静音','2015-08-11 15:51:54',NULL,'2015-08-11 15:51:54',NULL,'2015-08-11 15:51:54',NULL,10,1,'0',2),(2704,'fb1d55ce-c4c1-4aea-9e74-575a2042bf3d','是否摆头','2015-08-11 15:51:54',NULL,'2015-08-11 15:51:54',NULL,'2015-08-11 15:51:54',NULL,11,1,'0',2),(2705,'7bf6d968-157b-47be-866e-a6cd8607daf3','风速级别设置','2015-08-11 15:54:40',NULL,'2015-08-11 15:54:40',NULL,'2015-08-11 15:54:40',NULL,7,1,'0',7),(2706,'7bf6d968-157b-47be-866e-a6cd8607daf3','风类设置','2015-08-11 15:54:40',NULL,'2015-08-11 15:54:40',NULL,'2015-08-11 15:54:40',NULL,9,1,'0',7),(2707,'7bf6d968-157b-47be-866e-a6cd8607daf3','是否静音','2015-08-11 15:54:40',NULL,'2015-08-11 15:54:40',NULL,'2015-08-11 15:54:40',NULL,10,1,'0',7),(2708,'7bf6d968-157b-47be-866e-a6cd8607daf3','是否摆头','2015-08-11 15:54:40',NULL,'2015-08-11 15:54:40',NULL,'2015-08-11 15:54:40',NULL,11,1,'0',7),(2709,'7bf6d968-157b-47be-866e-a6cd8607daf3','风速级别设置','2015-08-11 15:54:40',NULL,'2015-08-11 15:54:40',NULL,'2015-08-11 15:54:40',NULL,7,1,'0',2),(2710,'7bf6d968-157b-47be-866e-a6cd8607daf3','风类设置','2015-08-11 15:54:40',NULL,'2015-08-11 15:54:40',NULL,'2015-08-11 15:54:40',NULL,9,1,'0',2),(2711,'7bf6d968-157b-47be-866e-a6cd8607daf3','是否静音','2015-08-11 15:54:40',NULL,'2015-08-11 15:54:40',NULL,'2015-08-11 15:54:40',NULL,10,1,'0',2),(2712,'7bf6d968-157b-47be-866e-a6cd8607daf3','是否摆头','2015-08-11 15:54:40',NULL,'2015-08-11 15:54:40',NULL,'2015-08-11 15:54:40',NULL,11,1,'0',2),(2713,'e03cbd6d-b090-4d9c-917f-c9bb592e5913','模式','2015-08-11 15:54:54',NULL,'2015-08-11 15:54:54',NULL,'2015-08-11 15:54:54',NULL,5,1,'0',7),(2714,'e03cbd6d-b090-4d9c-917f-c9bb592e5913','是否扫风','2015-08-11 15:54:54',NULL,'2015-08-11 15:54:54',NULL,'2015-08-11 15:54:54',NULL,6,1,'0',7),(2715,'e03cbd6d-b090-4d9c-917f-c9bb592e5913','风速级别设置','2015-08-11 15:54:54',NULL,'2015-08-11 15:54:54',NULL,'2015-08-11 15:54:54',NULL,7,1,'0',7),(2716,'e03cbd6d-b090-4d9c-917f-c9bb592e5913','温度设置','2015-08-11 15:54:54',NULL,'2015-08-11 15:54:54',NULL,'2015-08-11 15:54:54',NULL,8,1,'0',7),(2717,'e03cbd6d-b090-4d9c-917f-c9bb592e5913','模式','2015-08-12 11:18:24',NULL,'2015-08-12 11:18:24',NULL,'2015-08-12 11:18:24',NULL,5,0,'0',1),(2718,'e03cbd6d-b090-4d9c-917f-c9bb592e5913','是否扫风','2015-08-12 11:18:24',NULL,'2015-08-12 11:18:24',NULL,'2015-08-12 11:18:24',NULL,6,0,'0',1),(2719,'e03cbd6d-b090-4d9c-917f-c9bb592e5913','风速级别设置','2015-08-12 11:18:24',NULL,'2015-08-12 11:18:24',NULL,'2015-08-12 11:18:24',NULL,7,0,'0',1),(2720,'e03cbd6d-b090-4d9c-917f-c9bb592e5913','温度设置','2015-08-12 11:18:24',NULL,'2015-08-12 11:18:24',NULL,'2015-08-12 11:18:24',NULL,8,0,'0',1),(2721,'e03cbd6d-b090-4d9c-917f-c9bb592e5913','模式','2015-08-11 15:54:54',NULL,'2015-08-11 15:54:54',NULL,'2015-08-11 15:54:54',NULL,5,1,'0',2),(2722,'e03cbd6d-b090-4d9c-917f-c9bb592e5913','是否扫风','2015-08-11 15:54:54',NULL,'2015-08-11 15:54:54',NULL,'2015-08-11 15:54:54',NULL,6,1,'0',2),(2723,'e03cbd6d-b090-4d9c-917f-c9bb592e5913','风速级别设置','2015-08-11 15:54:54',NULL,'2015-08-11 15:54:54',NULL,'2015-08-11 15:54:54',NULL,7,1,'0',2),(2724,'e03cbd6d-b090-4d9c-917f-c9bb592e5913','温度设置','2015-08-11 15:54:54',NULL,'2015-08-11 15:54:54',NULL,'2015-08-11 15:54:54',NULL,8,1,'0',2),(2725,'876aeb3d-8228-4574-b1e5-f904b7683db9','音量控制','2015-08-11 15:55:38',NULL,'2015-08-11 15:55:38',NULL,'2015-08-11 15:55:38',NULL,4,1,'0',4),(2726,'876aeb3d-8228-4574-b1e5-f904b7683db9','投影比例','2015-08-11 15:55:38',NULL,'2015-08-11 15:55:38',NULL,'2015-08-11 15:55:38',NULL,12,1,'0',4),(2727,'748393da-68d7-4485-add6-413cb7f2f67a','频道','2015-08-25 11:18:22',NULL,'2015-08-25 11:18:22',NULL,'2015-08-25 11:18:22',NULL,0,0,'0',1),(2728,'748393da-68d7-4485-add6-413cb7f2f67a','声音','2015-08-25 11:18:22',NULL,'2015-08-25 11:18:22',NULL,'2015-08-25 11:18:22',NULL,0,0,'0',1),(2729,'748393da-68d7-4485-add6-413cb7f2f67a','颜色','2015-08-25 11:18:22',NULL,'2015-08-25 11:18:22',NULL,'2015-08-25 11:18:22',NULL,0,0,'0',1),(2730,'748393da-68d7-4485-add6-413cb7f2f67a','音量控制','2015-08-25 11:18:22',NULL,'2015-08-25 11:18:22',NULL,'2015-08-25 11:18:22',NULL,0,0,'0',1),(2731,'748393da-68d7-4485-add6-413cb7f2f67a','频道','2015-08-12 10:57:25',NULL,'2015-08-12 10:57:25',NULL,'2015-08-12 10:57:25',NULL,1,0,'990',2),(2732,'748393da-68d7-4485-add6-413cb7f2f67a','声音','2015-08-12 10:57:25',NULL,'2015-08-12 10:57:25',NULL,'2015-08-12 10:57:25',NULL,2,0,'0',2),(2733,'748393da-68d7-4485-add6-413cb7f2f67a','颜色','2015-08-12 10:57:25',NULL,'2015-08-12 10:57:25',NULL,'2015-08-12 10:57:25',NULL,3,0,'0',2),(2734,'748393da-68d7-4485-add6-413cb7f2f67a','音量控制','2015-08-12 10:57:25',NULL,'2015-08-12 10:57:25',NULL,'2015-08-12 10:57:25',NULL,4,0,'0',2),(2735,'748393da-68d7-4485-add6-413cb7f2f67a','频道','2015-08-12 10:04:28',NULL,'2015-08-12 10:04:28',NULL,'2015-08-12 10:04:28',NULL,1,1,'0',4),(2736,'748393da-68d7-4485-add6-413cb7f2f67a','声音','2015-08-12 10:04:28',NULL,'2015-08-12 10:04:28',NULL,'2015-08-12 10:04:28',NULL,2,1,'0',4),(2737,'748393da-68d7-4485-add6-413cb7f2f67a','颜色','2015-08-12 10:04:28',NULL,'2015-08-12 10:04:28',NULL,'2015-08-12 10:04:28',NULL,3,1,'0',4),(2738,'748393da-68d7-4485-add6-413cb7f2f67a','音量控制','2015-08-12 10:04:28',NULL,'2015-08-12 10:04:28',NULL,'2015-08-12 10:04:28',NULL,4,1,'0',4),(2739,'748393da-68d7-4485-add6-413cb7f2f67a','频道','2015-08-12 10:04:28',NULL,'2015-08-12 10:04:28',NULL,'2015-08-12 10:04:28',NULL,1,1,'0',5),(2740,'748393da-68d7-4485-add6-413cb7f2f67a','声音','2015-08-12 10:04:28',NULL,'2015-08-12 10:04:28',NULL,'2015-08-12 10:04:28',NULL,2,1,'0',5),(2741,'748393da-68d7-4485-add6-413cb7f2f67a','颜色','2015-08-12 10:04:28',NULL,'2015-08-12 10:04:28',NULL,'2015-08-12 10:04:28',NULL,3,1,'0',5),(2742,'748393da-68d7-4485-add6-413cb7f2f67a','音量控制','2015-08-12 10:04:28',NULL,'2015-08-12 10:04:28',NULL,'2015-08-12 10:04:28',NULL,4,1,'0',5),(2751,'8afd682a-ea65-47b7-a4f9-0f5da52d5f79','音量控制','2015-08-12 14:40:23',NULL,'2015-08-12 14:40:23',NULL,'2015-08-12 14:40:23',NULL,NULL,1,'0',1),(2752,'8afd682a-ea65-47b7-a4f9-0f5da52d5f79','音量控制','2015-08-12 14:40:23',NULL,'2015-08-12 14:40:23',NULL,'2015-08-12 14:40:23',NULL,4,1,'0',2),(2753,'8afd682a-ea65-47b7-a4f9-0f5da52d5f79','音量控制','2015-08-12 14:40:23',NULL,'2015-08-12 14:40:23',NULL,'2015-08-12 14:40:23',NULL,4,1,'0',4),(2754,'8afd682a-ea65-47b7-a4f9-0f5da52d5f79','音量控制','2015-08-12 14:40:23',NULL,'2015-08-12 14:40:23',NULL,'2015-08-12 14:40:23',NULL,4,1,'0',5),(2775,'87b31637-ac9e-4ac5-9a87-740d94965de3','声音','2015-08-12 14:46:39',NULL,'2015-08-12 14:46:39',NULL,'2015-08-12 14:46:39',NULL,NULL,1,'0',1),(2776,'87b31637-ac9e-4ac5-9a87-740d94965de3','声音','2015-08-12 14:46:39',NULL,'2015-08-12 14:46:39',NULL,'2015-08-12 14:46:39',NULL,2,1,'0',2),(2777,'87b31637-ac9e-4ac5-9a87-740d94965de3','声音','2015-08-12 14:46:39',NULL,'2015-08-12 14:46:39',NULL,'2015-08-12 14:46:39',NULL,2,1,'0',4),(2778,'87b31637-ac9e-4ac5-9a87-740d94965de3','声音','2015-08-12 14:46:39',NULL,'2015-08-12 14:46:39',NULL,'2015-08-12 14:46:39',NULL,2,1,'0',5),(2779,'e4d312f6-6287-40fa-b78c-6231e535bd2d','音量控制','2015-08-13 11:33:06',NULL,'2015-08-13 11:33:06',NULL,'2015-08-13 11:33:06',NULL,4,1,'0',1),(2780,'e4d312f6-6287-40fa-b78c-6231e535bd2d','音量控制','2015-08-13 11:33:06',NULL,'2015-08-13 11:33:06',NULL,'2015-08-13 11:33:06',NULL,4,1,'0',2),(2781,'e4d312f6-6287-40fa-b78c-6231e535bd2d','音量控制','2015-08-13 11:33:06',NULL,'2015-08-13 11:33:06',NULL,'2015-08-13 11:33:06',NULL,4,1,'0',4),(2782,'e4d312f6-6287-40fa-b78c-6231e535bd2d','音量控制','2015-08-13 11:33:06',NULL,'2015-08-13 11:33:06',NULL,'2015-08-13 11:33:06',NULL,4,1,'0',5),(2783,'a26c6ebc-82ea-482a-9153-5cd4e81bdcae','频道','2015-08-13 11:33:27',NULL,'2015-08-13 11:33:27',NULL,'2015-08-13 11:33:27',NULL,1,1,'0',1),(2784,'a26c6ebc-82ea-482a-9153-5cd4e81bdcae','声音','2015-08-13 11:33:27',NULL,'2015-08-13 11:33:27',NULL,'2015-08-13 11:33:27',NULL,2,1,'0',1),(2785,'a26c6ebc-82ea-482a-9153-5cd4e81bdcae','颜色','2015-08-13 11:33:27',NULL,'2015-08-13 11:33:27',NULL,'2015-08-13 11:33:27',NULL,3,1,'0',1),(2786,'a26c6ebc-82ea-482a-9153-5cd4e81bdcae','音量控制','2015-08-13 11:33:27',NULL,'2015-08-13 11:33:27',NULL,'2015-08-13 11:33:27',NULL,4,1,'0',1),(2787,'a26c6ebc-82ea-482a-9153-5cd4e81bdcae','频道','2015-08-13 11:33:27',NULL,'2015-08-13 11:33:27',NULL,'2015-08-13 11:33:27',NULL,1,1,'0',2),(2788,'a26c6ebc-82ea-482a-9153-5cd4e81bdcae','声音','2015-08-13 11:33:27',NULL,'2015-08-13 11:33:27',NULL,'2015-08-13 11:33:27',NULL,2,1,'0',2),(2789,'a26c6ebc-82ea-482a-9153-5cd4e81bdcae','颜色','2015-08-13 11:33:27',NULL,'2015-08-13 11:33:27',NULL,'2015-08-13 11:33:27',NULL,3,1,'0',2),(2790,'a26c6ebc-82ea-482a-9153-5cd4e81bdcae','音量控制','2015-08-13 11:33:27',NULL,'2015-08-13 11:33:27',NULL,'2015-08-13 11:33:27',NULL,4,1,'0',2),(2791,'a26c6ebc-82ea-482a-9153-5cd4e81bdcae','频道','2015-08-13 11:33:27',NULL,'2015-08-13 11:33:27',NULL,'2015-08-13 11:33:27',NULL,1,1,'0',4),(2792,'a26c6ebc-82ea-482a-9153-5cd4e81bdcae','声音','2015-08-13 11:33:27',NULL,'2015-08-13 11:33:27',NULL,'2015-08-13 11:33:27',NULL,2,1,'0',4),(2793,'a26c6ebc-82ea-482a-9153-5cd4e81bdcae','颜色','2015-08-13 11:33:27',NULL,'2015-08-13 11:33:27',NULL,'2015-08-13 11:33:27',NULL,3,1,'0',4),(2794,'a26c6ebc-82ea-482a-9153-5cd4e81bdcae','音量控制','2015-08-13 11:33:27',NULL,'2015-08-13 11:33:27',NULL,'2015-08-13 11:33:27',NULL,4,1,'0',4),(2795,'a26c6ebc-82ea-482a-9153-5cd4e81bdcae','频道','2015-08-13 11:33:27',NULL,'2015-08-13 11:33:27',NULL,'2015-08-13 11:33:27',NULL,1,1,'0',5),(2796,'a26c6ebc-82ea-482a-9153-5cd4e81bdcae','声音','2015-08-13 11:33:27',NULL,'2015-08-13 11:33:27',NULL,'2015-08-13 11:33:27',NULL,2,1,'0',5),(2797,'a26c6ebc-82ea-482a-9153-5cd4e81bdcae','颜色','2015-08-13 11:33:27',NULL,'2015-08-13 11:33:27',NULL,'2015-08-13 11:33:27',NULL,3,1,'0',5),(2798,'a26c6ebc-82ea-482a-9153-5cd4e81bdcae','音量控制','2015-08-13 11:33:27',NULL,'2015-08-13 11:33:27',NULL,'2015-08-13 11:33:27',NULL,4,1,'0',5),(2799,'7602c189-8143-40ba-a55e-51d12358ca09','频道','2015-08-25 11:18:22',NULL,'2015-08-25 11:18:22',NULL,'2015-08-25 11:18:22',NULL,1,0,'0',1),(2800,'7602c189-8143-40ba-a55e-51d12358ca09','声音','2015-08-25 11:18:22',NULL,'2015-08-25 11:18:22',NULL,'2015-08-25 11:18:22',NULL,2,0,'0',1),(2801,'7602c189-8143-40ba-a55e-51d12358ca09','颜色','2015-08-25 11:18:22',NULL,'2015-08-25 11:18:22',NULL,'2015-08-25 11:18:22',NULL,3,0,'0',1),(2802,'7602c189-8143-40ba-a55e-51d12358ca09','音量控制','2015-08-25 11:18:22',NULL,'2015-08-25 11:18:22',NULL,'2015-08-25 11:18:22',NULL,4,0,'0',1),(2803,'7602c189-8143-40ba-a55e-51d12358ca09','频道','2015-08-13 11:34:45',NULL,'2015-08-13 11:34:45',NULL,'2015-08-13 11:34:45',NULL,1,1,'0',2),(2804,'7602c189-8143-40ba-a55e-51d12358ca09','声音','2015-08-13 11:34:45',NULL,'2015-08-13 11:34:45',NULL,'2015-08-13 11:34:45',NULL,2,1,'0',2),(2805,'7602c189-8143-40ba-a55e-51d12358ca09','颜色','2015-08-13 11:34:45',NULL,'2015-08-13 11:34:45',NULL,'2015-08-13 11:34:45',NULL,3,1,'0',2),(2806,'7602c189-8143-40ba-a55e-51d12358ca09','音量控制','2015-08-13 11:34:45',NULL,'2015-08-13 11:34:45',NULL,'2015-08-13 11:34:45',NULL,4,1,'0',2),(2807,'7602c189-8143-40ba-a55e-51d12358ca09','频道','2015-08-13 11:34:45',NULL,'2015-08-13 11:34:45',NULL,'2015-08-13 11:34:45',NULL,1,1,'0',4),(2808,'7602c189-8143-40ba-a55e-51d12358ca09','声音','2015-08-13 11:34:45',NULL,'2015-08-13 11:34:45',NULL,'2015-08-13 11:34:45',NULL,2,1,'0',4),(2809,'7602c189-8143-40ba-a55e-51d12358ca09','颜色','2015-08-13 11:34:45',NULL,'2015-08-13 11:34:45',NULL,'2015-08-13 11:34:45',NULL,3,1,'0',4),(2810,'7602c189-8143-40ba-a55e-51d12358ca09','音量控制','2015-08-13 11:34:45',NULL,'2015-08-13 11:34:45',NULL,'2015-08-13 11:34:45',NULL,4,1,'0',4),(2811,'7602c189-8143-40ba-a55e-51d12358ca09','频道','2015-08-13 11:34:45',NULL,'2015-08-13 11:34:45',NULL,'2015-08-13 11:34:45',NULL,1,1,'0',5),(2812,'7602c189-8143-40ba-a55e-51d12358ca09','声音','2015-08-13 11:34:45',NULL,'2015-08-13 11:34:45',NULL,'2015-08-13 11:34:45',NULL,2,1,'0',5),(2813,'7602c189-8143-40ba-a55e-51d12358ca09','颜色','2015-08-13 11:34:45',NULL,'2015-08-13 11:34:45',NULL,'2015-08-13 11:34:45',NULL,3,1,'0',5),(2814,'7602c189-8143-40ba-a55e-51d12358ca09','音量控制','2015-08-13 11:34:45',NULL,'2015-08-13 11:34:45',NULL,'2015-08-13 11:34:45',NULL,4,1,'0',5),(2815,'aecaf2b6-7eda-4c9a-b6c8-ecc9739d3c12','频道','2015-08-13 11:34:59',NULL,'2015-08-13 11:34:59',NULL,'2015-08-13 11:34:59',NULL,1,1,'0',1),(2816,'aecaf2b6-7eda-4c9a-b6c8-ecc9739d3c12','声音','2015-08-13 11:34:59',NULL,'2015-08-13 11:34:59',NULL,'2015-08-13 11:34:59',NULL,2,1,'0',1),(2817,'aecaf2b6-7eda-4c9a-b6c8-ecc9739d3c12','颜色','2015-08-13 11:34:59',NULL,'2015-08-13 11:34:59',NULL,'2015-08-13 11:34:59',NULL,3,1,'0',1),(2818,'aecaf2b6-7eda-4c9a-b6c8-ecc9739d3c12','音量控制','2015-08-13 11:34:59',NULL,'2015-08-13 11:34:59',NULL,'2015-08-13 11:34:59',NULL,4,1,'0',1),(2819,'aecaf2b6-7eda-4c9a-b6c8-ecc9739d3c12','频道','2015-08-13 11:34:59',NULL,'2015-08-13 11:34:59',NULL,'2015-08-13 11:34:59',NULL,1,1,'0',2),(2820,'aecaf2b6-7eda-4c9a-b6c8-ecc9739d3c12','声音','2015-08-13 11:34:59',NULL,'2015-08-13 11:34:59',NULL,'2015-08-13 11:34:59',NULL,2,1,'0',2),(2821,'aecaf2b6-7eda-4c9a-b6c8-ecc9739d3c12','颜色','2015-08-13 11:34:59',NULL,'2015-08-13 11:34:59',NULL,'2015-08-13 11:34:59',NULL,3,1,'0',2),(2822,'aecaf2b6-7eda-4c9a-b6c8-ecc9739d3c12','音量控制','2015-08-13 11:34:59',NULL,'2015-08-13 11:34:59',NULL,'2015-08-13 11:34:59',NULL,4,1,'0',2),(2823,'aecaf2b6-7eda-4c9a-b6c8-ecc9739d3c12','频道','2015-08-13 11:34:59',NULL,'2015-08-13 11:34:59',NULL,'2015-08-13 11:34:59',NULL,1,1,'0',4),(2824,'aecaf2b6-7eda-4c9a-b6c8-ecc9739d3c12','声音','2015-08-13 11:34:59',NULL,'2015-08-13 11:34:59',NULL,'2015-08-13 11:34:59',NULL,2,1,'0',4),(2825,'aecaf2b6-7eda-4c9a-b6c8-ecc9739d3c12','颜色','2015-08-13 11:34:59',NULL,'2015-08-13 11:34:59',NULL,'2015-08-13 11:34:59',NULL,3,1,'0',4),(2826,'aecaf2b6-7eda-4c9a-b6c8-ecc9739d3c12','音量控制','2015-08-13 11:34:59',NULL,'2015-08-13 11:34:59',NULL,'2015-08-13 11:34:59',NULL,4,1,'0',4),(2827,'aecaf2b6-7eda-4c9a-b6c8-ecc9739d3c12','频道','2015-08-13 11:34:59',NULL,'2015-08-13 11:34:59',NULL,'2015-08-13 11:34:59',NULL,1,1,'0',5),(2828,'aecaf2b6-7eda-4c9a-b6c8-ecc9739d3c12','声音','2015-08-13 11:34:59',NULL,'2015-08-13 11:34:59',NULL,'2015-08-13 11:34:59',NULL,2,1,'0',5),(2829,'aecaf2b6-7eda-4c9a-b6c8-ecc9739d3c12','颜色','2015-08-13 11:34:59',NULL,'2015-08-13 11:34:59',NULL,'2015-08-13 11:34:59',NULL,3,1,'0',5),(2830,'aecaf2b6-7eda-4c9a-b6c8-ecc9739d3c12','音量控制','2015-08-13 11:34:59',NULL,'2015-08-13 11:34:59',NULL,'2015-08-13 11:34:59',NULL,4,1,'0',5),(2831,'0befa476-3229-44f8-b8a9-5e37604da3ea','频道','2015-08-13 11:35:42',NULL,'2015-08-13 11:35:42',NULL,'2015-08-13 11:35:42',NULL,1,1,'0',1),(2832,'0befa476-3229-44f8-b8a9-5e37604da3ea','声音','2015-08-13 11:35:42',NULL,'2015-08-13 11:35:42',NULL,'2015-08-13 11:35:42',NULL,2,1,'0',1),(2833,'0befa476-3229-44f8-b8a9-5e37604da3ea','颜色','2015-08-13 11:35:42',NULL,'2015-08-13 11:35:42',NULL,'2015-08-13 11:35:42',NULL,3,1,'0',1),(2834,'0befa476-3229-44f8-b8a9-5e37604da3ea','音量控制','2015-08-13 11:35:42',NULL,'2015-08-13 11:35:42',NULL,'2015-08-13 11:35:42',NULL,4,1,'0',1),(2835,'0befa476-3229-44f8-b8a9-5e37604da3ea','频道','2015-08-13 11:35:42',NULL,'2015-08-13 11:35:42',NULL,'2015-08-13 11:35:42',NULL,1,1,'0',2),(2836,'0befa476-3229-44f8-b8a9-5e37604da3ea','声音','2015-08-13 11:35:42',NULL,'2015-08-13 11:35:42',NULL,'2015-08-13 11:35:42',NULL,2,1,'0',2),(2837,'0befa476-3229-44f8-b8a9-5e37604da3ea','颜色','2015-08-13 11:35:42',NULL,'2015-08-13 11:35:42',NULL,'2015-08-13 11:35:42',NULL,3,1,'0',2),(2838,'0befa476-3229-44f8-b8a9-5e37604da3ea','音量控制','2015-08-13 11:35:42',NULL,'2015-08-13 11:35:42',NULL,'2015-08-13 11:35:42',NULL,4,1,'0',2),(2839,'0befa476-3229-44f8-b8a9-5e37604da3ea','频道','2015-08-13 11:35:42',NULL,'2015-08-13 11:35:42',NULL,'2015-08-13 11:35:42',NULL,1,1,'0',4),(2840,'0befa476-3229-44f8-b8a9-5e37604da3ea','声音','2015-08-13 11:35:42',NULL,'2015-08-13 11:35:42',NULL,'2015-08-13 11:35:42',NULL,2,1,'0',4),(2841,'0befa476-3229-44f8-b8a9-5e37604da3ea','颜色','2015-08-13 11:35:42',NULL,'2015-08-13 11:35:42',NULL,'2015-08-13 11:35:42',NULL,3,1,'0',4),(2842,'0befa476-3229-44f8-b8a9-5e37604da3ea','音量控制','2015-08-13 11:35:42',NULL,'2015-08-13 11:35:42',NULL,'2015-08-13 11:35:42',NULL,4,1,'0',4),(2843,'0befa476-3229-44f8-b8a9-5e37604da3ea','频道','2015-08-13 11:35:42',NULL,'2015-08-13 11:35:42',NULL,'2015-08-13 11:35:42',NULL,1,1,'0',5),(2844,'0befa476-3229-44f8-b8a9-5e37604da3ea','声音','2015-08-13 11:35:42',NULL,'2015-08-13 11:35:42',NULL,'2015-08-13 11:35:42',NULL,2,1,'0',5),(2845,'0befa476-3229-44f8-b8a9-5e37604da3ea','颜色','2015-08-13 11:35:42',NULL,'2015-08-13 11:35:42',NULL,'2015-08-13 11:35:42',NULL,3,1,'0',5),(2846,'0befa476-3229-44f8-b8a9-5e37604da3ea','音量控制','2015-08-13 11:35:42',NULL,'2015-08-13 11:35:42',NULL,'2015-08-13 11:35:42',NULL,4,1,'0',5),(2847,'75d80d05-57c3-4096-b253-8e19aa290235','频道','2015-08-13 11:37:19',NULL,'2015-08-13 11:37:19',NULL,'2015-08-13 11:37:19',NULL,1,1,'0',1),(2848,'75d80d05-57c3-4096-b253-8e19aa290235','声音','2015-08-13 11:37:19',NULL,'2015-08-13 11:37:19',NULL,'2015-08-13 11:37:19',NULL,2,1,'0',1),(2849,'75d80d05-57c3-4096-b253-8e19aa290235','颜色','2015-08-13 11:37:19',NULL,'2015-08-13 11:37:19',NULL,'2015-08-13 11:37:19',NULL,3,1,'0',1),(2850,'75d80d05-57c3-4096-b253-8e19aa290235','音量控制','2015-08-13 11:37:19',NULL,'2015-08-13 11:37:19',NULL,'2015-08-13 11:37:19',NULL,4,1,'0',1),(2851,'75d80d05-57c3-4096-b253-8e19aa290235','频道','2015-08-13 11:37:19',NULL,'2015-08-13 11:37:19',NULL,'2015-08-13 11:37:19',NULL,1,1,'0',2),(2852,'75d80d05-57c3-4096-b253-8e19aa290235','声音','2015-08-13 11:37:19',NULL,'2015-08-13 11:37:19',NULL,'2015-08-13 11:37:19',NULL,2,1,'0',2),(2853,'75d80d05-57c3-4096-b253-8e19aa290235','颜色','2015-08-13 11:37:19',NULL,'2015-08-13 11:37:19',NULL,'2015-08-13 11:37:19',NULL,3,1,'0',2),(2854,'75d80d05-57c3-4096-b253-8e19aa290235','音量控制','2015-08-13 11:37:19',NULL,'2015-08-13 11:37:19',NULL,'2015-08-13 11:37:19',NULL,4,1,'0',2),(2855,'75d80d05-57c3-4096-b253-8e19aa290235','频道','2015-08-13 11:37:19',NULL,'2015-08-13 11:37:19',NULL,'2015-08-13 11:37:19',NULL,1,1,'0',4),(2856,'75d80d05-57c3-4096-b253-8e19aa290235','声音','2015-08-13 11:37:19',NULL,'2015-08-13 11:37:19',NULL,'2015-08-13 11:37:19',NULL,2,1,'0',4),(2857,'75d80d05-57c3-4096-b253-8e19aa290235','颜色','2015-08-13 11:37:19',NULL,'2015-08-13 11:37:19',NULL,'2015-08-13 11:37:19',NULL,3,1,'0',4),(2858,'75d80d05-57c3-4096-b253-8e19aa290235','音量控制','2015-08-13 11:37:19',NULL,'2015-08-13 11:37:19',NULL,'2015-08-13 11:37:19',NULL,4,1,'0',4),(2859,'75d80d05-57c3-4096-b253-8e19aa290235','频道','2015-08-13 11:37:19',NULL,'2015-08-13 11:37:19',NULL,'2015-08-13 11:37:19',NULL,1,1,'0',5),(2860,'75d80d05-57c3-4096-b253-8e19aa290235','声音','2015-08-13 11:37:19',NULL,'2015-08-13 11:37:19',NULL,'2015-08-13 11:37:19',NULL,2,1,'0',5),(2861,'75d80d05-57c3-4096-b253-8e19aa290235','颜色','2015-08-13 11:37:19',NULL,'2015-08-13 11:37:19',NULL,'2015-08-13 11:37:19',NULL,3,1,'0',5),(2862,'75d80d05-57c3-4096-b253-8e19aa290235','音量控制','2015-08-13 11:37:19',NULL,'2015-08-13 11:37:19',NULL,'2015-08-13 11:37:19',NULL,4,1,'0',5),(2863,'841db623-c533-4035-9d99-2959187fff73','频道','2015-08-13 11:38:53',NULL,'2015-08-13 11:38:53',NULL,'2015-08-13 11:38:53',NULL,1,1,'0',1),(2864,'841db623-c533-4035-9d99-2959187fff73','声音','2015-08-13 11:38:53',NULL,'2015-08-13 11:38:53',NULL,'2015-08-13 11:38:53',NULL,2,1,'0',1),(2865,'841db623-c533-4035-9d99-2959187fff73','颜色','2015-08-13 11:38:53',NULL,'2015-08-13 11:38:53',NULL,'2015-08-13 11:38:53',NULL,3,1,'0',1),(2866,'841db623-c533-4035-9d99-2959187fff73','音量控制','2015-08-13 11:38:53',NULL,'2015-08-13 11:38:53',NULL,'2015-08-13 11:38:53',NULL,4,1,'0',1),(2867,'841db623-c533-4035-9d99-2959187fff73','频道','2015-08-13 11:38:53',NULL,'2015-08-13 11:38:53',NULL,'2015-08-13 11:38:53',NULL,1,1,'0',2),(2868,'841db623-c533-4035-9d99-2959187fff73','声音','2015-08-13 11:38:53',NULL,'2015-08-13 11:38:53',NULL,'2015-08-13 11:38:53',NULL,2,1,'0',2),(2869,'841db623-c533-4035-9d99-2959187fff73','颜色','2015-08-13 11:38:53',NULL,'2015-08-13 11:38:53',NULL,'2015-08-13 11:38:53',NULL,3,1,'0',2),(2870,'841db623-c533-4035-9d99-2959187fff73','音量控制','2015-08-13 11:38:53',NULL,'2015-08-13 11:38:53',NULL,'2015-08-13 11:38:53',NULL,4,1,'0',2),(2871,'841db623-c533-4035-9d99-2959187fff73','频道','2015-08-13 11:38:53',NULL,'2015-08-13 11:38:53',NULL,'2015-08-13 11:38:53',NULL,1,1,'0',4),(2872,'841db623-c533-4035-9d99-2959187fff73','声音','2015-08-13 11:38:53',NULL,'2015-08-13 11:38:53',NULL,'2015-08-13 11:38:53',NULL,2,1,'0',4),(2873,'841db623-c533-4035-9d99-2959187fff73','颜色','2015-08-13 11:38:53',NULL,'2015-08-13 11:38:53',NULL,'2015-08-13 11:38:53',NULL,3,1,'0',4),(2874,'841db623-c533-4035-9d99-2959187fff73','音量控制','2015-08-13 11:38:53',NULL,'2015-08-13 11:38:53',NULL,'2015-08-13 11:38:53',NULL,4,1,'0',4),(2875,'841db623-c533-4035-9d99-2959187fff73','频道','2015-08-13 11:38:53',NULL,'2015-08-13 11:38:53',NULL,'2015-08-13 11:38:53',NULL,1,1,'0',5),(2876,'841db623-c533-4035-9d99-2959187fff73','声音','2015-08-13 11:38:53',NULL,'2015-08-13 11:38:53',NULL,'2015-08-13 11:38:53',NULL,2,1,'0',5),(2877,'841db623-c533-4035-9d99-2959187fff73','颜色','2015-08-13 11:38:53',NULL,'2015-08-13 11:38:53',NULL,'2015-08-13 11:38:53',NULL,3,1,'0',5),(2878,'841db623-c533-4035-9d99-2959187fff73','音量控制','2015-08-13 11:38:53',NULL,'2015-08-13 11:38:53',NULL,'2015-08-13 11:38:53',NULL,4,1,'0',5),(2879,'b2fc6ad0-990d-4a09-983e-831ace6266e7','频道','2015-08-13 11:41:07',NULL,'2015-08-13 11:41:07',NULL,'2015-08-13 11:41:07',NULL,NULL,1,'0',1),(2880,'b2fc6ad0-990d-4a09-983e-831ace6266e7','声音','2015-08-13 11:41:07',NULL,'2015-08-13 11:41:07',NULL,'2015-08-13 11:41:07',NULL,NULL,1,'0',1),(2881,'b2fc6ad0-990d-4a09-983e-831ace6266e7','颜色','2015-08-13 11:41:07',NULL,'2015-08-13 11:41:07',NULL,'2015-08-13 11:41:07',NULL,NULL,1,'0',1),(2882,'b2fc6ad0-990d-4a09-983e-831ace6266e7','音量控制','2015-08-13 11:41:07',NULL,'2015-08-13 11:41:07',NULL,'2015-08-13 11:41:07',NULL,NULL,1,'0',1),(2883,'b2fc6ad0-990d-4a09-983e-831ace6266e7','频道','2015-08-13 11:41:07',NULL,'2015-08-13 11:41:07',NULL,'2015-08-13 11:41:07',NULL,1,1,'0',2),(2884,'b2fc6ad0-990d-4a09-983e-831ace6266e7','声音','2015-08-13 11:41:07',NULL,'2015-08-13 11:41:07',NULL,'2015-08-13 11:41:07',NULL,2,1,'0',2),(2885,'b2fc6ad0-990d-4a09-983e-831ace6266e7','颜色','2015-08-13 11:41:07',NULL,'2015-08-13 11:41:07',NULL,'2015-08-13 11:41:07',NULL,3,1,'0',2),(2886,'b2fc6ad0-990d-4a09-983e-831ace6266e7','音量控制','2015-08-13 11:41:07',NULL,'2015-08-13 11:41:07',NULL,'2015-08-13 11:41:07',NULL,4,1,'0',2),(2887,'b2fc6ad0-990d-4a09-983e-831ace6266e7','频道','2015-08-13 11:41:07',NULL,'2015-08-13 11:41:07',NULL,'2015-08-13 11:41:07',NULL,1,1,'0',4),(2888,'b2fc6ad0-990d-4a09-983e-831ace6266e7','声音','2015-08-13 11:41:07',NULL,'2015-08-13 11:41:07',NULL,'2015-08-13 11:41:07',NULL,2,1,'0',4),(2889,'b2fc6ad0-990d-4a09-983e-831ace6266e7','颜色','2015-08-13 11:41:07',NULL,'2015-08-13 11:41:07',NULL,'2015-08-13 11:41:07',NULL,3,1,'0',4),(2890,'b2fc6ad0-990d-4a09-983e-831ace6266e7','音量控制','2015-08-13 11:41:07',NULL,'2015-08-13 11:41:07',NULL,'2015-08-13 11:41:07',NULL,4,1,'0',4),(2891,'b2fc6ad0-990d-4a09-983e-831ace6266e7','频道','2015-08-13 11:41:07',NULL,'2015-08-13 11:41:07',NULL,'2015-08-13 11:41:07',NULL,1,1,'0',5),(2892,'b2fc6ad0-990d-4a09-983e-831ace6266e7','声音','2015-08-13 11:41:07',NULL,'2015-08-13 11:41:07',NULL,'2015-08-13 11:41:07',NULL,2,1,'0',5),(2893,'b2fc6ad0-990d-4a09-983e-831ace6266e7','颜色','2015-08-13 11:41:07',NULL,'2015-08-13 11:41:07',NULL,'2015-08-13 11:41:07',NULL,3,1,'0',5),(2894,'b2fc6ad0-990d-4a09-983e-831ace6266e7','音量控制','2015-08-13 11:41:07',NULL,'2015-08-13 11:41:07',NULL,'2015-08-13 11:41:07',NULL,4,1,'0',5),(2895,'817519d5-c7bb-486b-b496-08b5360ca37c','音量控制','2015-08-13 11:41:55',NULL,'2015-08-13 11:41:55',NULL,'2015-08-13 11:41:55',NULL,4,1,'0',3),(2896,'5ebffc95-db1d-42f7-a022-7980bc9d1c22','频道','2015-08-13 11:42:19',NULL,'2015-08-13 11:42:19',NULL,'2015-08-13 11:42:19',NULL,1,1,'0',1),(2897,'5ebffc95-db1d-42f7-a022-7980bc9d1c22','声音','2015-08-13 11:42:19',NULL,'2015-08-13 11:42:19',NULL,'2015-08-13 11:42:19',NULL,2,1,'0',1),(2898,'5ebffc95-db1d-42f7-a022-7980bc9d1c22','颜色','2015-08-13 11:42:19',NULL,'2015-08-13 11:42:19',NULL,'2015-08-13 11:42:19',NULL,3,1,'0',1),(2899,'5ebffc95-db1d-42f7-a022-7980bc9d1c22','音量控制','2015-08-13 11:42:19',NULL,'2015-08-13 11:42:19',NULL,'2015-08-13 11:42:19',NULL,4,1,'0',1),(2900,'5ebffc95-db1d-42f7-a022-7980bc9d1c22','频道','2015-08-13 11:42:19',NULL,'2015-08-13 11:42:19',NULL,'2015-08-13 11:42:19',NULL,1,1,'0',2),(2901,'5ebffc95-db1d-42f7-a022-7980bc9d1c22','声音','2015-08-13 11:42:19',NULL,'2015-08-13 11:42:19',NULL,'2015-08-13 11:42:19',NULL,2,1,'0',2),(2902,'5ebffc95-db1d-42f7-a022-7980bc9d1c22','颜色','2015-08-13 11:42:19',NULL,'2015-08-13 11:42:19',NULL,'2015-08-13 11:42:19',NULL,3,1,'0',2),(2903,'5ebffc95-db1d-42f7-a022-7980bc9d1c22','音量控制','2015-08-13 11:42:19',NULL,'2015-08-13 11:42:19',NULL,'2015-08-13 11:42:19',NULL,4,1,'0',2),(2904,'5ebffc95-db1d-42f7-a022-7980bc9d1c22','频道','2015-08-13 11:42:19',NULL,'2015-08-13 11:42:19',NULL,'2015-08-13 11:42:19',NULL,1,1,'0',4),(2905,'5ebffc95-db1d-42f7-a022-7980bc9d1c22','声音','2015-08-13 11:42:19',NULL,'2015-08-13 11:42:19',NULL,'2015-08-13 11:42:19',NULL,2,1,'0',4),(2906,'5ebffc95-db1d-42f7-a022-7980bc9d1c22','颜色','2015-08-13 11:42:19',NULL,'2015-08-13 11:42:19',NULL,'2015-08-13 11:42:19',NULL,3,1,'0',4),(2907,'5ebffc95-db1d-42f7-a022-7980bc9d1c22','音量控制','2015-08-13 11:42:19',NULL,'2015-08-13 11:42:19',NULL,'2015-08-13 11:42:19',NULL,4,1,'0',4),(2908,'5ebffc95-db1d-42f7-a022-7980bc9d1c22','频道','2015-08-13 11:42:19',NULL,'2015-08-13 11:42:19',NULL,'2015-08-13 11:42:19',NULL,1,1,'0',5),(2909,'5ebffc95-db1d-42f7-a022-7980bc9d1c22','声音','2015-08-13 11:42:19',NULL,'2015-08-13 11:42:19',NULL,'2015-08-13 11:42:19',NULL,2,1,'0',5),(2910,'5ebffc95-db1d-42f7-a022-7980bc9d1c22','颜色','2015-08-13 11:42:19',NULL,'2015-08-13 11:42:19',NULL,'2015-08-13 11:42:19',NULL,3,1,'0',5),(2911,'5ebffc95-db1d-42f7-a022-7980bc9d1c22','音量控制','2015-08-13 11:42:19',NULL,'2015-08-13 11:42:19',NULL,'2015-08-13 11:42:19',NULL,4,1,'0',5),(2912,'e57cb326-d587-4aa3-9b84-0ec7bc9a659a','声音','2015-08-13 11:43:46',NULL,'2015-08-13 11:43:46',NULL,'2015-08-13 11:43:46',NULL,2,1,'0',1),(2913,'e57cb326-d587-4aa3-9b84-0ec7bc9a659a','声音','2015-08-13 11:43:46',NULL,'2015-08-13 11:43:46',NULL,'2015-08-13 11:43:46',NULL,2,1,'0',2),(2914,'e57cb326-d587-4aa3-9b84-0ec7bc9a659a','声音','2015-08-13 11:43:46',NULL,'2015-08-13 11:43:46',NULL,'2015-08-13 11:43:46',NULL,2,1,'0',4),(2915,'e57cb326-d587-4aa3-9b84-0ec7bc9a659a','声音','2015-08-13 11:43:46',NULL,'2015-08-13 11:43:46',NULL,'2015-08-13 11:43:46',NULL,2,1,'0',5),(2916,'f897efe5-96df-45c7-9319-1268b6ec19e5','频道','2015-08-13 11:45:34',NULL,'2015-08-13 11:45:34',NULL,'2015-08-13 11:45:34',NULL,1,1,'0',1),(2917,'f897efe5-96df-45c7-9319-1268b6ec19e5','声音','2015-08-13 11:45:34',NULL,'2015-08-13 11:45:34',NULL,'2015-08-13 11:45:34',NULL,2,1,'0',1),(2918,'f897efe5-96df-45c7-9319-1268b6ec19e5','颜色','2015-08-13 11:45:34',NULL,'2015-08-13 11:45:34',NULL,'2015-08-13 11:45:34',NULL,3,1,'0',1),(2919,'f897efe5-96df-45c7-9319-1268b6ec19e5','音量控制','2015-08-13 11:45:34',NULL,'2015-08-13 11:45:34',NULL,'2015-08-13 11:45:34',NULL,4,1,'0',1),(2920,'f897efe5-96df-45c7-9319-1268b6ec19e5','频道','2015-08-13 11:45:34',NULL,'2015-08-13 11:45:34',NULL,'2015-08-13 11:45:34',NULL,1,1,'0',2),(2921,'f897efe5-96df-45c7-9319-1268b6ec19e5','声音','2015-08-13 11:45:34',NULL,'2015-08-13 11:45:34',NULL,'2015-08-13 11:45:34',NULL,2,1,'0',2),(2922,'f897efe5-96df-45c7-9319-1268b6ec19e5','颜色','2015-08-13 11:45:34',NULL,'2015-08-13 11:45:34',NULL,'2015-08-13 11:45:34',NULL,3,1,'0',2),(2923,'f897efe5-96df-45c7-9319-1268b6ec19e5','音量控制','2015-08-13 11:45:34',NULL,'2015-08-13 11:45:34',NULL,'2015-08-13 11:45:34',NULL,4,1,'0',2),(2924,'f897efe5-96df-45c7-9319-1268b6ec19e5','频道','2015-08-13 11:45:34',NULL,'2015-08-13 11:45:34',NULL,'2015-08-13 11:45:34',NULL,1,1,'0',4),(2925,'f897efe5-96df-45c7-9319-1268b6ec19e5','声音','2015-08-13 11:45:34',NULL,'2015-08-13 11:45:34',NULL,'2015-08-13 11:45:34',NULL,2,1,'0',4),(2926,'f897efe5-96df-45c7-9319-1268b6ec19e5','颜色','2015-08-13 11:45:34',NULL,'2015-08-13 11:45:34',NULL,'2015-08-13 11:45:34',NULL,3,1,'0',4),(2927,'f897efe5-96df-45c7-9319-1268b6ec19e5','音量控制','2015-08-13 11:45:34',NULL,'2015-08-13 11:45:34',NULL,'2015-08-13 11:45:34',NULL,4,1,'0',4),(2928,'f897efe5-96df-45c7-9319-1268b6ec19e5','频道','2015-08-13 11:45:34',NULL,'2015-08-13 11:45:34',NULL,'2015-08-13 11:45:34',NULL,1,1,'0',5),(2929,'f897efe5-96df-45c7-9319-1268b6ec19e5','声音','2015-08-13 11:45:34',NULL,'2015-08-13 11:45:34',NULL,'2015-08-13 11:45:34',NULL,2,1,'0',5),(2930,'f897efe5-96df-45c7-9319-1268b6ec19e5','颜色','2015-08-13 11:45:34',NULL,'2015-08-13 11:45:34',NULL,'2015-08-13 11:45:34',NULL,3,1,'0',5),(2931,'f897efe5-96df-45c7-9319-1268b6ec19e5','音量控制','2015-08-13 11:45:34',NULL,'2015-08-13 11:45:34',NULL,'2015-08-13 11:45:34',NULL,4,1,'0',5),(2932,'5828041d-9a47-496c-940c-b094b5f3bd48','频道','2015-08-13 11:57:30',NULL,'2015-08-13 11:57:30',NULL,'2015-08-13 11:57:30',NULL,1,1,'0',1),(2933,'5828041d-9a47-496c-940c-b094b5f3bd48','声音','2015-08-13 11:57:30',NULL,'2015-08-13 11:57:30',NULL,'2015-08-13 11:57:30',NULL,2,1,'0',1),(2934,'5828041d-9a47-496c-940c-b094b5f3bd48','颜色','2015-08-13 11:57:30',NULL,'2015-08-13 11:57:30',NULL,'2015-08-13 11:57:30',NULL,3,1,'0',1),(2935,'5828041d-9a47-496c-940c-b094b5f3bd48','音量控制','2015-08-13 11:57:30',NULL,'2015-08-13 11:57:30',NULL,'2015-08-13 11:57:30',NULL,4,1,'0',1),(2936,'5828041d-9a47-496c-940c-b094b5f3bd48','频道','2015-08-13 11:57:30',NULL,'2015-08-13 11:57:30',NULL,'2015-08-13 11:57:30',NULL,1,1,'0',2),(2937,'5828041d-9a47-496c-940c-b094b5f3bd48','声音','2015-08-13 11:57:30',NULL,'2015-08-13 11:57:30',NULL,'2015-08-13 11:57:30',NULL,2,1,'0',2),(2938,'5828041d-9a47-496c-940c-b094b5f3bd48','颜色','2015-08-13 11:57:30',NULL,'2015-08-13 11:57:30',NULL,'2015-08-13 11:57:30',NULL,3,1,'0',2),(2939,'5828041d-9a47-496c-940c-b094b5f3bd48','音量控制','2015-08-13 11:57:30',NULL,'2015-08-13 11:57:30',NULL,'2015-08-13 11:57:30',NULL,4,1,'0',2),(2940,'5828041d-9a47-496c-940c-b094b5f3bd48','频道','2015-08-13 11:57:30',NULL,'2015-08-13 11:57:30',NULL,'2015-08-13 11:57:30',NULL,1,1,'0',4),(2941,'5828041d-9a47-496c-940c-b094b5f3bd48','声音','2015-08-13 11:57:30',NULL,'2015-08-13 11:57:30',NULL,'2015-08-13 11:57:30',NULL,2,1,'0',4),(2942,'5828041d-9a47-496c-940c-b094b5f3bd48','颜色','2015-08-13 11:57:30',NULL,'2015-08-13 11:57:30',NULL,'2015-08-13 11:57:30',NULL,3,1,'0',4),(2943,'5828041d-9a47-496c-940c-b094b5f3bd48','音量控制','2015-08-13 11:57:30',NULL,'2015-08-13 11:57:30',NULL,'2015-08-13 11:57:30',NULL,4,1,'0',4),(2944,'5828041d-9a47-496c-940c-b094b5f3bd48','频道','2015-08-13 11:57:30',NULL,'2015-08-13 11:57:30',NULL,'2015-08-13 11:57:30',NULL,1,1,'0',5),(2945,'5828041d-9a47-496c-940c-b094b5f3bd48','声音','2015-08-13 11:57:30',NULL,'2015-08-13 11:57:30',NULL,'2015-08-13 11:57:30',NULL,2,1,'0',5),(2946,'5828041d-9a47-496c-940c-b094b5f3bd48','颜色','2015-08-13 11:57:30',NULL,'2015-08-13 11:57:30',NULL,'2015-08-13 11:57:30',NULL,3,1,'0',5),(2947,'5828041d-9a47-496c-940c-b094b5f3bd48','音量控制','2015-08-13 11:57:30',NULL,'2015-08-13 11:57:30',NULL,'2015-08-13 11:57:30',NULL,4,1,'0',5),(2948,'0ba11102-de10-4406-9355-85604070969f','频道','2015-08-13 11:59:28',NULL,'2015-08-13 11:59:28',NULL,'2015-08-13 11:59:28',NULL,1,1,'0',1),(2949,'0ba11102-de10-4406-9355-85604070969f','声音','2015-08-13 11:59:28',NULL,'2015-08-13 11:59:28',NULL,'2015-08-13 11:59:28',NULL,2,1,'0',1),(2950,'0ba11102-de10-4406-9355-85604070969f','颜色','2015-08-13 11:59:28',NULL,'2015-08-13 11:59:28',NULL,'2015-08-13 11:59:28',NULL,3,1,'0',1),(2951,'0ba11102-de10-4406-9355-85604070969f','音量控制','2015-08-13 11:59:28',NULL,'2015-08-13 11:59:28',NULL,'2015-08-13 11:59:28',NULL,4,1,'0',1),(2952,'0ba11102-de10-4406-9355-85604070969f','频道','2015-08-13 11:59:28',NULL,'2015-08-13 11:59:28',NULL,'2015-08-13 11:59:28',NULL,1,1,'0',2),(2953,'0ba11102-de10-4406-9355-85604070969f','声音','2015-08-13 11:59:28',NULL,'2015-08-13 11:59:28',NULL,'2015-08-13 11:59:28',NULL,2,1,'0',2),(2954,'0ba11102-de10-4406-9355-85604070969f','颜色','2015-08-13 11:59:28',NULL,'2015-08-13 11:59:28',NULL,'2015-08-13 11:59:28',NULL,3,1,'0',2),(2955,'0ba11102-de10-4406-9355-85604070969f','音量控制','2015-08-13 11:59:28',NULL,'2015-08-13 11:59:28',NULL,'2015-08-13 11:59:28',NULL,4,1,'0',2),(2956,'0ba11102-de10-4406-9355-85604070969f','频道','2015-08-13 11:59:28',NULL,'2015-08-13 11:59:28',NULL,'2015-08-13 11:59:28',NULL,1,1,'0',4),(2957,'0ba11102-de10-4406-9355-85604070969f','声音','2015-08-13 11:59:28',NULL,'2015-08-13 11:59:28',NULL,'2015-08-13 11:59:28',NULL,2,1,'0',4),(2958,'0ba11102-de10-4406-9355-85604070969f','颜色','2015-08-13 11:59:28',NULL,'2015-08-13 11:59:28',NULL,'2015-08-13 11:59:28',NULL,3,1,'0',4),(2959,'0ba11102-de10-4406-9355-85604070969f','音量控制','2015-08-13 11:59:28',NULL,'2015-08-13 11:59:28',NULL,'2015-08-13 11:59:28',NULL,4,1,'0',4),(2960,'0ba11102-de10-4406-9355-85604070969f','频道','2015-08-13 11:59:28',NULL,'2015-08-13 11:59:28',NULL,'2015-08-13 11:59:28',NULL,1,1,'0',5),(2961,'0ba11102-de10-4406-9355-85604070969f','声音','2015-08-13 11:59:28',NULL,'2015-08-13 11:59:28',NULL,'2015-08-13 11:59:28',NULL,2,1,'0',5),(2962,'0ba11102-de10-4406-9355-85604070969f','颜色','2015-08-13 11:59:28',NULL,'2015-08-13 11:59:28',NULL,'2015-08-13 11:59:28',NULL,3,1,'0',5),(2963,'0ba11102-de10-4406-9355-85604070969f','音量控制','2015-08-13 11:59:28',NULL,'2015-08-13 11:59:28',NULL,'2015-08-13 11:59:28',NULL,4,1,'0',5),(2964,'353900aa-aaca-4d5c-a751-a20ff8a32dbc','频道','2015-08-13 12:03:09',NULL,'2015-08-13 12:03:09',NULL,'2015-08-13 12:03:09',NULL,1,1,'0',1),(2965,'353900aa-aaca-4d5c-a751-a20ff8a32dbc','声音','2015-08-13 12:03:09',NULL,'2015-08-13 12:03:09',NULL,'2015-08-13 12:03:09',NULL,2,1,'0',1),(2966,'353900aa-aaca-4d5c-a751-a20ff8a32dbc','颜色','2015-08-13 12:03:09',NULL,'2015-08-13 12:03:09',NULL,'2015-08-13 12:03:09',NULL,3,1,'0',1),(2967,'353900aa-aaca-4d5c-a751-a20ff8a32dbc','音量控制','2015-08-13 12:03:09',NULL,'2015-08-13 12:03:09',NULL,'2015-08-13 12:03:09',NULL,4,1,'0',1),(2968,'353900aa-aaca-4d5c-a751-a20ff8a32dbc','频道','2015-08-13 12:03:09',NULL,'2015-08-13 12:03:09',NULL,'2015-08-13 12:03:09',NULL,1,1,'0',2),(2969,'353900aa-aaca-4d5c-a751-a20ff8a32dbc','声音','2015-08-13 12:03:09',NULL,'2015-08-13 12:03:09',NULL,'2015-08-13 12:03:09',NULL,2,1,'0',2),(2970,'353900aa-aaca-4d5c-a751-a20ff8a32dbc','颜色','2015-08-13 12:03:09',NULL,'2015-08-13 12:03:09',NULL,'2015-08-13 12:03:09',NULL,3,1,'0',2),(2971,'353900aa-aaca-4d5c-a751-a20ff8a32dbc','音量控制','2015-08-13 12:03:09',NULL,'2015-08-13 12:03:09',NULL,'2015-08-13 12:03:09',NULL,4,1,'0',2),(2972,'353900aa-aaca-4d5c-a751-a20ff8a32dbc','频道','2015-08-13 12:03:09',NULL,'2015-08-13 12:03:09',NULL,'2015-08-13 12:03:09',NULL,1,1,'0',4),(2973,'353900aa-aaca-4d5c-a751-a20ff8a32dbc','声音','2015-08-13 12:03:09',NULL,'2015-08-13 12:03:09',NULL,'2015-08-13 12:03:09',NULL,2,1,'0',4),(2974,'353900aa-aaca-4d5c-a751-a20ff8a32dbc','颜色','2015-08-13 12:03:09',NULL,'2015-08-13 12:03:09',NULL,'2015-08-13 12:03:09',NULL,3,1,'0',4),(2975,'353900aa-aaca-4d5c-a751-a20ff8a32dbc','音量控制','2015-08-13 12:03:09',NULL,'2015-08-13 12:03:09',NULL,'2015-08-13 12:03:09',NULL,4,1,'0',4),(2976,'353900aa-aaca-4d5c-a751-a20ff8a32dbc','频道','2015-08-13 12:03:09',NULL,'2015-08-13 12:03:09',NULL,'2015-08-13 12:03:09',NULL,1,1,'0',5),(2977,'353900aa-aaca-4d5c-a751-a20ff8a32dbc','声音','2015-08-13 12:03:09',NULL,'2015-08-13 12:03:09',NULL,'2015-08-13 12:03:09',NULL,2,1,'0',5),(2978,'353900aa-aaca-4d5c-a751-a20ff8a32dbc','颜色','2015-08-13 12:03:09',NULL,'2015-08-13 12:03:09',NULL,'2015-08-13 12:03:09',NULL,3,1,'0',5),(2979,'353900aa-aaca-4d5c-a751-a20ff8a32dbc','音量控制','2015-08-13 12:03:09',NULL,'2015-08-13 12:03:09',NULL,'2015-08-13 12:03:09',NULL,4,1,'0',5),(2980,'3a5d093d-b0fa-4dcd-b01d-5d35f9ec9179','频道','2015-08-13 12:12:46',NULL,'2015-08-13 12:12:46',NULL,'2015-08-13 12:12:46',NULL,1,1,'0',1),(2981,'3a5d093d-b0fa-4dcd-b01d-5d35f9ec9179','声音','2015-08-13 12:12:46',NULL,'2015-08-13 12:12:46',NULL,'2015-08-13 12:12:46',NULL,2,1,'0',1),(2982,'3a5d093d-b0fa-4dcd-b01d-5d35f9ec9179','颜色','2015-08-13 12:12:46',NULL,'2015-08-13 12:12:46',NULL,'2015-08-13 12:12:46',NULL,3,1,'0',1),(2983,'3a5d093d-b0fa-4dcd-b01d-5d35f9ec9179','音量控制','2015-08-13 12:12:46',NULL,'2015-08-13 12:12:46',NULL,'2015-08-13 12:12:46',NULL,4,1,'0',1),(2984,'3a5d093d-b0fa-4dcd-b01d-5d35f9ec9179','频道','2015-08-13 12:12:46',NULL,'2015-08-13 12:12:46',NULL,'2015-08-13 12:12:46',NULL,1,1,'0',2),(2985,'3a5d093d-b0fa-4dcd-b01d-5d35f9ec9179','声音','2015-08-13 12:12:46',NULL,'2015-08-13 12:12:46',NULL,'2015-08-13 12:12:46',NULL,2,1,'0',2),(2986,'3a5d093d-b0fa-4dcd-b01d-5d35f9ec9179','颜色','2015-08-13 12:12:46',NULL,'2015-08-13 12:12:46',NULL,'2015-08-13 12:12:46',NULL,3,1,'0',2),(2987,'3a5d093d-b0fa-4dcd-b01d-5d35f9ec9179','音量控制','2015-08-13 12:12:46',NULL,'2015-08-13 12:12:46',NULL,'2015-08-13 12:12:46',NULL,4,1,'0',2),(2988,'3a5d093d-b0fa-4dcd-b01d-5d35f9ec9179','频道','2015-08-13 12:12:46',NULL,'2015-08-13 12:12:46',NULL,'2015-08-13 12:12:46',NULL,1,1,'0',4),(2989,'3a5d093d-b0fa-4dcd-b01d-5d35f9ec9179','声音','2015-08-13 12:12:46',NULL,'2015-08-13 12:12:46',NULL,'2015-08-13 12:12:46',NULL,2,1,'0',4),(2990,'3a5d093d-b0fa-4dcd-b01d-5d35f9ec9179','颜色','2015-08-13 12:12:46',NULL,'2015-08-13 12:12:46',NULL,'2015-08-13 12:12:46',NULL,3,1,'0',4),(2991,'3a5d093d-b0fa-4dcd-b01d-5d35f9ec9179','音量控制','2015-08-13 12:12:46',NULL,'2015-08-13 12:12:46',NULL,'2015-08-13 12:12:46',NULL,4,1,'0',4),(2992,'3a5d093d-b0fa-4dcd-b01d-5d35f9ec9179','频道','2015-08-13 12:12:46',NULL,'2015-08-13 12:12:46',NULL,'2015-08-13 12:12:46',NULL,1,1,'0',5),(2993,'3a5d093d-b0fa-4dcd-b01d-5d35f9ec9179','声音','2015-08-13 12:12:46',NULL,'2015-08-13 12:12:46',NULL,'2015-08-13 12:12:46',NULL,2,1,'0',5),(2994,'3a5d093d-b0fa-4dcd-b01d-5d35f9ec9179','颜色','2015-08-13 12:12:46',NULL,'2015-08-13 12:12:46',NULL,'2015-08-13 12:12:46',NULL,3,1,'0',5),(2995,'3a5d093d-b0fa-4dcd-b01d-5d35f9ec9179','音量控制','2015-08-13 12:12:46',NULL,'2015-08-13 12:12:46',NULL,'2015-08-13 12:12:46',NULL,4,1,'0',5),(2996,'ca801d10-df4c-4f08-9aa4-780b700845a7','频道','2015-08-13 12:13:38',NULL,'2015-08-13 12:13:38',NULL,'2015-08-13 12:13:38',NULL,1,1,'0',1),(2997,'ca801d10-df4c-4f08-9aa4-780b700845a7','声音','2015-08-13 12:13:38',NULL,'2015-08-13 12:13:38',NULL,'2015-08-13 12:13:38',NULL,2,1,'0',1),(2998,'ca801d10-df4c-4f08-9aa4-780b700845a7','颜色','2015-08-13 12:13:38',NULL,'2015-08-13 12:13:38',NULL,'2015-08-13 12:13:38',NULL,3,1,'0',1),(2999,'ca801d10-df4c-4f08-9aa4-780b700845a7','音量控制','2015-08-13 12:13:38',NULL,'2015-08-13 12:13:38',NULL,'2015-08-13 12:13:38',NULL,4,1,'0',1),(3000,'ca801d10-df4c-4f08-9aa4-780b700845a7','频道','2015-08-13 12:13:38',NULL,'2015-08-13 12:13:38',NULL,'2015-08-13 12:13:38',NULL,1,1,'0',2),(3001,'ca801d10-df4c-4f08-9aa4-780b700845a7','声音','2015-08-13 12:13:38',NULL,'2015-08-13 12:13:38',NULL,'2015-08-13 12:13:38',NULL,2,1,'0',2),(3002,'ca801d10-df4c-4f08-9aa4-780b700845a7','颜色','2015-08-13 12:13:38',NULL,'2015-08-13 12:13:38',NULL,'2015-08-13 12:13:38',NULL,3,1,'0',2),(3003,'ca801d10-df4c-4f08-9aa4-780b700845a7','音量控制','2015-08-13 12:13:38',NULL,'2015-08-13 12:13:38',NULL,'2015-08-13 12:13:38',NULL,4,1,'0',2),(3004,'ca801d10-df4c-4f08-9aa4-780b700845a7','频道','2015-08-13 12:13:38',NULL,'2015-08-13 12:13:38',NULL,'2015-08-13 12:13:38',NULL,1,1,'0',4),(3005,'ca801d10-df4c-4f08-9aa4-780b700845a7','声音','2015-08-13 12:13:38',NULL,'2015-08-13 12:13:38',NULL,'2015-08-13 12:13:38',NULL,2,1,'0',4),(3006,'ca801d10-df4c-4f08-9aa4-780b700845a7','颜色','2015-08-13 12:13:38',NULL,'2015-08-13 12:13:38',NULL,'2015-08-13 12:13:38',NULL,3,1,'0',4),(3007,'ca801d10-df4c-4f08-9aa4-780b700845a7','音量控制','2015-08-13 12:13:38',NULL,'2015-08-13 12:13:38',NULL,'2015-08-13 12:13:38',NULL,4,1,'0',4),(3008,'ca801d10-df4c-4f08-9aa4-780b700845a7','频道','2015-08-13 12:13:38',NULL,'2015-08-13 12:13:38',NULL,'2015-08-13 12:13:38',NULL,1,1,'0',5),(3009,'ca801d10-df4c-4f08-9aa4-780b700845a7','声音','2015-08-13 12:13:38',NULL,'2015-08-13 12:13:38',NULL,'2015-08-13 12:13:38',NULL,2,1,'0',5),(3010,'ca801d10-df4c-4f08-9aa4-780b700845a7','颜色','2015-08-13 12:13:38',NULL,'2015-08-13 12:13:38',NULL,'2015-08-13 12:13:38',NULL,3,1,'0',5),(3011,'ca801d10-df4c-4f08-9aa4-780b700845a7','音量控制','2015-08-13 12:13:38',NULL,'2015-08-13 12:13:38',NULL,'2015-08-13 12:13:38',NULL,4,1,'0',5),(3012,'bb76037b-c82a-46aa-9563-28fd8dec9f0c','频道','2015-08-13 12:14:07',NULL,'2015-08-13 12:14:07',NULL,'2015-08-13 12:14:07',NULL,1,1,'0',1),(3013,'bb76037b-c82a-46aa-9563-28fd8dec9f0c','声音','2015-08-13 12:14:07',NULL,'2015-08-13 12:14:07',NULL,'2015-08-13 12:14:07',NULL,2,1,'0',1),(3014,'bb76037b-c82a-46aa-9563-28fd8dec9f0c','颜色','2015-08-13 12:14:07',NULL,'2015-08-13 12:14:07',NULL,'2015-08-13 12:14:07',NULL,3,1,'0',1),(3015,'bb76037b-c82a-46aa-9563-28fd8dec9f0c','音量控制','2015-08-13 12:14:07',NULL,'2015-08-13 12:14:07',NULL,'2015-08-13 12:14:07',NULL,4,1,'0',1),(3016,'bb76037b-c82a-46aa-9563-28fd8dec9f0c','频道','2015-08-13 12:14:07',NULL,'2015-08-13 12:14:07',NULL,'2015-08-13 12:14:07',NULL,1,1,'0',2),(3017,'bb76037b-c82a-46aa-9563-28fd8dec9f0c','声音','2015-08-13 12:14:07',NULL,'2015-08-13 12:14:07',NULL,'2015-08-13 12:14:07',NULL,2,1,'0',2),(3018,'bb76037b-c82a-46aa-9563-28fd8dec9f0c','颜色','2015-08-13 12:14:07',NULL,'2015-08-13 12:14:07',NULL,'2015-08-13 12:14:07',NULL,3,1,'0',2),(3019,'bb76037b-c82a-46aa-9563-28fd8dec9f0c','音量控制','2015-08-13 12:14:07',NULL,'2015-08-13 12:14:07',NULL,'2015-08-13 12:14:07',NULL,4,1,'0',2),(3020,'bb76037b-c82a-46aa-9563-28fd8dec9f0c','频道','2015-08-13 12:14:07',NULL,'2015-08-13 12:14:07',NULL,'2015-08-13 12:14:07',NULL,1,1,'0',4),(3021,'bb76037b-c82a-46aa-9563-28fd8dec9f0c','声音','2015-08-13 12:14:07',NULL,'2015-08-13 12:14:07',NULL,'2015-08-13 12:14:07',NULL,2,1,'0',4),(3022,'bb76037b-c82a-46aa-9563-28fd8dec9f0c','颜色','2015-08-13 12:14:07',NULL,'2015-08-13 12:14:07',NULL,'2015-08-13 12:14:07',NULL,3,1,'0',4),(3023,'bb76037b-c82a-46aa-9563-28fd8dec9f0c','音量控制','2015-08-13 12:14:07',NULL,'2015-08-13 12:14:07',NULL,'2015-08-13 12:14:07',NULL,4,1,'0',4),(3024,'bb76037b-c82a-46aa-9563-28fd8dec9f0c','频道','2015-08-13 12:14:07',NULL,'2015-08-13 12:14:07',NULL,'2015-08-13 12:14:07',NULL,1,1,'0',5),(3025,'bb76037b-c82a-46aa-9563-28fd8dec9f0c','声音','2015-08-13 12:14:07',NULL,'2015-08-13 12:14:07',NULL,'2015-08-13 12:14:07',NULL,2,1,'0',5),(3026,'bb76037b-c82a-46aa-9563-28fd8dec9f0c','颜色','2015-08-13 12:14:07',NULL,'2015-08-13 12:14:07',NULL,'2015-08-13 12:14:07',NULL,3,1,'0',5),(3027,'bb76037b-c82a-46aa-9563-28fd8dec9f0c','音量控制','2015-08-13 12:14:07',NULL,'2015-08-13 12:14:07',NULL,'2015-08-13 12:14:07',NULL,4,1,'0',5),(3028,'c64e3db4-3691-4cfb-8903-ae0c55fe7406','音量控制','2015-08-13 12:26:40',NULL,'2015-08-13 12:26:40',NULL,'2015-08-13 12:26:40',NULL,4,1,'0',3),(3029,'c64e3db4-3691-4cfb-8903-ae0c55fe7406','CD播放','2015-08-13 12:26:40',NULL,'2015-08-13 12:26:40',NULL,'2015-08-13 12:26:40',NULL,13,1,'0',3),(3030,'c64e3db4-3691-4cfb-8903-ae0c55fe7406','音量控制','2015-08-13 12:26:40',NULL,'2015-08-13 12:26:40',NULL,'2015-08-13 12:26:40',NULL,4,1,'0',6),(3031,'c64e3db4-3691-4cfb-8903-ae0c55fe7406','CD播放','2015-08-13 12:26:40',NULL,'2015-08-13 12:26:40',NULL,'2015-08-13 12:26:40',NULL,13,1,'0',6),(3032,'c64e3db4-3691-4cfb-8903-ae0c55fe7406','音量控制','2015-08-13 12:26:40',NULL,'2015-08-13 12:26:40',NULL,'2015-08-13 12:26:40',NULL,4,1,'0',1),(3033,'c64e3db4-3691-4cfb-8903-ae0c55fe7406','CD播放','2015-08-13 12:26:40',NULL,'2015-08-13 12:26:40',NULL,'2015-08-13 12:26:40',NULL,13,1,'0',1),(3034,'c64e3db4-3691-4cfb-8903-ae0c55fe7406','音量控制','2015-08-13 12:26:40',NULL,'2015-08-13 12:26:40',NULL,'2015-08-13 12:26:40',NULL,4,1,'0',4),(3035,'c64e3db4-3691-4cfb-8903-ae0c55fe7406','CD播放','2015-08-13 12:26:40',NULL,'2015-08-13 12:26:40',NULL,'2015-08-13 12:26:40',NULL,13,1,'0',4),(3036,'fc5d217c-91e0-439d-a20e-c00094176011','频道','2015-08-13 12:39:17',NULL,'2015-08-13 12:39:17',NULL,'2015-08-13 12:39:17',NULL,NULL,1,'0',1),(3037,'fc5d217c-91e0-439d-a20e-c00094176011','声音','2015-08-13 12:39:17',NULL,'2015-08-13 12:39:17',NULL,'2015-08-13 12:39:17',NULL,NULL,1,'0',1),(3038,'fc5d217c-91e0-439d-a20e-c00094176011','颜色','2015-08-13 12:39:17',NULL,'2015-08-13 12:39:17',NULL,'2015-08-13 12:39:17',NULL,NULL,1,'0',1),(3039,'fc5d217c-91e0-439d-a20e-c00094176011','音量控制','2015-08-13 12:39:17',NULL,'2015-08-13 12:39:17',NULL,'2015-08-13 12:39:17',NULL,NULL,1,'0',1),(3040,'fc5d217c-91e0-439d-a20e-c00094176011','频道','2015-08-13 12:39:17',NULL,'2015-08-13 12:39:17',NULL,'2015-08-13 12:39:17',NULL,1,1,'0',2),(3041,'fc5d217c-91e0-439d-a20e-c00094176011','声音','2015-08-13 12:39:17',NULL,'2015-08-13 12:39:17',NULL,'2015-08-13 12:39:17',NULL,2,1,'0',2),(3042,'fc5d217c-91e0-439d-a20e-c00094176011','颜色','2015-08-13 12:39:17',NULL,'2015-08-13 12:39:17',NULL,'2015-08-13 12:39:17',NULL,3,1,'0',2),(3043,'fc5d217c-91e0-439d-a20e-c00094176011','音量控制','2015-08-13 12:39:17',NULL,'2015-08-13 12:39:17',NULL,'2015-08-13 12:39:17',NULL,4,1,'0',2),(3044,'fc5d217c-91e0-439d-a20e-c00094176011','频道','2015-08-13 12:39:17',NULL,'2015-08-13 12:39:17',NULL,'2015-08-13 12:39:17',NULL,1,1,'0',4),(3045,'fc5d217c-91e0-439d-a20e-c00094176011','声音','2015-08-13 12:39:17',NULL,'2015-08-13 12:39:17',NULL,'2015-08-13 12:39:17',NULL,2,1,'0',4),(3046,'fc5d217c-91e0-439d-a20e-c00094176011','颜色','2015-08-13 12:39:17',NULL,'2015-08-13 12:39:17',NULL,'2015-08-13 12:39:17',NULL,3,1,'0',4),(3047,'fc5d217c-91e0-439d-a20e-c00094176011','音量控制','2015-08-13 12:39:17',NULL,'2015-08-13 12:39:17',NULL,'2015-08-13 12:39:17',NULL,4,1,'0',4),(3048,'fc5d217c-91e0-439d-a20e-c00094176011','频道','2015-08-13 12:39:17',NULL,'2015-08-13 12:39:17',NULL,'2015-08-13 12:39:17',NULL,1,1,'0',5),(3049,'fc5d217c-91e0-439d-a20e-c00094176011','声音','2015-08-13 12:39:17',NULL,'2015-08-13 12:39:17',NULL,'2015-08-13 12:39:17',NULL,2,1,'0',5),(3050,'fc5d217c-91e0-439d-a20e-c00094176011','颜色','2015-08-13 12:39:17',NULL,'2015-08-13 12:39:17',NULL,'2015-08-13 12:39:17',NULL,3,1,'0',5),(3051,'fc5d217c-91e0-439d-a20e-c00094176011','音量控制','2015-08-13 12:39:17',NULL,'2015-08-13 12:39:17',NULL,'2015-08-13 12:39:17',NULL,4,1,'0',5),(3052,'7caae1d9-4a18-4d34-845f-37f7e186ac9c','频道','2015-08-13 12:39:38',NULL,'2015-08-13 12:39:38',NULL,'2015-08-13 12:39:38',NULL,NULL,1,'0',1),(3053,'7caae1d9-4a18-4d34-845f-37f7e186ac9c','声音','2015-08-13 12:39:38',NULL,'2015-08-13 12:39:38',NULL,'2015-08-13 12:39:38',NULL,NULL,1,'0',1),(3054,'7caae1d9-4a18-4d34-845f-37f7e186ac9c','颜色','2015-08-13 12:39:38',NULL,'2015-08-13 12:39:38',NULL,'2015-08-13 12:39:38',NULL,NULL,1,'0',1),(3055,'7caae1d9-4a18-4d34-845f-37f7e186ac9c','音量控制','2015-08-13 12:39:38',NULL,'2015-08-13 12:39:38',NULL,'2015-08-13 12:39:38',NULL,NULL,1,'0',1),(3056,'7caae1d9-4a18-4d34-845f-37f7e186ac9c','频道','2015-08-13 12:39:38',NULL,'2015-08-13 12:39:38',NULL,'2015-08-13 12:39:38',NULL,1,1,'0',2),(3057,'7caae1d9-4a18-4d34-845f-37f7e186ac9c','声音','2015-08-13 12:39:38',NULL,'2015-08-13 12:39:38',NULL,'2015-08-13 12:39:38',NULL,2,1,'0',2),(3058,'7caae1d9-4a18-4d34-845f-37f7e186ac9c','颜色','2015-08-13 12:39:38',NULL,'2015-08-13 12:39:38',NULL,'2015-08-13 12:39:38',NULL,3,1,'0',2),(3059,'7caae1d9-4a18-4d34-845f-37f7e186ac9c','音量控制','2015-08-13 12:39:38',NULL,'2015-08-13 12:39:38',NULL,'2015-08-13 12:39:38',NULL,4,1,'0',2),(3060,'7caae1d9-4a18-4d34-845f-37f7e186ac9c','频道','2015-08-13 12:39:38',NULL,'2015-08-13 12:39:38',NULL,'2015-08-13 12:39:38',NULL,1,1,'0',4),(3061,'7caae1d9-4a18-4d34-845f-37f7e186ac9c','声音','2015-08-13 12:39:38',NULL,'2015-08-13 12:39:38',NULL,'2015-08-13 12:39:38',NULL,2,1,'0',4),(3062,'7caae1d9-4a18-4d34-845f-37f7e186ac9c','颜色','2015-08-13 12:39:38',NULL,'2015-08-13 12:39:38',NULL,'2015-08-13 12:39:38',NULL,3,1,'0',4),(3063,'7caae1d9-4a18-4d34-845f-37f7e186ac9c','音量控制','2015-08-13 12:39:38',NULL,'2015-08-13 12:39:38',NULL,'2015-08-13 12:39:38',NULL,4,1,'0',4),(3064,'7caae1d9-4a18-4d34-845f-37f7e186ac9c','频道','2015-08-13 12:39:38',NULL,'2015-08-13 12:39:38',NULL,'2015-08-13 12:39:38',NULL,1,1,'0',5),(3065,'7caae1d9-4a18-4d34-845f-37f7e186ac9c','声音','2015-08-13 12:39:38',NULL,'2015-08-13 12:39:38',NULL,'2015-08-13 12:39:38',NULL,2,1,'0',5),(3066,'7caae1d9-4a18-4d34-845f-37f7e186ac9c','颜色','2015-08-13 12:39:38',NULL,'2015-08-13 12:39:38',NULL,'2015-08-13 12:39:38',NULL,3,1,'0',5),(3067,'7caae1d9-4a18-4d34-845f-37f7e186ac9c','音量控制','2015-08-13 12:39:38',NULL,'2015-08-13 12:39:38',NULL,'2015-08-13 12:39:38',NULL,4,1,'0',5),(3068,'de673faf-1acb-4e1a-ba08-bb6233581fc8','频道','2015-08-13 14:12:38',NULL,'2015-08-13 14:12:38',NULL,'2015-08-13 14:12:38',NULL,1,1,'0',1),(3069,'de673faf-1acb-4e1a-ba08-bb6233581fc8','声音','2015-08-13 14:12:38',NULL,'2015-08-13 14:12:38',NULL,'2015-08-13 14:12:38',NULL,2,1,'0',1),(3070,'de673faf-1acb-4e1a-ba08-bb6233581fc8','颜色','2015-08-13 14:12:38',NULL,'2015-08-13 14:12:38',NULL,'2015-08-13 14:12:38',NULL,3,1,'0',1),(3071,'de673faf-1acb-4e1a-ba08-bb6233581fc8','音量控制','2015-08-13 14:12:38',NULL,'2015-08-13 14:12:38',NULL,'2015-08-13 14:12:38',NULL,4,1,'0',1),(3072,'de673faf-1acb-4e1a-ba08-bb6233581fc8','频道','2015-08-13 14:12:38',NULL,'2015-08-13 14:12:38',NULL,'2015-08-13 14:12:38',NULL,1,1,'0',2),(3073,'de673faf-1acb-4e1a-ba08-bb6233581fc8','声音','2015-08-13 14:12:38',NULL,'2015-08-13 14:12:38',NULL,'2015-08-13 14:12:38',NULL,2,1,'0',2),(3074,'de673faf-1acb-4e1a-ba08-bb6233581fc8','颜色','2015-08-13 14:12:38',NULL,'2015-08-13 14:12:38',NULL,'2015-08-13 14:12:38',NULL,3,1,'0',2),(3075,'de673faf-1acb-4e1a-ba08-bb6233581fc8','音量控制','2015-08-13 14:12:38',NULL,'2015-08-13 14:12:38',NULL,'2015-08-13 14:12:38',NULL,4,1,'0',2),(3076,'de673faf-1acb-4e1a-ba08-bb6233581fc8','频道','2015-08-13 14:12:38',NULL,'2015-08-13 14:12:38',NULL,'2015-08-13 14:12:38',NULL,1,1,'0',4),(3077,'de673faf-1acb-4e1a-ba08-bb6233581fc8','声音','2015-08-13 14:12:38',NULL,'2015-08-13 14:12:38',NULL,'2015-08-13 14:12:38',NULL,2,1,'0',4),(3078,'de673faf-1acb-4e1a-ba08-bb6233581fc8','颜色','2015-08-13 14:12:38',NULL,'2015-08-13 14:12:38',NULL,'2015-08-13 14:12:38',NULL,3,1,'0',4),(3079,'de673faf-1acb-4e1a-ba08-bb6233581fc8','音量控制','2015-08-13 14:12:38',NULL,'2015-08-13 14:12:38',NULL,'2015-08-13 14:12:38',NULL,4,1,'0',4),(3080,'de673faf-1acb-4e1a-ba08-bb6233581fc8','频道','2015-08-13 14:12:38',NULL,'2015-08-13 14:12:38',NULL,'2015-08-13 14:12:38',NULL,1,1,'0',5),(3081,'de673faf-1acb-4e1a-ba08-bb6233581fc8','声音','2015-08-13 14:12:38',NULL,'2015-08-13 14:12:38',NULL,'2015-08-13 14:12:38',NULL,2,1,'0',5),(3082,'de673faf-1acb-4e1a-ba08-bb6233581fc8','颜色','2015-08-13 14:12:38',NULL,'2015-08-13 14:12:38',NULL,'2015-08-13 14:12:38',NULL,3,1,'0',5),(3083,'de673faf-1acb-4e1a-ba08-bb6233581fc8','音量控制','2015-08-13 14:12:38',NULL,'2015-08-13 14:12:38',NULL,'2015-08-13 14:12:38',NULL,4,1,'0',5),(3084,'364bcb69-1e1f-4830-8f67-fa523a3220e6','声音','2015-08-13 14:29:12',NULL,'2015-08-13 14:29:12',NULL,'2015-08-13 14:29:12',NULL,NULL,1,'0',1),(3085,'364bcb69-1e1f-4830-8f67-fa523a3220e6','声音','2015-08-13 14:29:12',NULL,'2015-08-13 14:29:12',NULL,'2015-08-13 14:29:12',NULL,2,1,'0',2),(3086,'364bcb69-1e1f-4830-8f67-fa523a3220e6','声音','2015-08-13 14:29:12',NULL,'2015-08-13 14:29:12',NULL,'2015-08-13 14:29:12',NULL,NULL,1,'0',4),(3087,'364bcb69-1e1f-4830-8f67-fa523a3220e6','声音','2015-08-13 14:29:12',NULL,'2015-08-13 14:29:12',NULL,'2015-08-13 14:29:12',NULL,2,1,'0',5),(3088,'b2e110f1-0c39-4a8f-8899-4a765c3169da','音量控制','2015-08-13 14:34:41',NULL,'2015-08-13 14:34:41',NULL,'2015-08-13 14:34:41',NULL,4,1,'0',3),(3089,'b2e110f1-0c39-4a8f-8899-4a765c3169da','CD播放','2015-08-13 14:34:41',NULL,'2015-08-13 14:34:41',NULL,'2015-08-13 14:34:41',NULL,13,1,'0',3),(3090,'b2e110f1-0c39-4a8f-8899-4a765c3169da','音量控制','2015-08-13 14:34:41',NULL,'2015-08-13 14:34:41',NULL,'2015-08-13 14:34:41',NULL,4,1,'0',6),(3091,'b2e110f1-0c39-4a8f-8899-4a765c3169da','CD播放','2015-08-13 14:34:41',NULL,'2015-08-13 14:34:41',NULL,'2015-08-13 14:34:41',NULL,13,1,'0',6),(3092,'b2e110f1-0c39-4a8f-8899-4a765c3169da','音量控制','2015-08-13 14:34:41',NULL,'2015-08-13 14:34:41',NULL,'2015-08-13 14:34:41',NULL,4,1,'0',1),(3093,'b2e110f1-0c39-4a8f-8899-4a765c3169da','CD播放','2015-08-13 14:34:41',NULL,'2015-08-13 14:34:41',NULL,'2015-08-13 14:34:41',NULL,13,1,'0',1),(3094,'b2e110f1-0c39-4a8f-8899-4a765c3169da','音量控制','2015-08-13 14:34:41',NULL,'2015-08-13 14:34:41',NULL,'2015-08-13 14:34:41',NULL,NULL,1,'0',4),(3095,'b2e110f1-0c39-4a8f-8899-4a765c3169da','CD播放','2015-08-13 14:34:41',NULL,'2015-08-13 14:34:41',NULL,'2015-08-13 14:34:41',NULL,NULL,1,'0',4),(3096,'83bbd98f-d3d9-4ec2-80a3-b289317a40ef','模式','2015-08-13 14:41:59',NULL,'2015-08-13 14:41:59',NULL,'2015-08-13 14:41:59',NULL,NULL,1,'0',7),(3097,'83bbd98f-d3d9-4ec2-80a3-b289317a40ef','是否扫风','2015-08-13 14:41:59',NULL,'2015-08-13 14:41:59',NULL,'2015-08-13 14:41:59',NULL,NULL,1,'0',7),(3098,'83bbd98f-d3d9-4ec2-80a3-b289317a40ef','风速级别设置','2015-08-13 14:41:59',NULL,'2015-08-13 14:41:59',NULL,'2015-08-13 14:41:59',NULL,NULL,1,'0',7),(3099,'83bbd98f-d3d9-4ec2-80a3-b289317a40ef','温度设置','2015-08-13 14:41:59',NULL,'2015-08-13 14:41:59',NULL,'2015-08-13 14:41:59',NULL,NULL,1,'0',7),(3100,'83bbd98f-d3d9-4ec2-80a3-b289317a40ef','模式','2015-08-13 14:41:59',NULL,'2015-08-13 14:41:59',NULL,'2015-08-13 14:41:59',NULL,NULL,1,'0',1),(3101,'83bbd98f-d3d9-4ec2-80a3-b289317a40ef','是否扫风','2015-08-13 14:41:59',NULL,'2015-08-13 14:41:59',NULL,'2015-08-13 14:41:59',NULL,NULL,1,'0',1),(3102,'83bbd98f-d3d9-4ec2-80a3-b289317a40ef','风速级别设置','2015-08-13 14:41:59',NULL,'2015-08-13 14:41:59',NULL,'2015-08-13 14:41:59',NULL,NULL,1,'0',1),(3103,'83bbd98f-d3d9-4ec2-80a3-b289317a40ef','温度设置','2015-08-13 14:41:59',NULL,'2015-08-13 14:41:59',NULL,'2015-08-13 14:41:59',NULL,NULL,1,'0',1),(3104,'83bbd98f-d3d9-4ec2-80a3-b289317a40ef','模式','2015-08-13 14:41:59',NULL,'2015-08-13 14:41:59',NULL,'2015-08-13 14:41:59',NULL,5,1,'0',2),(3105,'83bbd98f-d3d9-4ec2-80a3-b289317a40ef','是否扫风','2015-08-13 14:41:59',NULL,'2015-08-13 14:41:59',NULL,'2015-08-13 14:41:59',NULL,6,1,'0',2),(3106,'83bbd98f-d3d9-4ec2-80a3-b289317a40ef','风速级别设置','2015-08-13 14:41:59',NULL,'2015-08-13 14:41:59',NULL,'2015-08-13 14:41:59',NULL,7,1,'0',2),(3107,'83bbd98f-d3d9-4ec2-80a3-b289317a40ef','温度设置','2015-08-13 14:41:59',NULL,'2015-08-13 14:41:59',NULL,'2015-08-13 14:41:59',NULL,8,1,'0',2),(3108,'676bd31b-45cb-4c10-9b13-95aa425d21a0','频道','2015-08-13 14:59:28',NULL,'2015-08-13 14:59:28',NULL,'2015-08-13 14:59:28',NULL,1,1,'0',1),(3109,'676bd31b-45cb-4c10-9b13-95aa425d21a0','声音','2015-08-13 14:59:28',NULL,'2015-08-13 14:59:28',NULL,'2015-08-13 14:59:28',NULL,2,1,'0',1),(3110,'676bd31b-45cb-4c10-9b13-95aa425d21a0','颜色','2015-08-13 14:59:28',NULL,'2015-08-13 14:59:28',NULL,'2015-08-13 14:59:28',NULL,3,1,'0',1),(3111,'676bd31b-45cb-4c10-9b13-95aa425d21a0','音量控制','2015-08-13 14:59:28',NULL,'2015-08-13 14:59:28',NULL,'2015-08-13 14:59:28',NULL,4,1,'0',1),(3112,'676bd31b-45cb-4c10-9b13-95aa425d21a0','频道','2015-08-13 14:59:28',NULL,'2015-08-13 14:59:28',NULL,'2015-08-13 14:59:28',NULL,1,1,'0',2),(3113,'676bd31b-45cb-4c10-9b13-95aa425d21a0','声音','2015-08-13 14:59:28',NULL,'2015-08-13 14:59:28',NULL,'2015-08-13 14:59:28',NULL,2,1,'0',2),(3114,'676bd31b-45cb-4c10-9b13-95aa425d21a0','颜色','2015-08-13 14:59:28',NULL,'2015-08-13 14:59:28',NULL,'2015-08-13 14:59:28',NULL,3,1,'0',2),(3115,'676bd31b-45cb-4c10-9b13-95aa425d21a0','音量控制','2015-08-13 14:59:28',NULL,'2015-08-13 14:59:28',NULL,'2015-08-13 14:59:28',NULL,4,1,'0',2),(3116,'676bd31b-45cb-4c10-9b13-95aa425d21a0','频道','2015-08-13 14:59:28',NULL,'2015-08-13 14:59:28',NULL,'2015-08-13 14:59:28',NULL,1,1,'0',4),(3117,'676bd31b-45cb-4c10-9b13-95aa425d21a0','声音','2015-08-13 14:59:28',NULL,'2015-08-13 14:59:28',NULL,'2015-08-13 14:59:28',NULL,2,1,'0',4),(3118,'676bd31b-45cb-4c10-9b13-95aa425d21a0','颜色','2015-08-13 14:59:28',NULL,'2015-08-13 14:59:28',NULL,'2015-08-13 14:59:28',NULL,3,1,'0',4),(3119,'676bd31b-45cb-4c10-9b13-95aa425d21a0','音量控制','2015-08-13 14:59:28',NULL,'2015-08-13 14:59:28',NULL,'2015-08-13 14:59:28',NULL,4,1,'0',4),(3120,'676bd31b-45cb-4c10-9b13-95aa425d21a0','频道','2015-08-13 14:59:28',NULL,'2015-08-13 14:59:28',NULL,'2015-08-13 14:59:28',NULL,1,1,'0',5),(3121,'676bd31b-45cb-4c10-9b13-95aa425d21a0','声音','2015-08-13 14:59:28',NULL,'2015-08-13 14:59:28',NULL,'2015-08-13 14:59:28',NULL,2,1,'0',5),(3122,'676bd31b-45cb-4c10-9b13-95aa425d21a0','颜色','2015-08-13 14:59:28',NULL,'2015-08-13 14:59:28',NULL,'2015-08-13 14:59:28',NULL,3,1,'0',5),(3123,'676bd31b-45cb-4c10-9b13-95aa425d21a0','音量控制','2015-08-13 14:59:28',NULL,'2015-08-13 14:59:28',NULL,'2015-08-13 14:59:28',NULL,4,1,'0',5),(3124,'ee77ed71-b82e-4bfa-a93e-0a197bc8c468','频道','2015-08-13 15:00:43',NULL,'2015-08-13 15:00:43',NULL,'2015-08-13 15:00:43',NULL,1,1,'0',1),(3125,'ee77ed71-b82e-4bfa-a93e-0a197bc8c468','声音','2015-08-13 15:00:43',NULL,'2015-08-13 15:00:43',NULL,'2015-08-13 15:00:43',NULL,2,1,'0',1),(3126,'ee77ed71-b82e-4bfa-a93e-0a197bc8c468','颜色','2015-08-13 15:00:43',NULL,'2015-08-13 15:00:43',NULL,'2015-08-13 15:00:43',NULL,3,1,'0',1),(3127,'ee77ed71-b82e-4bfa-a93e-0a197bc8c468','音量控制','2015-08-13 15:00:43',NULL,'2015-08-13 15:00:43',NULL,'2015-08-13 15:00:43',NULL,4,1,'0',1),(3128,'ee77ed71-b82e-4bfa-a93e-0a197bc8c468','频道','2015-08-13 15:00:43',NULL,'2015-08-13 15:00:43',NULL,'2015-08-13 15:00:43',NULL,1,1,'0',2),(3129,'ee77ed71-b82e-4bfa-a93e-0a197bc8c468','声音','2015-08-13 15:00:43',NULL,'2015-08-13 15:00:43',NULL,'2015-08-13 15:00:43',NULL,2,1,'0',2),(3130,'ee77ed71-b82e-4bfa-a93e-0a197bc8c468','颜色','2015-08-13 15:00:43',NULL,'2015-08-13 15:00:43',NULL,'2015-08-13 15:00:43',NULL,3,1,'0',2),(3131,'ee77ed71-b82e-4bfa-a93e-0a197bc8c468','音量控制','2015-08-13 15:00:43',NULL,'2015-08-13 15:00:43',NULL,'2015-08-13 15:00:43',NULL,4,1,'0',2),(3132,'ee77ed71-b82e-4bfa-a93e-0a197bc8c468','频道','2015-08-13 15:00:43',NULL,'2015-08-13 15:00:43',NULL,'2015-08-13 15:00:43',NULL,1,1,'0',4),(3133,'ee77ed71-b82e-4bfa-a93e-0a197bc8c468','声音','2015-08-13 15:00:43',NULL,'2015-08-13 15:00:43',NULL,'2015-08-13 15:00:43',NULL,2,1,'0',4),(3134,'ee77ed71-b82e-4bfa-a93e-0a197bc8c468','颜色','2015-08-13 15:00:43',NULL,'2015-08-13 15:00:43',NULL,'2015-08-13 15:00:43',NULL,3,1,'0',4),(3135,'ee77ed71-b82e-4bfa-a93e-0a197bc8c468','音量控制','2015-08-13 15:00:43',NULL,'2015-08-13 15:00:43',NULL,'2015-08-13 15:00:43',NULL,4,1,'0',4),(3136,'ee77ed71-b82e-4bfa-a93e-0a197bc8c468','频道','2015-08-13 15:00:43',NULL,'2015-08-13 15:00:43',NULL,'2015-08-13 15:00:43',NULL,1,1,'0',5),(3137,'ee77ed71-b82e-4bfa-a93e-0a197bc8c468','声音','2015-08-13 15:00:43',NULL,'2015-08-13 15:00:43',NULL,'2015-08-13 15:00:43',NULL,2,1,'0',5),(3138,'ee77ed71-b82e-4bfa-a93e-0a197bc8c468','颜色','2015-08-13 15:00:43',NULL,'2015-08-13 15:00:43',NULL,'2015-08-13 15:00:43',NULL,3,1,'0',5),(3139,'ee77ed71-b82e-4bfa-a93e-0a197bc8c468','音量控制','2015-08-13 15:00:43',NULL,'2015-08-13 15:00:43',NULL,'2015-08-13 15:00:43',NULL,4,1,'0',5),(3140,'2f721678-8332-4f45-b0fd-b6fc2d1af516','频道','2015-08-13 15:06:09',NULL,'2015-08-13 15:06:09',NULL,'2015-08-13 15:06:09',NULL,1,1,'0',1),(3141,'2f721678-8332-4f45-b0fd-b6fc2d1af516','声音','2015-08-13 15:06:09',NULL,'2015-08-13 15:06:09',NULL,'2015-08-13 15:06:09',NULL,2,1,'0',1),(3142,'2f721678-8332-4f45-b0fd-b6fc2d1af516','颜色','2015-08-13 15:06:09',NULL,'2015-08-13 15:06:09',NULL,'2015-08-13 15:06:09',NULL,3,1,'0',1),(3143,'2f721678-8332-4f45-b0fd-b6fc2d1af516','音量控制','2015-08-13 15:06:09',NULL,'2015-08-13 15:06:09',NULL,'2015-08-13 15:06:09',NULL,4,1,'0',1),(3144,'2f721678-8332-4f45-b0fd-b6fc2d1af516','频道','2015-08-13 15:06:09',NULL,'2015-08-13 15:06:09',NULL,'2015-08-13 15:06:09',NULL,1,1,'0',2),(3145,'2f721678-8332-4f45-b0fd-b6fc2d1af516','声音','2015-08-13 15:06:09',NULL,'2015-08-13 15:06:09',NULL,'2015-08-13 15:06:09',NULL,2,1,'0',2),(3146,'2f721678-8332-4f45-b0fd-b6fc2d1af516','颜色','2015-08-13 15:06:09',NULL,'2015-08-13 15:06:09',NULL,'2015-08-13 15:06:09',NULL,3,1,'0',2),(3147,'2f721678-8332-4f45-b0fd-b6fc2d1af516','音量控制','2015-08-13 15:06:09',NULL,'2015-08-13 15:06:09',NULL,'2015-08-13 15:06:09',NULL,4,1,'0',2),(3148,'2f721678-8332-4f45-b0fd-b6fc2d1af516','频道','2015-08-13 15:06:09',NULL,'2015-08-13 15:06:09',NULL,'2015-08-13 15:06:09',NULL,1,1,'0',4),(3149,'2f721678-8332-4f45-b0fd-b6fc2d1af516','声音','2015-08-13 15:06:09',NULL,'2015-08-13 15:06:09',NULL,'2015-08-13 15:06:09',NULL,2,1,'0',4),(3150,'2f721678-8332-4f45-b0fd-b6fc2d1af516','颜色','2015-08-13 15:06:09',NULL,'2015-08-13 15:06:09',NULL,'2015-08-13 15:06:09',NULL,3,1,'0',4),(3151,'2f721678-8332-4f45-b0fd-b6fc2d1af516','音量控制','2015-08-13 15:06:09',NULL,'2015-08-13 15:06:09',NULL,'2015-08-13 15:06:09',NULL,4,1,'0',4),(3152,'2f721678-8332-4f45-b0fd-b6fc2d1af516','频道','2015-08-13 15:06:09',NULL,'2015-08-13 15:06:09',NULL,'2015-08-13 15:06:09',NULL,1,1,'0',5),(3153,'2f721678-8332-4f45-b0fd-b6fc2d1af516','声音','2015-08-13 15:06:09',NULL,'2015-08-13 15:06:09',NULL,'2015-08-13 15:06:09',NULL,2,1,'0',5),(3154,'2f721678-8332-4f45-b0fd-b6fc2d1af516','颜色','2015-08-13 15:06:09',NULL,'2015-08-13 15:06:09',NULL,'2015-08-13 15:06:09',NULL,3,1,'0',5),(3155,'2f721678-8332-4f45-b0fd-b6fc2d1af516','音量控制','2015-08-13 15:06:09',NULL,'2015-08-13 15:06:09',NULL,'2015-08-13 15:06:09',NULL,4,1,'0',5),(3156,'99877ca5-a8a4-4634-83e7-e14eb363fec7','音量控制','2015-08-13 15:13:46',NULL,'2015-08-13 15:13:46',NULL,'2015-08-13 15:13:46',NULL,4,1,'0',4),(3157,'99877ca5-a8a4-4634-83e7-e14eb363fec7','投影比例','2015-08-13 15:13:46',NULL,'2015-08-13 15:13:46',NULL,'2015-08-13 15:13:46',NULL,12,1,'0',4),(3158,'dcbc3fe9-5849-4e1a-99cc-7a46bdd3d1af','音量控制','2015-08-13 15:14:18',NULL,'2015-08-13 15:14:18',NULL,'2015-08-13 15:14:18',NULL,4,1,'0',4),(3159,'dcbc3fe9-5849-4e1a-99cc-7a46bdd3d1af','投影比例','2015-08-13 15:14:18',NULL,'2015-08-13 15:14:18',NULL,'2015-08-13 15:14:18',NULL,12,1,'0',4),(3160,'588042bd-e015-461f-942e-1aeee5b44144','音量控制','2015-08-14 14:04:36',NULL,'2015-08-14 14:04:36',NULL,'2015-08-14 14:04:36',NULL,4,1,'0',3),(3161,'588042bd-e015-461f-942e-1aeee5b44144','CD播放','2015-08-14 14:04:36',NULL,'2015-08-14 14:04:36',NULL,'2015-08-14 14:04:36',NULL,13,1,'0',3),(3162,'588042bd-e015-461f-942e-1aeee5b44144','音量控制','2015-08-14 14:04:36',NULL,'2015-08-14 14:04:36',NULL,'2015-08-14 14:04:36',NULL,4,1,'0',6),(3163,'588042bd-e015-461f-942e-1aeee5b44144','CD播放','2015-08-14 14:04:36',NULL,'2015-08-14 14:04:36',NULL,'2015-08-14 14:04:36',NULL,13,1,'0',6),(3164,'588042bd-e015-461f-942e-1aeee5b44144','音量控制','2015-08-14 14:04:36',NULL,'2015-08-14 14:04:36',NULL,'2015-08-14 14:04:36',NULL,4,1,'0',1),(3165,'588042bd-e015-461f-942e-1aeee5b44144','CD播放','2015-08-14 14:04:36',NULL,'2015-08-14 14:04:36',NULL,'2015-08-14 14:04:36',NULL,13,1,'0',1),(3166,'588042bd-e015-461f-942e-1aeee5b44144','音量控制','2015-08-14 14:04:36',NULL,'2015-08-14 14:04:36',NULL,'2015-08-14 14:04:36',NULL,4,1,'0',4),(3167,'588042bd-e015-461f-942e-1aeee5b44144','CD播放','2015-08-14 14:04:36',NULL,'2015-08-14 14:04:36',NULL,'2015-08-14 14:04:36',NULL,13,1,'0',4),(3168,'b2febb2b-9ec6-4fe8-828e-b6c19592703b','风速级别设置','2015-08-14 15:34:05',NULL,'2015-08-14 15:34:05',NULL,'2015-08-14 15:34:05',NULL,7,1,'0',7),(3169,'b2febb2b-9ec6-4fe8-828e-b6c19592703b','风类设置','2015-08-14 15:34:05',NULL,'2015-08-14 15:34:05',NULL,'2015-08-14 15:34:05',NULL,9,1,'0',7),(3170,'b2febb2b-9ec6-4fe8-828e-b6c19592703b','是否静音','2015-08-14 15:34:05',NULL,'2015-08-14 15:34:05',NULL,'2015-08-14 15:34:05',NULL,10,1,'0',7),(3171,'b2febb2b-9ec6-4fe8-828e-b6c19592703b','是否摆头','2015-08-14 15:34:05',NULL,'2015-08-14 15:34:05',NULL,'2015-08-14 15:34:05',NULL,11,1,'0',7),(3172,'b2febb2b-9ec6-4fe8-828e-b6c19592703b','风速级别设置','2015-08-14 15:34:05',NULL,'2015-08-14 15:34:05',NULL,'2015-08-14 15:34:05',NULL,7,1,'0',2),(3173,'b2febb2b-9ec6-4fe8-828e-b6c19592703b','风类设置','2015-08-14 15:34:05',NULL,'2015-08-14 15:34:05',NULL,'2015-08-14 15:34:05',NULL,9,1,'0',2),(3174,'b2febb2b-9ec6-4fe8-828e-b6c19592703b','是否静音','2015-08-14 15:34:05',NULL,'2015-08-14 15:34:05',NULL,'2015-08-14 15:34:05',NULL,10,1,'0',2),(3175,'b2febb2b-9ec6-4fe8-828e-b6c19592703b','是否摆头','2015-08-14 15:34:05',NULL,'2015-08-14 15:34:05',NULL,'2015-08-14 15:34:05',NULL,11,1,'0',2),(3176,'3af6f687-7688-4ee6-bf75-019c5dba4af0','模式','2015-08-17 17:05:02',NULL,'2015-08-17 17:05:02',NULL,'2015-08-17 17:05:02',NULL,5,1,'0',7),(3177,'3af6f687-7688-4ee6-bf75-019c5dba4af0','是否扫风','2015-08-17 17:05:02',NULL,'2015-08-17 17:05:02',NULL,'2015-08-17 17:05:02',NULL,6,1,'0',7),(3178,'3af6f687-7688-4ee6-bf75-019c5dba4af0','风速级别设置','2015-08-17 17:05:02',NULL,'2015-08-17 17:05:02',NULL,'2015-08-17 17:05:02',NULL,7,1,'0',7),(3179,'3af6f687-7688-4ee6-bf75-019c5dba4af0','温度设置','2015-08-17 17:05:02',NULL,'2015-08-17 17:05:02',NULL,'2015-08-17 17:05:02',NULL,8,1,'0',7),(3180,'3af6f687-7688-4ee6-bf75-019c5dba4af0','模式','2015-08-17 17:05:02',NULL,'2015-08-17 17:05:02',NULL,'2015-08-17 17:05:02',NULL,5,1,'0',1),(3181,'3af6f687-7688-4ee6-bf75-019c5dba4af0','是否扫风','2015-08-17 17:05:02',NULL,'2015-08-17 17:05:02',NULL,'2015-08-17 17:05:02',NULL,6,1,'0',1),(3182,'3af6f687-7688-4ee6-bf75-019c5dba4af0','风速级别设置','2015-08-17 17:05:02',NULL,'2015-08-17 17:05:02',NULL,'2015-08-17 17:05:02',NULL,7,1,'0',1),(3183,'3af6f687-7688-4ee6-bf75-019c5dba4af0','温度设置','2015-08-17 17:05:02',NULL,'2015-08-17 17:05:02',NULL,'2015-08-17 17:05:02',NULL,8,1,'0',1),(3184,'3af6f687-7688-4ee6-bf75-019c5dba4af0','模式','2015-08-17 17:05:02',NULL,'2015-08-17 17:05:02',NULL,'2015-08-17 17:05:02',NULL,5,1,'0',2),(3185,'3af6f687-7688-4ee6-bf75-019c5dba4af0','是否扫风','2015-08-17 17:05:02',NULL,'2015-08-17 17:05:02',NULL,'2015-08-17 17:05:02',NULL,6,1,'0',2),(3186,'3af6f687-7688-4ee6-bf75-019c5dba4af0','风速级别设置','2015-08-17 17:05:02',NULL,'2015-08-17 17:05:02',NULL,'2015-08-17 17:05:02',NULL,7,1,'0',2),(3187,'3af6f687-7688-4ee6-bf75-019c5dba4af0','温度设置','2015-08-17 17:05:02',NULL,'2015-08-17 17:05:02',NULL,'2015-08-17 17:05:02',NULL,8,1,'0',2);

/*Table structure for table `gm_device_param` */

DROP TABLE IF EXISTS `gm_device_param`;

CREATE TABLE `gm_device_param` (
  `id` double DEFAULT NULL,
  `device_id` varchar(96) DEFAULT NULL,
  `param_code` double DEFAULT NULL,
  `create_time` date DEFAULT NULL
) ENGINE=InnoDB DEFAULT CHARSET=utf8;

/*Data for the table `gm_device_param` */

insert  into `gm_device_param`(`id`,`device_id`,`param_code`,`create_time`) values (1,'1',1,NULL),(2,'1',2,NULL),(3,'1',3,NULL),(4,'1',4,NULL),(5,'3',4,NULL),(6,'4',5,NULL),(7,'4',6,NULL),(8,'4',7,NULL),(9,'4',8,NULL),(10,'5',2,NULL),(11,'6',2,NULL),(12,'7',2,NULL),(13,'8',7,NULL),(14,'8',9,NULL),(15,'8',10,NULL),(16,'8',11,NULL),(18,'9',12,NULL),(19,'9',4,NULL),(20,'10',4,NULL),(21,'10',13,NULL),(22,'11',4,NULL),(23,'12',4,NULL);

/*Table structure for table `gm_device_stream_client` */

DROP TABLE IF EXISTS `gm_device_stream_client`;

CREATE TABLE `gm_device_stream_client` (
  `id` bigint(30) NOT NULL AUTO_INCREMENT,
  `data_desc` varchar(255) CHARACTER SET utf8 DEFAULT NULL COMMENT '数据说明(开，关)',
  `data_value` varchar(255) CHARACTER SET utf8 DEFAULT NULL COMMENT '传送数据(开：1，关：0)',
  `stream_id` varchar(30) NOT NULL,
  `device_key` varchar(255) CHARACTER SET utf8 DEFAULT NULL,
  `status` int(10) DEFAULT '0',
  `log_id` bigint(30) DEFAULT NULL,
  `create_time` timestamp NULL DEFAULT NULL ON UPDATE CURRENT_TIMESTAMP,
  `update_time` timestamp NULL DEFAULT NULL,
  PRIMARY KEY (`id`)
) ENGINE=InnoDB AUTO_INCREMENT=3 DEFAULT CHARSET=latin1;

/*Data for the table `gm_device_stream_client` */

insert  into `gm_device_stream_client`(`id`,`data_desc`,`data_value`,`stream_id`,`device_key`,`status`,`log_id`,`create_time`,`update_time`) values (1,NULL,'25','2341243','12421341234',0,NULL,'2015-04-22 04:42:11','2015-04-21 21:25:30'),(2,NULL,'2','2341243','12421341234',0,NULL,'2015-04-22 04:42:04','2015-04-21 22:09:30');

/*Table structure for table `gm_device_stream_log` */

DROP TABLE IF EXISTS `gm_device_stream_log`;

CREATE TABLE `gm_device_stream_log` (
  `id` bigint(30) NOT NULL AUTO_INCREMENT,
  `device_key` varchar(255) NOT NULL,
  `context` varchar(5000) NOT NULL,
  `req_time` timestamp NULL DEFAULT NULL ON UPDATE CURRENT_TIMESTAMP,
  `res_time` timestamp NULL DEFAULT NULL,
  PRIMARY KEY (`id`)
) ENGINE=InnoDB DEFAULT CHARSET=latin1;

/*Data for the table `gm_device_stream_log` */

/*Table structure for table `gm_device_stream_server` */

DROP TABLE IF EXISTS `gm_device_stream_server`;

CREATE TABLE `gm_device_stream_server` (
  `id` bigint(30) NOT NULL AUTO_INCREMENT,
  `data_desc` varchar(255) CHARACTER SET utf8 DEFAULT NULL COMMENT '数据说明(开，关)',
  `data_value` varchar(255) CHARACTER SET utf8 DEFAULT NULL COMMENT '传送数据(开：1，关：0)',
  `stream_id` varchar(30) NOT NULL,
  `device_key` varchar(255) CHARACTER SET utf8 DEFAULT NULL,
  `status` int(10) unsigned DEFAULT '0',
  `log_id` bigint(30) DEFAULT NULL,
  `create_time` timestamp NULL DEFAULT NULL,
  `update_time` timestamp NULL DEFAULT NULL,
  PRIMARY KEY (`id`)
) ENGINE=InnoDB DEFAULT CHARSET=latin1;

/*Data for the table `gm_device_stream_server` */

/*Table structure for table `gm_device_task` */

DROP TABLE IF EXISTS `gm_device_task`;

CREATE TABLE `gm_device_task` (
  `task_id` bigint(20) NOT NULL AUTO_INCREMENT COMMENT '任务id',
  `start_time` datetime DEFAULT NULL COMMENT '任务开始时间',
  `end_time` datetime DEFAULT NULL COMMENT '任务结束时间',
  `operate_model` tinyint(2) NOT NULL DEFAULT '0' COMMENT '操作模式1:开,0:关',
  `device_key` varchar(100) NOT NULL COMMENT '设备id',
  `redo_qty` tinyint(2) DEFAULT '4' COMMENT '重试次数',
  `task_status` tinyint(2) DEFAULT NULL COMMENT '任务状态0:未开始,1:成功,2:失败',
  `device_app_id` bigint(20) DEFAULT NULL COMMENT '设备应用id，目前暂未使用',
  `create_user` varchar(30) DEFAULT NULL COMMENT '创建人',
  `create_time` timestamp NULL DEFAULT NULL COMMENT '创建时间',
  `update_user` varchar(30) DEFAULT NULL COMMENT '修改人',
  `update_time` timestamp NULL DEFAULT NULL COMMENT '修改时间',
  PRIMARY KEY (`task_id`)
) ENGINE=InnoDB DEFAULT CHARSET=utf8;

/*Data for the table `gm_device_task` */

/*Table structure for table `gm_device_type` */

DROP TABLE IF EXISTS `gm_device_type`;

CREATE TABLE `gm_device_type` (
  `id` bigint(10) NOT NULL AUTO_INCREMENT,
  `device_type` tinyint(3) DEFAULT NULL COMMENT '设备类型',
  `device_type_name` varchar(20) DEFAULT NULL COMMENT '设备类型名称',
  `create_time` timestamp NOT NULL DEFAULT CURRENT_TIMESTAMP ON UPDATE CURRENT_TIMESTAMP,
  `create_user` varchar(20) DEFAULT NULL,
  `update_time` timestamp NOT NULL DEFAULT '0000-00-00 00:00:00',
  `update_user` varchar(20) DEFAULT NULL,
  `status` tinyint(2) DEFAULT '1' COMMENT '0为未启用，1为启用',
  `pic_url` varchar(50) DEFAULT NULL COMMENT '图片路径',
  PRIMARY KEY (`id`)
) ENGINE=InnoDB AUTO_INCREMENT=13 DEFAULT CHARSET=utf8;

/*Data for the table `gm_device_type` */

insert  into `gm_device_type`(`id`,`device_type`,`device_type_name`,`create_time`,`create_user`,`update_time`,`update_user`,`status`,`pic_url`) values (1,1,'电视机','2015-06-19 23:37:01',NULL,'0000-00-00 00:00:00',NULL,1,NULL),(2,2,'传统机顶盒(按地区)','2015-06-19 23:37:37',NULL,'0000-00-00 00:00:00',NULL,1,NULL),(3,3,'传统机顶盒(按品牌)','2015-06-19 23:37:29',NULL,'0000-00-00 00:00:00',NULL,1,NULL),(4,4,'空调','2015-06-19 23:37:46',NULL,'0000-00-00 00:00:00',NULL,1,NULL),(5,5,'网络机顶盒','2015-06-19 23:37:54',NULL,'0000-00-00 00:00:00',NULL,1,NULL),(6,6,'IPTV机顶盒','2015-06-19 23:38:03',NULL,'0000-00-00 00:00:00',NULL,1,NULL),(7,7,'DVD播放机','2015-06-19 23:38:21',NULL,'0000-00-00 00:00:00',NULL,1,NULL),(8,8,'风扇','2015-06-19 23:38:32',NULL,'0000-00-00 00:00:00',NULL,1,NULL),(9,9,'投影仪','2015-06-19 23:38:41',NULL,'0000-00-00 00:00:00',NULL,1,NULL),(10,10,'功放/音响设备','2015-06-19 23:38:59',NULL,'0000-00-00 00:00:00',NULL,1,NULL),(11,11,'DC单反设备','2015-06-19 23:39:11',NULL,'0000-00-00 00:00:00',NULL,1,NULL),(12,12,'卫星机顶盒','2015-06-19 23:39:20',NULL,'0000-00-00 00:00:00',NULL,1,NULL);

/*Table structure for table `gm_goods_ads` */

DROP TABLE IF EXISTS `gm_goods_ads`;

CREATE TABLE `gm_goods_ads` (
  `goods_ads_id` bigint(20) NOT NULL AUTO_INCREMENT COMMENT '广告位id',
  `pic_path` varchar(80) NOT NULL COMMENT '图片路径',
  `links` varchar(80) DEFAULT NULL COMMENT '外链',
  `sort` tinyint(2) DEFAULT '1' COMMENT '排序',
  `create_user` varchar(30) DEFAULT NULL COMMENT '创建人',
  `create_time` timestamp NULL DEFAULT CURRENT_TIMESTAMP COMMENT '创建时间',
  `update_user` varchar(30) DEFAULT NULL COMMENT '修改人',
  `update_time` timestamp NULL DEFAULT NULL COMMENT '修改时间',
  PRIMARY KEY (`goods_ads_id`)
) ENGINE=InnoDB AUTO_INCREMENT=4 DEFAULT CHARSET=utf8;

/*Data for the table `gm_goods_ads` */

insert  into `gm_goods_ads`(`goods_ads_id`,`pic_path`,`links`,`sort`,`create_user`,`create_time`,`update_user`,`update_time`) values (1,'http://cloudphoto.gome.com.cn/g1/M01/00/04/Cjo4S1YXYwWAQYTwAANVqeIKXEo341.png','http://www.gome.com',1,'1','2015-09-23 15:24:27','1','2015-09-23 15:24:30'),(2,'http://cloudphoto.gome.com.cn/g1/M01/00/04/Cjo4S1YXYwWAQYTwAANVqeIKXEo341.png','http://www.baidu.com',2,'2','2015-09-23 15:25:07',NULL,NULL),(3,'http://cloudphoto.gome.com.cn/g1/M01/00/04/Cjo4S1YXYwWAQYTwAANVqeIKXEo341.png','http://www.baidu.com',3,NULL,'2015-09-23 17:45:45',NULL,NULL);

/*Table structure for table `gm_itembase` */

DROP TABLE IF EXISTS `gm_itembase`;

CREATE TABLE `gm_itembase` (
  `ib_id` bigint(20) NOT NULL AUTO_INCREMENT COMMENT 'id',
  `goods_no` varchar(30) DEFAULT NULL COMMENT '商品编码',
  `goods_name` varchar(50) NOT NULL COMMENT '商品名称',
  `price` double DEFAULT NULL COMMENT '商品价格',
  `pic_path` varchar(80) DEFAULT NULL,
  `description` varchar(100) DEFAULT NULL COMMENT '商品描述',
  `status` tinyint(2) DEFAULT '1' COMMENT '状态0：关闭， 1：正常',
  `link_path` varchar(80) DEFAULT NULL COMMENT '链接路径',
  `category_id` bigint(20) DEFAULT NULL COMMENT '商品分类id',
  `create_user` varchar(30) DEFAULT NULL COMMENT '创建人',
  `update_user` varchar(30) DEFAULT NULL COMMENT '修改人',
  `create_time` timestamp NULL DEFAULT CURRENT_TIMESTAMP COMMENT '创建时间',
  `update_time` timestamp NULL DEFAULT NULL COMMENT '修改时间',
  PRIMARY KEY (`ib_id`)
) ENGINE=InnoDB AUTO_INCREMENT=47 DEFAULT CHARSET=utf8;

/*Data for the table `gm_itembase` */

insert  into `gm_itembase`(`ib_id`,`goods_no`,`goods_name`,`price`,`pic_path`,`description`,`status`,`link_path`,`category_id`,`create_user`,`update_user`,`create_time`,`update_time`) values (1,'123','几维控制中心',159,'http://apicloud.gome.com.cn/images/device_set/wifiController.jpg','几维KIWIK控制中心KC1智能家居中控系统wifi连接远程遥控无线扩展',2,'http://m.gome.com.cn/product-A0005298780-0-0-0.html',NULL,NULL,NULL,'2015-06-24 15:11:31',NULL),(2,'345','几维控制伴侣',99,'http://apicloud.gome.com.cn/images/device_set/redWith.jpg','几维智能家居控制中心搭档红外伴侣解决红外无法穿墙的困扰',2,'http://m.gome.com.cn/product-A0005322351-pop8006168608-0-0.html',NULL,NULL,NULL,'2015-06-24 15:12:20',NULL),(3,'3333','夏普',2799,'http://apicloud.gome.com.cn/images/device_set/xptv.jpg','夏普（SHARP）LCD-40V3A 40英寸 全高清 智能电视 内置WIFI',2,'http://m.gome.com.cn/product-9133531265-1122340147-0-0.html',NULL,NULL,NULL,'2015-06-05 23:50:34',NULL),(4,'4444','海尔电视',3499,'http://apicloud.gome.com.cn/images/device_set/hetv.jpg','海尔（Haier）LE55F3000W 55英寸彩电网络智能 节能LED（黑色）内置WIFI蓝光解码升级',2,'http://m.gome.com.cn/product-9128121515-1117090228-0-0.html',NULL,NULL,NULL,'2015-06-05 23:51:17',NULL),(5,'1111','海尔智能空调',2899,'http://cloudphoto.gome.com.cn/g1/M00/00/04/Cjo4S1YcrcyAFBTjAACVIHW8FI0654.png','海尔(Haier)KFR-35GW/03JMY23AU1(Q) 1.5匹智能除甲醛 APP控制壁挂式变频冷暖',3,'http://m.gome.com.cn/product-A0005422870-pop8006657262-1-0.html',3,NULL,NULL,'2015-10-13 23:46:35',NULL),(6,'2222','卫小宝儿童手表',459,'http://cloudphoto.gome.com.cn/g1/M01/00/04/Cjo4S1YcsDyAXLvFAAFB_v0lp-M946.png','双向通话 双模式精准定位',4,'http://m.gome.com.cn/product-9133712713-1122470331-1-0.html',4,NULL,NULL,'2015-10-13 23:47:13',NULL),(7,'5555','萨发智能手表m28白',288,'http://cloudphoto.gome.com.cn/g1/M00/00/04/Cjo4S1YcsSaAab9oAADs1cyO8rM228.png','自营 接听电话 专业级防水 内置计步器、海拔仪、温度计，居家',4,'http://m.gome.com.cn/product-9133895094-1122910420-1-0.html',4,NULL,NULL,'2015-10-13 22:51:29',NULL),(8,'6666','贝昂家用净化器',4699,'http://cloudphoto.gome.com.cn/g1/M01/00/04/Cjo4S1YcsYWAHTKyAAC1yYE3m78125.png','自营 贝昂家用空气净化器JY300 智能WIFI远程操控 无风机设计 静音无耗材',4,'http://m.gome.com.cn/product-9133252152-1122170153-1-0.html',4,NULL,NULL,'2015-10-13 21:52:03',NULL),(9,'7777','海尔双门冰箱',3399,'http://cloudphoto.gome.com.cn/g1/M00/00/04/Cjo4S1YcsciACjZtAAB60rP59BE994.png','自营 海尔（Haier）BCD-321WDJ 321升L定频 双门冰箱(银色) 时尚智能风冷全无霜',4,'http://m.gome.com.cn/product-9133023740-1121970236-1-0.html',4,NULL,NULL,'2015-10-13 20:52:16',NULL),(10,'8888','长虹智能电视',2749,'http://cloudphoto.gome.com.cn/g1/M01/00/04/Cjo4S1YcrtKAVHfDAADaypzsOeA660.png','长虹(CHANGHONG)50S1 50英寸 全高清 十二核 安卓4.4 智能电视 微信TV 内置WiFi',3,'http://m.gome.com.cn/product-9133892955-1122880043-1-0.html',3,NULL,NULL,'2015-10-13 22:52:40',NULL),(11,'9999','几维红外集中控制器',179,'http://cloudphoto.gome.com.cn/g1/M00/00/04/Cjo4S1Ycr56AH7EOAACOf84HM_0312.png','几维KIWIK控制中心KC1智能家居中控系统wifi连接远程遥控无线扩展',3,'http://m.gome.com.cn/product-A0005298780-pop8006050473-1-0.html',3,NULL,NULL,'2015-10-13 21:53:18',NULL),(14,'333333','飞利浦音响',1099,'http://apicloud.gome.com.cn/images/device_set/flpyx.jpg','飞利浦（PHILIPS）BTD2339/93 迷你音响 无线蓝牙音箱（黑色）',2,'http://m.gome.com.cn/product-9133497367-1122330254-0-0.html',NULL,NULL,NULL,'2015-06-05 23:55:13',NULL),(15,'444444','KOHO',1179,'http://apicloud.gome.com.cn/images/device_set/KOHO.jpg','KOHO KP90便携微型投影仪 家用投影机 高清家用投影仪 LED投影机 HDMI投影仪智能手机专配',2,'http://m.gome.com.cn/product-A0004446358-pop8003206293-0-0.html',NULL,NULL,NULL,'2015-06-05 23:59:47',NULL),(16,'8887','LifeSmart窗帘控制套装',1299,'http://cloudphoto.gome.com.cn/g1/M01/00/04/Cjo4S1Yu6quADmAqAAB8xTmd8JQ052.png','LifeSmart智能家居 窗帘控制套装',4,'http://m.gome.com.cn/product-A0005490048-pop8006922626-1-0.html',NULL,NULL,NULL,'2015-10-13 19:26:20',NULL),(41,NULL,'海尔空调KS1',0.99,'http://cloudphoto.gome.com.cn/g1/M01/00/08/Cjo4S1ZEZYaAfA9GAAAFdR7JihY426.jpg','描述点啥呢 1',1,'http://www.iciba.com/',16,'zsjtest2','zsjtest2','2015-11-12 18:08:26','2015-11-19 16:44:48'),(42,NULL,'zaj的测试商品名称zaj的测试',9999999.99,'http://cloudphoto.gome.com.cn/g1/M00/00/09/Cjo4S1ZNifqAY-FmAAAFdR7JihY383.jpg','',1,'http://gbm.ds.gome.com.cn/bugzilla/',16,'zsjtest2','zsjtest2','2015-11-19 16:36:12','2015-11-20 15:52:02'),(43,NULL,'们么么么么么么么么',1111111,'http://cloudphoto.gome.com.cn/g1/M00/00/09/Cjo4S1ZOleOAM615AACPphZt5hU582.jpg','',1,'https://www.baidu.com/',1,'admin','admin','2015-11-20 11:39:31','2015-11-20 13:23:29'),(44,NULL,'Koko',999999999,'http://cloudphoto.gome.com.cn/g1/M01/00/09/Cjo4S1ZOrHqAPdqxAACBeQKMcVs190.jpg','',1,'https://www.baidu.com',3,'admin','admin','2015-11-20 13:15:40','2015-11-20 13:15:40'),(45,NULL,'的地方规定',99999,'http://cloudphoto.gome.com.cn/g1/M00/00/09/Cjo4S1ZOrNaAap_cAACPphZt5hU243.jpg','',1,'https://www.baidu.com',1,'admin','admin','2015-11-20 13:17:11','2015-11-20 17:09:58'),(46,NULL,'kkkkkkkkkkk',888,'http://cloudphoto.gome.com.cn/g1/M00/00/09/Cjo4S1ZO25mAGtTsAACPphZt5hU869.jpg','',1,'http://jun1986.iteye.com/blog/1109603',1,'admin','admin','2015-11-20 16:36:41','2015-11-20 17:04:14');

/*Table structure for table `gm_itembase_category` */

DROP TABLE IF EXISTS `gm_itembase_category`;

CREATE TABLE `gm_itembase_category` (
  `id` bigint(20) NOT NULL AUTO_INCREMENT COMMENT '主键',
  `category_name` varchar(50) DEFAULT NULL COMMENT '商品类别名称',
  `status` int(1) DEFAULT NULL COMMENT '状态',
  `create_time` timestamp NOT NULL DEFAULT CURRENT_TIMESTAMP ON UPDATE CURRENT_TIMESTAMP COMMENT '创建时间',
  `create_user` varchar(50) DEFAULT NULL COMMENT '创建人',
  `update_time` timestamp NOT NULL DEFAULT '0000-00-00 00:00:00' COMMENT '修改时间',
  `update_user` varchar(50) DEFAULT NULL COMMENT '修改人',
  `remark` varchar(255) DEFAULT NULL COMMENT '备注',
  PRIMARY KEY (`id`)
) ENGINE=InnoDB AUTO_INCREMENT=19 DEFAULT CHARSET=utf8;

/*Data for the table `gm_itembase_category` */

insert  into `gm_itembase_category`(`id`,`category_name`,`status`,`create_time`,`create_user`,`update_time`,`update_user`,`remark`) values (1,'大家都说好',1,'2015-11-09 20:07:00','','2015-11-09 20:07:00','',NULL),(2,'最新入驻',0,'2015-11-09 20:09:01','','2015-11-09 20:09:01','',NULL),(3,'智能商店',1,'2015-11-09 20:09:36','','2015-11-09 20:09:36','',NULL),(4,'测试111',1,'2015-11-09 20:09:57','','2015-11-09 20:09:57','',NULL),(5,'测试222',1,'2015-11-09 20:10:06','','2015-11-09 20:10:06','',NULL),(7,'测试444',1,'2015-11-09 20:10:26','','2015-11-09 20:10:26','',NULL),(8,'测试555',1,'2015-11-09 20:10:42','','2015-11-09 20:10:42','',NULL),(9,'测试666',1,'2015-11-09 20:10:51','','2015-11-09 20:10:51','',NULL),(10,'ceshi777',1,'2015-11-09 20:11:03','','2015-11-09 20:11:03','',NULL),(14,'智能家居',1,'2015-11-12 11:23:27','admin','2015-11-12 11:23:27','admin',NULL),(16,'zsj测试01',1,'2015-11-12 18:00:50','zsjtest2','2015-11-12 18:00:50','zsjtest2',NULL),(17,'zsj测试02',1,'2015-11-12 18:01:06','zsjtest2','2015-11-12 18:01:06','zsjtest2',NULL),(18,'gfghfhg',1,'2015-11-20 17:08:48','admin','2015-11-20 17:08:48','admin',NULL);

/*Table structure for table `gm_log` */

DROP TABLE IF EXISTS `gm_log`;

CREATE TABLE `gm_log` (
  `log_id` bigint(20) NOT NULL AUTO_INCREMENT COMMENT '日志信息id',
  `user_id` bigint(20) NOT NULL COMMENT '操作用户id',
  `description` varchar(50) NOT NULL COMMENT '操作内容描述',
  `log_type` tinyint(2) NOT NULL COMMENT '日志类型',
  `create_time` timestamp NULL DEFAULT CURRENT_TIMESTAMP COMMENT '创建时间',
  `last_desc` varchar(50) DEFAULT NULL COMMENT '之前内容描述',
  PRIMARY KEY (`log_id`)
) ENGINE=InnoDB DEFAULT CHARSET=utf8;

/*Data for the table `gm_log` */

/*Table structure for table `gm_manager_func` */

DROP TABLE IF EXISTS `gm_manager_func`;

CREATE TABLE `gm_manager_func` (
  `func_id` bigint(20) NOT NULL AUTO_INCREMENT COMMENT '功能权限id',
  `func_name` varchar(64) NOT NULL COMMENT '功能权限名称',
  `func_url` varchar(64) NOT NULL COMMENT '功能权限url',
  `create_time` datetime NOT NULL COMMENT '创建时间',
  `update_time` datetime NOT NULL COMMENT '修改时间',
  `state` int(11) NOT NULL COMMENT '状态',
  `parent_id` bigint(20) NOT NULL COMMENT '功能父id，若没有填0',
  PRIMARY KEY (`func_id`)
) ENGINE=InnoDB AUTO_INCREMENT=37 DEFAULT CHARSET=utf8;

/*Data for the table `gm_manager_func` */

insert  into `gm_manager_func`(`func_id`,`func_name`,`func_url`,`create_time`,`update_time`,`state`,`parent_id`) values (0,'后台管理平台','http://www.123.com','2015-11-02 16:57:46','2015-11-25 16:57:57',0,-1),(1,'用户管理','http://wwww.123.com','2015-10-07 16:13:33','2015-10-07 16:13:33',0,0),(2,'用户列表','http://wwww.123.com','2015-10-07 16:13:33','2015-10-07 16:13:33',0,1),(3,'设备管理','http://wwww.123.com','2015-10-07 16:13:33','2015-10-07 16:13:33',0,0),(4,'设备类型列表','http://wwww.123.com','2015-10-07 16:13:33','2015-10-07 16:13:33',0,3),(5,'设备品牌列表','http://wwww.123.com','2015-10-07 16:13:33','2015-10-07 16:13:33',0,3),(6,'设备列表','http://wwww.123.com','2015-10-07 16:13:33','2015-10-07 16:13:33',0,3),(7,'商品管理','http://wwww.123.com','2015-10-07 16:13:33','2015-10-07 16:13:33',0,0),(8,'商品类别列表','http://wwww.123.com','2015-10-07 16:13:33','2015-10-07 16:13:33',0,7),(9,'商品列表','http://wwww.123.com','2015-10-07 16:13:33','2015-10-07 16:13:33',0,7),(10,'广告管理','http://wwww.123.com','2015-10-07 16:13:33','2015-10-07 16:13:33',0,0),(11,'频道列表','http://wwww.123.com','2015-10-07 16:13:33','2015-10-07 16:13:33',0,10),(12,'广告列表','http://wwww.123.com','2015-10-07 16:13:33','2015-10-07 16:13:33',0,10),(13,'主题管理','http://wwww.123.com','2015-10-07 16:13:33','2015-10-07 16:13:33',0,0),(14,'消息管理','http://wwww.123.com','2015-10-07 16:13:33','2015-10-07 16:13:33',0,0),(15,'消息列表','http://wwww.123.com','2015-10-07 16:13:33','2015-10-07 16:13:33',0,14),(16,'意见管理','http://wwww.123.com','2015-10-07 16:13:33','2015-10-07 16:13:33',0,0),(17,'意见列表','http://wwww.123.com','2015-10-07 16:13:33','2015-10-07 16:13:33',0,16),(18,'统计管理','http://wwww.123.com','2015-10-07 16:13:33','2015-10-07 16:13:33',0,0),(19,'用户统计','http://wwww.123.com','2015-10-07 16:13:33','2015-10-07 16:13:33',0,18),(20,'设备统计','http://wwww.123.com','2015-10-07 16:13:33','2015-10-07 16:13:33',0,18),(21,'商品统计','http://wwww.123.com','2015-10-07 16:13:33','2015-10-07 16:13:33',0,18),(22,'主题统计','http://wwww.123.com','2015-10-07 16:13:33','2015-10-07 16:13:33',0,18),(23,'权限管理','http://wwww.123.com','2015-10-07 16:13:33','2015-10-07 16:13:33',0,0),(24,'账号列表','http://wwww.123.com','2015-10-07 16:13:33','2015-10-07 16:13:33',0,23),(25,'角色列表','http://wwww.123.com','2015-10-07 16:13:33','2015-10-07 16:13:33',0,23),(26,'操作日志','http://wwww.123.com','2015-10-07 16:13:33','2015-10-07 16:13:33',0,0),(27,'日志列表','http://wwww.123.com','2015-10-07 16:13:33','2015-10-07 16:13:33',0,26),(29,'回收站','http://wwww.123.com','2015-11-09 17:26:28','2015-11-09 17:26:34',-1,0),(30,'用户列表(回收站)','http://wwww.123.com','2015-11-09 17:27:02','2015-11-09 17:27:04',-1,29),(31,'商品列表(回收站)','http://wwww.123.com','2015-11-09 17:27:44','2015-11-09 17:27:46',-1,29),(32,'账号列表(回收站)','http://wwww.123.com','2015-11-09 17:28:19','2015-11-09 17:28:21',-1,29),(33,'我的账号','http://wwww.123.com','2015-11-09 17:29:14','2015-11-09 17:29:15',-1,0),(34,'修改个人信息','http://wwww.123.com','2015-11-09 17:29:31','2015-11-09 17:29:33',-1,33),(35,'修改密码','http://wwww.123.com','2015-11-09 17:29:51','2015-11-09 17:29:53',-1,33),(36,'调换广告','http://wwww.123.com','2015-11-10 17:15:13','2015-11-10 17:15:15',-1,10);

/*Table structure for table `gm_manager_role` */

DROP TABLE IF EXISTS `gm_manager_role`;

CREATE TABLE `gm_manager_role` (
  `role_id` bigint(20) NOT NULL AUTO_INCREMENT COMMENT '角色id',
  `role_name` varchar(64) NOT NULL COMMENT '角色名称',
  `create_time` datetime NOT NULL COMMENT '创建时间',
  `update_time` datetime NOT NULL COMMENT '修改时间',
  `state` int(1) NOT NULL COMMENT '状态',
  `description` varchar(128) DEFAULT NULL COMMENT '角色描述',
  `operator_name` varchar(64) NOT NULL COMMENT '操作用户',
  PRIMARY KEY (`role_id`)
) ENGINE=InnoDB AUTO_INCREMENT=20 DEFAULT CHARSET=utf8;

/*Data for the table `gm_manager_role` */

insert  into `gm_manager_role`(`role_id`,`role_name`,`create_time`,`update_time`,`state`,`description`,`operator_name`) values (3,'超级管理员','2015-11-06 13:14:16','2015-11-13 17:34:40',0,'最高权限','admin'),(4,'普通管理员','2015-11-06 13:14:45','2015-11-11 17:27:32',0,'一般权限','zsjput1'),(5,'测试角色','2015-11-09 17:04:07','2015-11-09 17:04:31',-1,'测试角色 所有的角色','zsjtest'),(6,'测试角色1','2015-11-09 17:07:31','2015-11-20 17:03:12',0,'测试角色增加rrt','zsjtest2'),(17,'超级管理员_呵呵%[','2015-11-13 17:49:25','2015-11-13 17:49:57',0,'超级管理员呵呵','admin');

/*Table structure for table `gm_manager_role_func` */

DROP TABLE IF EXISTS `gm_manager_role_func`;

CREATE TABLE `gm_manager_role_func` (
  `id` bigint(20) NOT NULL AUTO_INCREMENT COMMENT '主键id',
  `role_id` bigint(20) NOT NULL COMMENT '角色id',
  `func_id` bigint(20) NOT NULL COMMENT '功能id',
  `func_parent_id` bigint(20) NOT NULL COMMENT '功能id父id',
  PRIMARY KEY (`id`)
) ENGINE=InnoDB AUTO_INCREMENT=740 DEFAULT CHARSET=utf8;

/*Data for the table `gm_manager_role_func` */

insert  into `gm_manager_role_func`(`id`,`role_id`,`func_id`,`func_parent_id`) values (82,5,16,0),(83,5,17,16),(84,5,18,0),(85,5,19,18),(86,5,20,18),(87,5,21,18),(88,5,22,18),(89,5,23,0),(90,5,24,23),(91,5,25,23),(92,5,26,0),(93,5,27,26),(94,5,14,0),(95,5,15,14),(96,5,13,0),(97,5,1,0),(98,5,2,1),(99,5,3,0),(100,5,4,3),(101,5,5,3),(102,5,6,3),(103,5,7,0),(104,5,8,7),(105,5,9,7),(157,7,33,0),(158,7,35,33),(159,7,34,33),(160,7,23,0),(161,7,24,23),(162,7,25,23),(163,7,1,0),(164,7,2,1),(165,8,0,0),(166,8,16,0),(167,8,17,16),(309,9,0,0),(310,9,33,0),(311,9,35,33),(312,9,34,33),(370,10,33,0),(371,10,35,33),(372,10,34,33),(373,10,23,0),(374,10,24,23),(375,10,25,23),(376,10,26,0),(377,10,27,26),(378,10,1,0),(379,10,2,1),(380,10,3,0),(381,10,4,3),(382,10,5,3),(383,10,6,3),(384,10,7,0),(385,10,8,7),(386,10,9,7),(387,10,10,0),(388,10,36,10),(389,10,11,10),(390,10,12,10),(391,10,13,0),(392,10,14,0),(393,10,15,14),(394,10,16,0),(395,10,17,16),(396,10,18,0),(397,10,22,18),(398,10,21,18),(399,10,20,18),(400,10,19,18),(435,12,0,0),(436,12,18,0),(437,12,19,18),(438,12,20,18),(439,12,21,18),(440,12,22,18),(441,12,23,0),(442,12,24,23),(443,12,25,23),(444,12,26,0),(445,12,27,26),(446,12,16,0),(447,12,17,16),(448,12,1,0),(449,12,2,1),(450,12,3,0),(451,12,4,3),(452,12,5,3),(453,12,6,3),(454,12,7,0),(455,12,8,7),(456,12,9,7),(457,12,10,0),(458,12,36,10),(459,12,11,10),(460,12,12,10),(461,12,13,0),(462,12,14,0),(463,12,15,14),(464,13,0,0),(465,13,18,0),(466,13,19,18),(467,13,20,18),(468,13,21,18),(469,13,22,18),(470,13,23,0),(471,13,24,23),(472,13,25,23),(473,13,26,0),(474,13,27,26),(475,13,16,0),(476,13,17,16),(477,13,1,0),(478,13,2,1),(479,13,3,0),(480,13,4,3),(481,13,5,3),(482,13,6,3),(483,13,7,0),(484,13,8,7),(485,13,9,7),(486,13,10,0),(487,13,36,10),(488,13,11,10),(489,13,12,10),(490,13,13,0),(491,13,14,0),(492,13,15,14),(493,14,0,0),(494,14,18,0),(495,14,19,18),(496,14,20,18),(497,14,21,18),(498,14,22,18),(499,14,23,0),(500,14,24,23),(501,14,25,23),(502,14,26,0),(503,14,27,26),(504,14,16,0),(505,14,17,16),(506,14,1,0),(507,14,2,1),(508,14,3,0),(509,14,4,3),(510,14,5,3),(511,14,6,3),(512,14,7,0),(513,14,8,7),(514,14,9,7),(515,14,10,0),(516,14,36,10),(517,14,11,10),(518,14,12,10),(519,14,13,0),(520,14,14,0),(521,14,15,14),(551,16,0,0),(552,16,14,0),(553,16,15,14),(582,3,18,0),(583,3,19,18),(584,3,20,18),(585,3,21,18),(586,3,22,18),(587,3,23,0),(588,3,24,23),(589,3,25,23),(590,3,26,0),(591,3,27,26),(592,3,16,0),(593,3,17,16),(594,3,1,0),(595,3,2,1),(596,3,3,0),(597,3,4,3),(598,3,5,3),(599,3,6,3),(600,3,7,0),(601,3,8,7),(602,3,9,7),(603,3,10,0),(604,3,36,10),(605,3,11,10),(606,3,12,10),(607,3,13,0),(608,3,14,0),(609,3,15,14),(613,17,14,0),(614,17,15,14),(615,18,0,0),(616,18,14,0),(617,18,15,14),(618,11,10,0),(619,11,11,10),(620,11,12,10),(703,19,16,0),(704,19,17,16),(705,19,23,0),(706,19,24,23),(707,19,25,23),(708,19,26,0),(709,19,27,26),(710,19,14,0),(711,19,15,14),(712,19,13,0),(713,19,1,0),(714,19,2,1),(715,19,3,0),(716,19,4,3),(717,19,5,3),(718,19,6,3),(719,19,7,0),(720,19,8,7),(721,19,9,7),(722,19,10,0),(723,19,11,10),(724,19,12,10),(734,6,23,0),(735,6,24,23),(736,6,25,23),(737,6,10,0),(738,6,11,10),(739,6,12,10);

/*Table structure for table `gm_manager_user` */

DROP TABLE IF EXISTS `gm_manager_user`;

CREATE TABLE `gm_manager_user` (
  `user_id` bigint(20) NOT NULL AUTO_INCREMENT COMMENT '用户id',
  `user_name` varchar(64) CHARACTER SET utf8 COLLATE utf8_bin NOT NULL COMMENT '账号',
  `passwd` varchar(64) NOT NULL COMMENT '密码',
  `real_name` varchar(64) CHARACTER SET utf8 COLLATE utf8_bin DEFAULT NULL COMMENT '真实姓名',
  `contact_way` varchar(64) CHARACTER SET utf8 COLLATE utf8_bin DEFAULT NULL COMMENT '联系方式',
  `state` int(1) NOT NULL COMMENT '状态',
  `head_path` varchar(128) CHARACTER SET utf8 COLLATE utf8_bin DEFAULT NULL COMMENT '用户头像',
  `create_time` datetime NOT NULL COMMENT '创建时间',
  `update_time` datetime NOT NULL COMMENT '修改时间',
  `operator_name` varchar(64) NOT NULL COMMENT '操作用户名称',
  PRIMARY KEY (`user_id`)
) ENGINE=InnoDB AUTO_INCREMENT=35 DEFAULT CHARSET=utf8;

/*Data for the table `gm_manager_user` */

insert  into `gm_manager_user`(`user_id`,`user_name`,`passwd`,`real_name`,`contact_way`,`state`,`head_path`,`create_time`,`update_time`,`operator_name`) values (20,'superAdmin','4fb80d509b24944f9db2834035b1adf9','superAdmin','15010106579',0,'http://cloudphoto.gome.com.cn/g1/M00/00/07/Cjo4S1Y8N9iANiuFAABMWwJn5m0559.png','2015-11-06 13:17:11','2015-11-06 13:17:11','admin'),(21,'admin','42817ca0ec1d22d5d6434de534b3139e','admin4444','15010106579',0,'http://cloudphoto.gome.com.cn/g1/M01/00/09/Cjo4S1ZSh9-AKOSpAAkVVGMybN8824.jpg','2015-11-06 13:17:49','2015-11-23 11:28:49','admin'),(23,'zsjtest1','4577a1e728f988ae0048e27a95236849','翟书君测试','13855961191',1,'http://cloudphoto.gome.com.cn/g1/M01/00/07/Cjo4S1ZBq4qAdnobAABgY0FQ5xg300.jpg','2015-11-09 16:49:36','2015-11-19 17:09:50','zsjtest2'),(25,'xiaozhang','77058a93dbcbb258b3c07079f7751b27','xioazhang','15010106579',1,'','2015-11-10 14:00:05','2015-11-19 15:20:32','admin'),(27,'zsjtest2','4577a1e728f988ae0048e27a95236849','翟书君测试','13855695847',0,'http://cloudphoto.gome.com.cn/g1/M00/00/07/Cjo4S1ZBrseAEiguAAAFdR7JihY913.jpg','2015-11-10 16:40:53','2015-11-19 17:02:53','zsjtest2'),(28,'zsjput1','4577a1e728f988ae0048e27a95236849','翟书君普通','13811960215',0,NULL,'2015-11-11 17:09:26','2015-11-12 17:32:12','zsjtest2'),(29,'xiaozhang3','f7c252b9c16b53b30d7a0b0f82b02437','xiaozhang3','15010106579',0,'http://cloudphoto.gome.com.cn/g1/M01/00/07/Cjo4S1ZDEu2AHObfAAiQfKHDaaQ525.jpg','2015-11-11 17:57:18','2015-11-11 18:05:37','xiaozhang3'),(30,'xiaozhang4','2baf41cf9cb4329baed40f3b31c240d6','xiaozhang4','15010106579',0,'http://cloudphoto.gome.com.cn/g1/M00/00/08/Cjo4S1ZDGzyAUac0AAASbnAJVio341.png','2015-11-11 18:06:03','2015-11-11 18:41:48','xiaozhang4'),(31,'xiaozhang5','cbfb1decac9e36f644d337382abf1c0c','xiaozhangw','15010106579',0,'http://cloudphoto.gome.com.cn/g1/M00/00/08/Cjo4S1ZFVGiAOyywAABMWwJn5m0395.png','2015-11-11 18:42:21','2015-11-16 14:12:53','xiaozhang3'),(32,'ceshi001','42817ca0ec1d22d5d6434de534b3139e','测试账号11111','15010106579',0,'http://cloudphoto.gome.com.cn/g1/M01/00/08/Cjo4S1ZEDxGAF8sFABngoqHM-2s319.jpg','2015-11-12 11:32:31','2015-11-12 12:01:41','ceshi001');

/*Table structure for table `gm_manager_user_role` */

DROP TABLE IF EXISTS `gm_manager_user_role`;

CREATE TABLE `gm_manager_user_role` (
  `id` bigint(20) NOT NULL AUTO_INCREMENT COMMENT '主键id',
  `user_id` bigint(20) NOT NULL COMMENT '用户id',
  `role_id` bigint(20) NOT NULL COMMENT '角色id',
  PRIMARY KEY (`id`)
) ENGINE=InnoDB AUTO_INCREMENT=81 DEFAULT CHARSET=utf8;

/*Data for the table `gm_manager_user_role` */

insert  into `gm_manager_user_role`(`id`,`user_id`,`role_id`) values (8,20,3),(12,21,3),(25,29,3),(26,30,3),(34,32,3),(59,28,6),(64,31,6),(68,27,3),(78,25,4),(79,23,3);

/*Table structure for table `gm_manager_user_token` */

DROP TABLE IF EXISTS `gm_manager_user_token`;

CREATE TABLE `gm_manager_user_token` (
  `id` bigint(20) NOT NULL AUTO_INCREMENT,
  `user_id` bigint(20) NOT NULL,
  `token` varchar(64) NOT NULL,
  `create_time` datetime DEFAULT NULL,
  PRIMARY KEY (`id`)
) ENGINE=InnoDB AUTO_INCREMENT=3 DEFAULT CHARSET=utf8;

/*Data for the table `gm_manager_user_token` */

insert  into `gm_manager_user_token`(`id`,`user_id`,`token`,`create_time`) values (2,21,'29e3687f-3e6e-4730-a4c1-a475c8185905','2015-11-23 14:50:40');

/*Table structure for table `gm_opinion` */

DROP TABLE IF EXISTS `gm_opinion`;

CREATE TABLE `gm_opinion` (
  `op_id` bigint(20) NOT NULL AUTO_INCREMENT COMMENT '意见id',
  `user_id` bigint(20) DEFAULT NULL COMMENT '用户id',
  `desc` varchar(200) NOT NULL COMMENT '描述',
  `status` tinyint(2) DEFAULT '1' COMMENT '状态1：正常，2：失效',
  `is_reply` tinyint(2) DEFAULT '0' COMMENT '是否回复，1：是，0：否',
  `reply_info` varchar(200) DEFAULT NULL COMMENT '回复信息',
  `create_user` varchar(30) DEFAULT NULL COMMENT '创建人',
  `update_user` varchar(30) DEFAULT NULL COMMENT '修改人',
  `create_time` timestamp NULL DEFAULT CURRENT_TIMESTAMP COMMENT '创建时间',
  `update_time` timestamp NULL DEFAULT NULL COMMENT '修改时间',
  PRIMARY KEY (`op_id`)
) ENGINE=InnoDB AUTO_INCREMENT=100 DEFAULT CHARSET=utf8;

/*Data for the table `gm_opinion` */

insert  into `gm_opinion`(`op_id`,`user_id`,`desc`,`status`,`is_reply`,`reply_info`,`create_user`,`update_user`,`create_time`,`update_time`) values (1,71467806844,'sveri2826geh',1,0,NULL,NULL,NULL,'2015-06-05 04:20:29',NULL),(2,71467806844,'dbejd',1,0,NULL,NULL,NULL,'2015-06-05 05:31:55',NULL),(3,71467806844,'ety',1,0,NULL,NULL,NULL,'2015-06-05 22:59:50',NULL),(4,71449407588,'季姬击鸡记？',1,0,NULL,NULL,NULL,'2015-06-06 07:17:21',NULL),(5,71467806844,'hv\"hb\n\"',1,0,NULL,NULL,NULL,'2015-06-10 23:48:49',NULL),(6,71458606787,'好啊',1,0,NULL,NULL,NULL,'2015-06-11 11:55:09',NULL),(7,47703851865,'地方刚看了下吃饱没看地方刚看了下吃饱没看地方刚看了下吃饱没看地方刚看了下吃饱没看',1,0,NULL,NULL,NULL,'2015-06-11 19:21:39',NULL),(8,47703851865,'23468( adv in HVDCethbvcvkkvxsstkk 23468( adv in HVDCethbvcvkkvxsstkkj j 23468( adv in HVDCethbvcvkkvxsstkkj 23468( adv in HVDCethbvcvkkvxsstkkj 23468( adv in HVDCethbvcvkkvxsstkkj 23468( adv in HVDC',1,0,NULL,NULL,NULL,'2015-06-15 19:10:29',NULL),(9,47703851865,'Thjv',1,0,NULL,NULL,NULL,'2015-06-18 17:52:32',NULL),(10,47703851865,'\nHe\n',1,0,NULL,NULL,NULL,'2015-06-18 17:56:31',NULL),(11,47703851865,'w',1,0,NULL,NULL,NULL,'2015-06-23 17:53:45',NULL),(12,72000183842,'支持的电器设备太少了，处力反馈应设置可取消，我不能与其他好友互动分享.',1,0,NULL,NULL,NULL,'2015-06-25 22:06:01',NULL),(13,72000183842,'返回键有时候不好用',1,0,NULL,NULL,NULL,'2015-06-25 22:11:39',NULL),(14,72000183842,'进入应用前加一些引导页会更好。',1,0,NULL,NULL,NULL,'2015-06-25 22:13:08',NULL),(15,71610405129,'超长字符2\n我默默我我默默我们我默默我们我默默我们我默默我们我默默我们我默默我们我默默我们我默默我们我默默我们我默默我们我默默我们我默默我们我默默我们我默默我们我默默我们我默默我们我默默我们我默默我们我默默我们我默默我们我默默我们我默默我们我默默我们我默默我们我默默我们我默默我们我默默我们我默默我们我默默我们我默默我们我默默我们我默默我们我默默我们我默默我们我默默我们我默默我们我默默我们我默默我们',1,0,NULL,NULL,NULL,'2015-06-30 16:49:04',NULL),(16,47703851865,'瑞蒂妮丝',1,0,NULL,NULL,NULL,'2015-07-02 20:32:01',NULL),(17,71610405129,'Gibbs',1,0,NULL,NULL,NULL,'2015-07-03 00:19:16',NULL),(18,47703851865,'反馈意见',1,0,NULL,NULL,NULL,'2015-07-03 13:20:21',NULL),(19,47703851865,'呵呵',1,0,NULL,NULL,NULL,'2015-07-03 15:07:29',NULL),(20,47703851865,'呵呵',1,0,NULL,NULL,NULL,'2015-07-03 15:07:29',NULL),(21,47703851865,'呵呵',1,0,NULL,NULL,NULL,'2015-07-03 15:07:29',NULL),(22,47703851865,'呵呵',1,0,NULL,NULL,NULL,'2015-07-03 15:07:29',NULL),(23,47703851865,'呵呵',1,0,NULL,NULL,NULL,'2015-07-03 15:07:29',NULL),(24,47703851865,'呵呵',1,0,NULL,NULL,NULL,'2015-07-03 15:07:29',NULL),(25,47703851865,'呵呵',1,0,NULL,NULL,NULL,'2015-07-03 17:04:32',NULL),(26,47703851865,'超级玛丽',1,0,NULL,NULL,NULL,'2015-07-03 19:18:47',NULL),(27,71605794680,'控制再简单点就好了',1,0,NULL,NULL,NULL,'2015-07-10 11:59:59',NULL),(28,55221258647,'订单号为7363569098商家承诺返现200元，但是至今没有兑现，我的联系方式13982823375',1,0,NULL,NULL,NULL,'2015-07-28 09:30:05',NULL),(29,72000331854,'考虑考虑',1,0,NULL,NULL,NULL,'2015-07-30 12:09:20',NULL),(30,71467806844,'多',1,0,NULL,NULL,NULL,'2015-07-30 12:10:13',NULL),(31,71601192654,'对解放军衣服年出版',1,0,NULL,NULL,NULL,'2015-07-30 12:16:03',NULL),(32,71467806844,'符合国家',1,0,NULL,NULL,NULL,'2015-07-30 15:56:06',NULL),(33,71467806844,'模糊',1,0,NULL,NULL,NULL,'2015-08-03 17:17:46',NULL),(34,71467806844,'ken',1,0,NULL,NULL,NULL,'2015-08-04 11:34:52',NULL),(35,71610405129,'⌛️',1,0,NULL,NULL,NULL,'2015-08-05 15:42:16',NULL),(36,71601192654,'⌛️',1,0,NULL,NULL,NULL,'2015-08-05 16:17:42',NULL),(37,71601192654,'TV',1,0,NULL,NULL,NULL,'2015-08-05 16:20:27',NULL),(38,71601192654,'HighHighHighHighHighHighHighHighHighHighHighHighHighHighHighHighHighHighHighHighHighHighHighHighHighHighHHighHighHighHighHighHighHighHighHighiHighHighHighHighHighHighHighHighHighHHighHighHighHighHighH',1,0,NULL,NULL,NULL,'2015-08-05 16:28:27',NULL),(39,71601192654,'SuikbvvhiklmbbSuikbvvhiklmbbSuikbvvhiklmb我问候被你会选择错误了SuikbvvhiklmbbSuikbvvhiklmbbSuikbvvhiklmb我问候被你会选择错误了SuikbvvhiklmbbSuikbvvhiklmbbSuikbvvhiklmb我问候被你会选择错误了SuikbvvhiklmbbSuikbvvhiklmbbSuikbvvhiklmb我问候',1,0,NULL,NULL,NULL,'2015-08-05 17:02:26',NULL),(40,71601192654,'SuikbvvhiklmbbSuikbvvhiklmbbSuikbvvhiklmb我问候被你会选择错误了SuikbvvhiklmbbSuikbvvhiklmbbSuikbvvhiklmb我问候SuikbvvhiklmbbSuikbvvhiklmbbSuikbvvhiklmb我问候被你会选择错误了SuikbvvhiklmbbSuikbvvhiklmbbSuikbvvhiklmb我问候Suikbvvh',1,0,NULL,NULL,NULL,'2015-08-05 17:38:39',NULL),(41,71449407588,'你地哦咯jzjxjdjsjxjxjsjjj您破功明明明明哦SOHO哦pop哦二心外婆过敏你地哦咯jzjxjdjsjxjxjsjjj您破功明明明明哦SOHO哦pop哦二心外婆过敏1234566你地哦咯jzjxjdjsjxjxjsjjj您破功明明明明哦SOHO哦pop哦二心外婆过敏你地哦咯jzjxjdjsjxjxjsjjj您破功明明明明哦SOHO哦pop哦二心外婆过敏1234566你地哦咯jzjxjd',1,0,NULL,NULL,NULL,'2015-08-05 17:39:49',NULL),(42,71467806844,'共和党很喜欢喜欢喜欢喜欢喜欢喜欢喜欢成本喜不喜欢下好大的霍华德还大喊大叫的决定共和党很喜欢喜欢喜欢喜欢喜欢喜欢喜欢成本喜不喜欢下好大的霍华德还大喊大叫的决定共和党很喜欢喜欢喜欢喜欢喜欢喜欢喜欢成本喜不喜欢下好大的霍华德还大喊大叫的决定共和党很喜欢喜欢喜欢喜欢喜欢喜欢喜欢成本喜不喜欢下好大的霍华德还大喊大叫的决定共和党很喜欢喜欢喜欢喜欢喜欢喜欢喜欢成本喜不喜欢下好大的霍华德还大喊大叫的决定共和党很。',1,0,NULL,NULL,NULL,'2015-08-05 18:15:14',NULL),(43,71467806844,'记得经济学家大家',1,0,NULL,NULL,NULL,'2015-08-06 11:05:11',NULL),(44,NULL,'阿狸',1,0,NULL,NULL,NULL,'2015-08-06 14:29:48',NULL),(45,NULL,'太无聊了',1,0,NULL,NULL,NULL,'2015-08-06 14:30:56',NULL),(46,71449407588,'xhdjjd',1,0,NULL,NULL,NULL,'2015-08-06 16:21:42',NULL),(47,NULL,'bnbbb',1,0,NULL,NULL,NULL,'2015-08-06 16:21:59',NULL),(48,71467806844,'Diff',1,0,NULL,NULL,NULL,'2015-08-06 16:25:01',NULL),(49,NULL,'巴黎',1,0,NULL,NULL,NULL,'2015-08-06 16:25:34',NULL),(50,NULL,'扣扣了',1,0,NULL,NULL,NULL,'2015-08-06 16:25:55',NULL),(51,71467806844,'Fghhh',1,0,NULL,NULL,NULL,'2015-08-06 16:26:10',NULL),(52,71601192654,'f',1,0,NULL,NULL,NULL,'2015-08-06 17:22:01',NULL),(53,71601192654,'g',1,0,NULL,NULL,NULL,'2015-08-06 17:22:08',NULL),(54,71467806844,'gjhhg',1,0,NULL,NULL,NULL,'2015-08-07 11:27:31',NULL),(55,71467806844,'啦啦',1,0,NULL,NULL,NULL,'2015-08-07 16:25:11',NULL),(56,71467806844,'Fuggh',1,0,NULL,NULL,NULL,'2015-08-07 16:46:52',NULL),(57,71467806844,'123',1,0,NULL,NULL,NULL,'2015-08-07 16:46:58',NULL),(58,71467806844,'Fuggh',1,0,NULL,NULL,NULL,'2015-08-07 16:48:04',NULL),(59,71467806844,'Fghhhhjjhhgh',1,0,NULL,NULL,NULL,'2015-08-07 16:55:45',NULL),(60,72001669827,'Ty',1,0,NULL,NULL,NULL,'2015-08-07 17:12:33',NULL),(61,70027955048,'路总好',1,0,NULL,NULL,NULL,'2015-08-07 23:39:49',NULL),(62,72000331854,'图图他在接受',1,0,NULL,NULL,NULL,'2015-08-10 10:21:04',NULL),(63,71467806844,'提醒你姓名哦',1,0,NULL,NULL,NULL,'2015-08-10 10:32:46',NULL),(64,71467806844,'咯',1,0,NULL,NULL,NULL,'2015-08-10 10:35:08',NULL),(65,NULL,'同俄计划咯哦',1,0,NULL,NULL,NULL,'2015-08-10 10:38:44',NULL),(66,NULL,'星期一名字殖民',1,0,NULL,NULL,NULL,'2015-08-10 10:38:58',NULL),(67,NULL,'Bdjdjdjddjdj',1,0,NULL,NULL,NULL,'2015-08-10 10:39:23',NULL),(68,NULL,'Fj ',1,0,NULL,NULL,NULL,'2015-08-10 10:40:12',NULL),(69,NULL,'Fghhh',1,0,NULL,NULL,NULL,'2015-08-10 10:59:39',NULL),(70,72001669827,'o',1,0,NULL,NULL,NULL,'2015-08-10 14:24:17',NULL),(71,72001669827,'yu',1,0,NULL,NULL,NULL,'2015-08-10 15:41:17',NULL),(72,71449407588,'］v他好@qq.com，－',1,0,NULL,NULL,NULL,'2015-08-10 15:43:04',NULL),(73,71449407588,'TUT',1,0,NULL,NULL,NULL,'2015-08-10 15:46:56',NULL),(74,NULL,'地oW@puq',1,0,NULL,NULL,NULL,'2015-08-10 15:53:06',NULL),(75,NULL,'hjj',1,0,NULL,NULL,NULL,'2015-08-11 15:12:14',NULL),(76,71601192654,'g h h n n m',1,0,NULL,NULL,NULL,'2015-08-11 21:14:11',NULL),(77,72001669827,'，被',1,0,NULL,NULL,NULL,'2015-08-12 15:05:22',NULL),(78,72001669827,'gujh',1,0,NULL,NULL,NULL,'2015-08-13 14:12:58',NULL),(79,72001669827,'ujh',1,0,NULL,NULL,NULL,'2015-08-13 14:22:27',NULL),(80,71601192654,'i',1,0,NULL,NULL,NULL,'2015-08-13 14:45:28',NULL),(81,71449407588,'djdhhdhdhxhdhhdhxjdjxjjxjd',1,0,NULL,NULL,NULL,'2015-08-13 15:08:24',NULL),(82,72001669827,'s',1,0,NULL,NULL,NULL,'2015-08-13 15:26:02',NULL),(83,71449407588,'百度',1,0,NULL,NULL,NULL,'2015-08-14 15:53:51',NULL),(84,47703851865,'qazwsx12234567890',1,0,NULL,NULL,NULL,'2015-08-14 17:02:41',NULL),(85,47703851865,'qazwsx12234567890',1,0,NULL,NULL,NULL,'2015-08-14 17:29:36',NULL),(86,47703851865,'qazwsx12234567890',1,0,NULL,NULL,NULL,'2015-08-14 17:30:31',NULL),(87,72001669827,'俄方',1,0,NULL,NULL,NULL,'2015-08-17 14:38:48',NULL),(88,71610405129,'iKay#hsjdjxi2cnj周一噢耶我晕目的路dry误解五哦咔咕哦哦昨天木带做哦求解脱你们iKay#hsjdjxi2cnj周一噢耶我晕目的路dry误解五哦咔咕哦哦昨天木带做哦求解脱你们iKay#hsjdjxi2cnj周一噢耶我晕目的路dry误解五哦咔咕哦哦昨天木带做哦求解脱你们iKay#hsjdjxi2cnj周一噢耶我晕目的路dry误解五哦咔咕哦哦昨天木带做哦求解脱你们iKa我#hsjdjxi',1,0,NULL,NULL,NULL,'2015-08-17 14:49:21',NULL),(89,NULL,'a',1,0,NULL,NULL,NULL,'2015-08-18 12:18:32',NULL),(90,72001669827,'咯',1,0,NULL,NULL,NULL,'2015-10-19 10:56:31',NULL),(91,72001669827,'客服',1,0,NULL,NULL,NULL,'2015-10-23 17:05:18',NULL),(92,72001669827,'您',1,0,NULL,NULL,NULL,'2015-10-26 09:58:14',NULL),(93,NULL,'好',1,0,NULL,NULL,NULL,'2015-10-29 11:22:28',NULL),(94,71605793752,'我二哥呵呵',1,0,NULL,NULL,NULL,'2015-10-29 11:54:48',NULL),(95,71601192654,'Him',1,0,NULL,NULL,NULL,'2015-10-29 14:05:59',NULL),(96,71601192654,'Cbfgjkl.         Hhm)$&',1,0,NULL,NULL,NULL,'2015-10-29 14:06:26',NULL),(97,NULL,'usks',1,0,NULL,NULL,NULL,'2015-10-29 16:25:30',NULL),(98,NULL,'YY',1,0,NULL,NULL,NULL,'2015-10-29 16:25:38',NULL),(99,72001669827,'可怜可怜啊',1,0,NULL,NULL,NULL,'2015-10-30 11:27:10',NULL);

/*Table structure for table `gm_params` */

DROP TABLE IF EXISTS `gm_params`;

CREATE TABLE `gm_params` (
  `id` bigint(12) NOT NULL AUTO_INCREMENT,
  `param_name` varchar(32) DEFAULT NULL COMMENT '变量名称',
  `param_code` bigint(12) DEFAULT NULL COMMENT '变量编码',
  `create_time` date DEFAULT NULL,
  `status` tinyint(2) DEFAULT '1' COMMENT '是否有效(0无效，1有效)',
  PRIMARY KEY (`id`)
) ENGINE=InnoDB AUTO_INCREMENT=16 DEFAULT CHARSET=utf8;

/*Data for the table `gm_params` */

insert  into `gm_params`(`id`,`param_name`,`param_code`,`create_time`,`status`) values (1,'频道',1,NULL,1),(2,'声音',2,NULL,1),(3,'颜色',3,NULL,1),(4,'音量控制',4,NULL,1),(5,'模式',5,NULL,1),(6,'是否扫风',6,NULL,1),(7,'风速级别设置',7,NULL,1),(8,'温度设置',8,NULL,1),(9,'风类设置',9,NULL,1),(10,'是否静音',10,NULL,1),(11,'是否摆头',11,NULL,1),(12,'投影比例',12,NULL,1),(13,'CD播放',13,NULL,1),(14,'开机时间',14,NULL,1),(15,'关机时间',15,NULL,1);

/*Table structure for table `gm_product` */

DROP TABLE IF EXISTS `gm_product`;

CREATE TABLE `gm_product` (
  `product_id` bigint(30) NOT NULL AUTO_INCREMENT,
  `product_uuid` varchar(255) DEFAULT NULL,
  `product_name` varchar(100) NOT NULL COMMENT '产品名称',
  `product_desc` varchar(300) DEFAULT NULL COMMENT '产品描述',
  `product_state` int(10) DEFAULT NULL COMMENT '0.发布 1.新建未审核 2.审核中 3.审核不通过',
  `category_id` bigint(30) NOT NULL DEFAULT '0' COMMENT '产品类型',
  `product_model` varchar(48) NOT NULL COMMENT '产品型号',
  `config_type` int(10) DEFAULT NULL COMMENT '设备类型(1.普通设备(不需要网关)2.网关设备 3.网关配件)',
  `config_type_code` int(10) DEFAULT NULL COMMENT '产品联网类型(wifi,3G,蓝牙)',
  `protocol_version` int(10) NOT NULL COMMENT '1.国美设备发现协议 2.远程设备发现协议 3.自有设备发现协议',
  `product_manual` varchar(255) DEFAULT NULL COMMENT '产品配置',
  `join_type` int(10) NOT NULL COMMENT '产品接入方式(1. 直连 2 云中转)',
  `pic_url` varchar(100) DEFAULT NULL COMMENT '产品图片',
  `product_secret` varchar(255) DEFAULT NULL COMMENT '产品秘钥',
  `create_user` bigint(30) DEFAULT NULL,
  `update_user` bigint(30) DEFAULT NULL,
  `create_time` timestamp NULL DEFAULT NULL,
  `update_time` timestamp NULL DEFAULT NULL,
  `device_category_id` int(10) DEFAULT NULL COMMENT '设备类型ID',
  `third_party` int(4) DEFAULT NULL COMMENT '第三方参数',
  `product_short_name` varchar(50) DEFAULT NULL COMMENT '精简名称',
  `purchase_now_url` varchar(100) DEFAULT NULL COMMENT '立即购买',
  PRIMARY KEY (`product_id`),
  UNIQUE KEY `index_product_id` (`product_id`),
  KEY `ref_product_user` (`create_user`),
  KEY `ref_product_category_id` (`category_id`),
  CONSTRAINT `ref_product_category_id` FOREIGN KEY (`category_id`) REFERENCES `gm_product_category` (`category_id`),
  CONSTRAINT `ref_product_user` FOREIGN KEY (`create_user`) REFERENCES `gm_account` (`account_id`)
) ENGINE=InnoDB AUTO_INCREMENT=50 DEFAULT CHARSET=utf8 COMMENT='InnoDB free: 9216 kB; (`create_user`) REFER `gmsc/gm_account';

/*Data for the table `gm_product` */

insert  into `gm_product`(`product_id`,`product_uuid`,`product_name`,`product_desc`,`product_state`,`category_id`,`product_model`,`config_type`,`config_type_code`,`protocol_version`,`product_manual`,`join_type`,`pic_url`,`product_secret`,`create_user`,`update_user`,`create_time`,`update_time`,`device_category_id`,`third_party`,`product_short_name`,`purchase_now_url`) values (20,'XWQ6NA','222',NULL,2,1,'A1',2,1,1,NULL,2,'http://cloudphoto.gome.com.cn/g1/M01/00/01/Cjo4S1XKr-CAALfEAAAVZLhtoLI602.jpg','8zUMLoyMZYuqZhPnawflQBzaDEbXUr7bbA4ohsXvN30YQ5pl',1,1,'2015-08-10 16:27:01',NULL,2,1,NULL,NULL),(21,'3XQKAR','888',NULL,2,1,'99999',2,1,1,NULL,2,'http://cloudphoto.gome.com.cn/g1/M01/00/01/Cjo4S1XKr-CAALfEAAAVZLhtoLI602.jpg','onsa8W15uBRh3n7Xkj2HGjv4PWJ1uuzk5Uy6ezKnRsrKKw8A',1,1,'2015-08-10 16:27:37',NULL,2,1,NULL,NULL),(23,'5JPMV5','ssss',NULL,2,1,'sss',2,1,1,NULL,2,'http://cloudphoto.gome.com.cn/g1/M01/00/01/Cjo4S1XKr-CAALfEAAAVZLhtoLI602.jpg','Va3os6blMXE9Zoxf0IM9QyQx8yvtPACoIiKTT5WkC6GqNi9h',1,1,'2015-08-10 16:33:02',NULL,2,1,NULL,NULL),(24,'N4KF3A','kajgs',NULL,2,1,'333',2,1,1,NULL,2,'http://cloudphoto.gome.com.cn/g1/M01/00/01/Cjo4S1XKr-CAALfEAAAVZLhtoLI602.jpg','I8ST87y0L8nvLYOV85a6eTosiej5LZeGdsRhmHYocfAyGmxl',1,1,'2015-08-10 16:33:41',NULL,2,1,NULL,NULL),(25,'NQUYMR','yujian1','',2,1,'2',2,1,1,NULL,2,'http://cloudphoto.gome.com.cn/g1/M01/00/01/Cjo4S1XKr-CAALfEAAAVZLhtoLI602.jpg','PjtaYAykqn1VSYgRBCXTQ9Rl6JWbGnO5EHHwG3nmQgBLWcQy',1,1,'2015-08-10 16:45:52',NULL,2,1,NULL,NULL),(26,'86RFHW','遥控','额鹅鹅鹅',2,1,'33',2,1,1,NULL,2,'http://cloudphoto.gome.com.cn/g1/M01/00/01/Cjo4S1XKr-CAALfEAAAVZLhtoLI602.jpg','iewybc4yrJh9wGkTlUVdfMrgdiBMkiRhem2NlEK1U70UArtQ',1,1,'2015-08-12 10:13:25',NULL,2,1,NULL,NULL),(27,'EGSHS3','cs123','ssss',1,1,'cs123',1,1,1,NULL,2,'http://cloudphoto.gome.com.cn/g1/M00/00/01/Cjo4S1XNUlKAQaQyAACQ3ck4Fqw016.jpg','X49tgy2OCgUV44J1D0Kbr2kdENEOtFMVkrr5qXNiZMwd25qq',NULL,NULL,'2015-08-14 10:27:32',NULL,2,1,NULL,NULL),(28,'H7SXC8','cscsc',NULL,1,1,'scsc',1,1,1,NULL,1,'http://cloudphoto.gome.com.cn/g1/M00/00/01/Cjo4S1XNUlKAQaQyAACQ3ck4Fqw016.jpg','ThPqvuKAkFc4POVEY2odVSWgbKoqsM87ZU7kI1bHM0NSgLMx',2,NULL,'2015-08-27 17:21:37',NULL,2,1,NULL,NULL),(29,'WWBF8M','海尔（Haier）KFR-35GW/09RQA23AU1 1.5匹 壁挂式无氟变频智能空调（超薄）','智能一键操控，为便捷而生',0,4,'sdfds',1,1,1,NULL,1,'http://cloudphoto.gome.com.cn/g1/M00/00/05/Cjo4S1YwjgyAXgkEAACRPoOQTdA519.png','SEznvMLRMCdEMcbAZ9WpU3Gv3BX2ErXaPbjUlhYnfV8rRdB1',2,NULL,'2015-09-07 15:25:33',NULL,4,1,'海尔KFR-35GW',NULL),(30,'2VDF3F','几维KIWIK控制中心KC1智能家居中控系统wifi连接远程遥控无线扩展','一键远程控制传统家电',0,1,'1',1,1,1,NULL,1,'http://cloudphoto.gome.com.cn/g1/M01/00/04/Cjo4S1YvG46AaGv6AADjZDdDAnE951.png','ot47pPZ1n4kYYFFjfUp2pubc2aiVNbHQTXdzDcweSc4SWCeL',2,NULL,'2015-09-02 15:54:54',NULL,2,1,'几维KC1',NULL),(34,'ARB3P3','海尔（Haier）KFR-35GW/01QMY22A 1.5匹 壁挂式变频智能冷暖空调 ','智能检测，即便您不在家也可远控',0,4,'A1',1,1,1,NULL,1,'http://cloudphoto.gome.com.cn/g1/M00/00/04/Cjo4S1YvG1aAG1gaAABT6Nh01gE867.png','AkBV9QDqGnWfymAjpqpJa9Yexxlks4fQkBw2660IylPSRHKc',57,NULL,'2015-10-14 14:04:27',NULL,4,1,'海尔KFR-35GW',NULL),(35,'XINRIT','product001','product001介绍',1,4,'001',1,1,1,NULL,1,'http://cloudphoto.gome.com.cn/g1/M01/00/04/Cjo4S1YkULGANv7nAAAswfrEwQ8110.png','eLTNEEecPXc8jBNvh5TBmNKnjCNqGRFiOQO55DyNkbtxtn9l',59,NULL,'2015-10-19 10:07:33',NULL,NULL,1,NULL,NULL),(36,'IYAF8J','cs',NULL,2,1,'cs',1,1,1,NULL,1,NULL,'gNwrbBvvjvgvkQuB3vllv186SRw2SePRRZBHhOmUyjBvla3H',40,NULL,'2015-10-19 10:44:57',NULL,NULL,1,NULL,NULL),(37,'KUU5P3','空调',NULL,1,1,'B2',2,1,1,NULL,1,NULL,'j8xkoCfvBLclcYmllcfuCkdmWQTRHtjvzp75R6P2tZDYPoFL',24,NULL,'2015-10-19 15:53:35',NULL,NULL,1,NULL,NULL),(38,'SQEMUW','空调2',NULL,1,1,'A1',2,1,1,NULL,1,NULL,'InI2CTKcXFZSpBt3PvPHbJrMlm6MxpNL2agaFELqUzyPb8xy',24,NULL,'2015-10-19 15:54:40',NULL,NULL,1,NULL,NULL),(39,'ZM9XXX','空调3',NULL,1,1,'v2',2,1,1,NULL,1,NULL,'oGCFdAuaSvV9eDEhFUBMSQ1bJentGIa7D4YPvL9Yrdw7DkdM',24,NULL,'2015-10-19 16:33:02',NULL,NULL,1,NULL,NULL),(40,'B3Y22U','kongtiao1',NULL,1,1,'f2',2,1,1,NULL,1,NULL,'2i4IUzQtNhyLeHuLs6gEHwufIn7Fd01iLNhbAJWVidkS3bu9',24,NULL,'2015-10-19 16:38:43',NULL,NULL,1,NULL,NULL),(41,'KACZ9P','pro000000000000000000000000000000001','',1,4,'pro00000000000000001',1,1,1,NULL,1,NULL,'CuaAzYfabRhhJOLBYAg79K7H1Q1NMCEPqMpG4IipuHxE4mvP',59,NULL,'2015-10-19 18:26:03',NULL,NULL,1,NULL,NULL),(42,'K8KU8F','pr0','aa',1,4,'0',1,1,1,NULL,1,NULL,'K0Wrm0jdrAN67LriLSxgrcfYEMJRo6f7RgSAu8mANzMHo4aA',59,NULL,'2015-10-19 18:27:49',NULL,NULL,1,NULL,NULL),(43,'9CQCUF','dsfsdfs',NULL,1,2,'dfsd',1,1,1,NULL,1,NULL,'qTmJqf6hAdi0jts6o9Mf9PcFMc23NJFpi3i9jsbjJDyvxpIx',69,NULL,'2015-10-20 10:14:37',NULL,NULL,1,NULL,NULL),(44,'TMZBZE','Pro001','描述001',1,4,'model01',1,1,1,NULL,1,'http://cloudphoto.gome.com.cn/g1/M01/00/04/Cjo4S1YlujWAZRjiAAOaRNhYozI233.jpg','Fi0I0ubOm1vyNkeAK336x9V9SD5MlU1MjGglHHuSOVncLheS',60,NULL,'2015-10-20 11:50:45',NULL,NULL,1,NULL,NULL),(45,'4KNQJV','产品001',NULL,1,1,'型号01',1,2,1,NULL,1,NULL,'CLY7o5UDQTBrapoBPXtdMrYIPDYsksxLVtbAAHVSPTLKkPvW',60,NULL,'2015-10-20 12:00:36',NULL,NULL,1,NULL,NULL),(46,'4WNKD8','品牌产01',NULL,1,1,'型号',2,1,1,NULL,1,NULL,'byp9Vh7GNKtOWMZxgQgW4fRXTQZf5yD1qNyDsBEQZe6kVzuD',60,NULL,'2015-10-20 12:01:21',NULL,NULL,1,NULL,NULL),(47,'DQTNFU','chanpin1',NULL,1,1,'a1',1,1,1,NULL,1,NULL,'5m3HCYZuXsVvrLMyjDMpea05YdNKZenqjlylMEZBSbVNy3P4',59,NULL,'2015-10-20 12:10:31',NULL,NULL,1,NULL,NULL),(48,'GGBM5G','用户2的产品01',NULL,2,3,'型号01',1,1,1,NULL,1,NULL,'Eb9NsiyCaoQO0LCA7qtxedmh9Gp2YsZr0huGhjFU4ML69iIH',61,NULL,'2015-10-20 13:53:19',NULL,NULL,1,NULL,NULL),(49,'PFV4SI','33','333333',2,2,'3',2,2,1,NULL,1,'http://cloudphoto.gome.com.cn/g1/M00/00/07/Cjo4S1ZBr3KAS94YAAvea_OGt2M587.jpg','EQ7x6ZTjqUupBChwL4tfLO2PBB9DB3lWUu7tHPUdIYqq9Kwp',90,NULL,'2015-11-10 16:48:38',NULL,NULL,NULL,NULL,NULL);

/*Table structure for table `gm_product_category` */

DROP TABLE IF EXISTS `gm_product_category`;

CREATE TABLE `gm_product_category` (
  `category_id` bigint(30) NOT NULL AUTO_INCREMENT,
  `category_name` varchar(50) NOT NULL COMMENT '分类名称',
  `category_level` int(10) NOT NULL COMMENT '分类等级',
  `parent_id` bigint(30) NOT NULL COMMENT '分类上级ID',
  `category_state` int(10) DEFAULT NULL,
  `create_user` bigint(30) DEFAULT NULL,
  `update_user` bigint(30) DEFAULT NULL,
  `create_time` timestamp NULL DEFAULT NULL,
  `update_time` timestamp NULL DEFAULT NULL,
  PRIMARY KEY (`category_id`),
  UNIQUE KEY `index_category_id` (`category_id`)
) ENGINE=InnoDB AUTO_INCREMENT=5 DEFAULT CHARSET=utf8;

/*Data for the table `gm_product_category` */

insert  into `gm_product_category`(`category_id`,`category_name`,`category_level`,`parent_id`,`category_state`,`create_user`,`update_user`,`create_time`,`update_time`) values (1,'智能家居',1,0,1,1,1,'2015-08-17 16:09:52','2015-08-17 16:09:54'),(2,'健康生活',1,0,1,1,1,'2015-08-17 16:10:21','2015-08-17 16:10:23'),(3,'汽车服务',1,0,1,1,1,'2015-08-17 16:10:52','2015-08-17 16:10:53'),(4,'家电类',2,1,1,1,1,'2015-08-21 14:26:29','2015-08-21 14:26:32');

/*Table structure for table `gm_product_device` */

DROP TABLE IF EXISTS `gm_product_device`;

CREATE TABLE `gm_product_device` (
  `id` bigint(30) NOT NULL AUTO_INCREMENT,
  `device_id` varchar(100) NOT NULL COMMENT '设备ID 同一产品中必须唯一',
  `product_id` bigint(30) DEFAULT NULL COMMENT '产品ID',
  `access_key` varchar(255) DEFAULT NULL COMMENT '设备操作权限码',
  `device_key` varchar(255) DEFAULT NULL COMMENT '设备在云端的id',
  `device_state` int(10) DEFAULT '0' COMMENT '设备状态  1.激活',
  `create_time` timestamp NULL DEFAULT NULL,
  `update_time` timestamp NULL DEFAULT NULL,
  `user_id` bigint(30) DEFAULT NULL,
  PRIMARY KEY (`id`),
  KEY `ref_device_product_id` (`product_id`),
  CONSTRAINT `ref_device_product_id` FOREIGN KEY (`product_id`) REFERENCES `gm_product` (`product_id`)
) ENGINE=InnoDB DEFAULT CHARSET=utf8;

/*Data for the table `gm_product_device` */

/*Table structure for table `gm_product_rule` */

DROP TABLE IF EXISTS `gm_product_rule`;

CREATE TABLE `gm_product_rule` (
  `rule_id` bigint(30) NOT NULL AUTO_INCREMENT,
  `rule_name` varchar(50) DEFAULT NULL,
  `rule_type` int(10) DEFAULT NULL COMMENT '推送类型(1.通知 2.报警)',
  `vaild_time` int(10) DEFAULT NULL COMMENT '规则时效(1:1小时 2:1天 3:1周)',
  `context` varchar(255) DEFAULT NULL COMMENT '推送内容',
  `create_time` timestamp NULL DEFAULT NULL,
  `update_time` timestamp NULL DEFAULT NULL,
  `product_id` bigint(30) DEFAULT NULL,
  PRIMARY KEY (`rule_id`),
  KEY `index_rule_id` (`rule_id`),
  KEY `rule_ref_peoduct_id` (`product_id`),
  CONSTRAINT `rule_ref_peoduct_id` FOREIGN KEY (`product_id`) REFERENCES `gm_product` (`product_id`)
) ENGINE=InnoDB DEFAULT CHARSET=utf8;

/*Data for the table `gm_product_rule` */

/*Table structure for table `gm_product_stream` */

DROP TABLE IF EXISTS `gm_product_stream`;

CREATE TABLE `gm_product_stream` (
  `id` bigint(30) NOT NULL AUTO_INCREMENT,
  `stream_id` varchar(255) DEFAULT NULL,
  `stream_type` int(10) DEFAULT NULL COMMENT 'stream的类型，0代表“控制型”流，1代表“感知型”流',
  `stream_name` varchar(50) DEFAULT NULL COMMENT '参数名称',
  `unit_name` varchar(255) DEFAULT NULL COMMENT '单位名称',
  `unit_sign` varchar(255) DEFAULT NULL COMMENT '单位符号',
  `para_type` int(10) DEFAULT NULL COMMENT '参数类型(1:int 2:float 3:string)',
  `para_max` varchar(20) DEFAULT '' COMMENT '参数的最大值',
  `para_min` varchar(20) DEFAULT '' COMMENT '参数的最小值',
  `control_type` int(10) DEFAULT NULL COMMENT '可控(可控”1：可控 0：不可控，表示您的参数可以被控制，如：“开关”；“不可控”表示您的参数不可被控制，如：“PM2.5”；)',
  `product_id` bigint(30) NOT NULL,
  `create_time` timestamp NULL DEFAULT NULL,
  `update_time` timestamp NULL DEFAULT NULL,
  `del_flag` int(10) DEFAULT NULL,
  PRIMARY KEY (`id`),
  KEY `ref_product_id` (`product_id`)
) ENGINE=InnoDB AUTO_INCREMENT=99 DEFAULT CHARSET=utf8;

/*Data for the table `gm_product_stream` */

insert  into `gm_product_stream`(`id`,`stream_id`,`stream_type`,`stream_name`,`unit_name`,`unit_sign`,`para_type`,`para_max`,`para_min`,`control_type`,`product_id`,`create_time`,`update_time`,`del_flag`) values (2,'str2',NULL,'str3','','请输入参数的单位符号，如：°C',2,'','',1,2,'2015-09-06 22:44:26',NULL,NULL),(3,'123',NULL,'温度控制','摄氏度','C',1,'','',0,4,'2015-09-06 22:55:06',NULL,NULL),(4,'12_1',NULL,'3的参数','气温','C',3,'','',0,3,'2015-09-06 23:03:19',NULL,NULL),(8,'str1',NULL,'str1-n','','请输入参数的单位符号，如：°C',1,'3','1',1,9,'2015-09-07 02:03:56',NULL,NULL),(9,'str2',NULL,'str2-1','a','请输入参数的单位符号，如：°C',1,'','',1,9,'2015-09-07 02:04:24',NULL,NULL),(10,'a',NULL,'a1','','请输入参数的单位符号，如：°C',1,'','',1,9,'2015-09-07 02:05:33',NULL,NULL),(11,'a3',NULL,'a3e','','请输入参数的单位符号，如：°C',1,'','',1,9,'2015-09-07 02:05:47',NULL,NULL),(12,'12',NULL,'12','1212','12',1,'','',1,15,'2015-09-07 03:29:14',NULL,NULL),(13,'at',NULL,'at','','',2,'5','1',1,12,'2015-09-07 03:41:55',NULL,NULL),(14,'power',NULL,'开关机','','',3,'','',1,29,'2015-09-13 22:57:46',NULL,NULL),(15,'wind',NULL,'新风状态','','',3,'','',1,29,'2015-09-13 23:01:53',NULL,NULL),(16,'anion',NULL,'健康状态','','',3,'','',1,29,'2015-09-13 23:04:48',NULL,NULL),(17,'electricHeating',NULL,'电加热','','',3,'','',1,29,'2015-09-13 23:05:32',NULL,NULL),(18,'humidify',NULL,'加湿','','',3,'','',1,29,'2015-09-13 23:06:35',NULL,NULL),(19,'elock',NULL,'电子锁','','',3,'','',1,29,'2015-09-13 23:07:14',NULL,NULL),(20,'selfCleaning',NULL,'自清扫','','',3,'','',1,29,'2015-09-13 23:07:59',NULL,NULL),(21,'beep',NULL,'蜂鸣器响','','',3,'','',1,29,'2015-09-13 23:09:33',NULL,NULL),(22,'sleepCurve',NULL,'睡眠曲线','','',3,'','',1,29,'2015-09-13 23:11:16',NULL,NULL),(23,'mode',NULL,'设定模式','','',3,'','',1,29,'2015-09-13 23:15:37',NULL,NULL),(24,'temperature',NULL,'设定温度','摄氏度','°C',1,'30','16',1,29,'2015-09-13 23:18:16',NULL,NULL),(25,'windSpeed',NULL,'设定风速','','',3,'','',1,29,'2015-09-13 23:20:34',NULL,NULL),(26,'humidity',NULL,'设定湿度','','',2,'100','0',1,29,'2015-09-13 23:23:38',NULL,NULL),(27,'humanSenseMode',NULL,'设定感人模式','','',3,'','',1,29,'2015-09-13 23:24:42',NULL,NULL),(28,'verticalWindMode',NULL,'设定上下摆风','','',3,'','',1,29,'2015-09-13 23:26:34',NULL,NULL),(29,'horizontalWindMode',NULL,'设定左右摆风','','',3,'','',1,29,'2015-09-13 23:27:36',NULL,NULL),(30,'airQualityStatus',NULL,'空气质量','','',3,'','',0,29,'2015-09-13 23:28:52',NULL,NULL),(31,'forceRemoveStatus',NULL,'强制删除','','',3,'','',1,29,'2015-09-13 23:30:04',NULL,NULL),(32,'indoorTemperatureValue',NULL,'室内环境温度','摄氏度','°C',1,'55','0',0,29,'2015-09-13 23:33:01',NULL,NULL),(33,'indoorHumidityValue',NULL,'室内环境湿度','','',2,'100','0',0,29,'2015-09-13 23:34:10',NULL,NULL),(34,'outdoorTemperatureValue',NULL,'室外环境温度','摄氏度','°C',1,'60','-30',0,29,'2015-09-13 23:35:41',NULL,NULL),(35,'runningPowerValue',NULL,'功率','瓦','w',1,'99','0',0,29,'2015-09-13 23:36:56',NULL,NULL),(36,'d',NULL,'d-1','请输入参数的单位名称，如：摄氏度','请输入参数的单位符号，如：°C',1,'','',1,20,'2015-09-28 04:08:44',NULL,NULL),(38,'01',NULL,'参数','摄氏度','C',2,'30','16',0,22,'2015-09-28 04:30:52',NULL,NULL),(96,'stream001',NULL,'stream_name','','',1,'','',1,35,'2015-10-19 18:09:58',NULL,NULL),(97,'SYS01',NULL,'参数001','摄氏度','C',1,'','',0,44,'2015-10-20 11:51:59',NULL,NULL),(98,'sys02',NULL,'名称02','PM','',2,'20000','0',0,44,'2015-10-20 12:05:04',NULL,NULL);

/*Table structure for table `gm_rule_info` */

DROP TABLE IF EXISTS `gm_rule_info`;

CREATE TABLE `gm_rule_info` (
  `id` bigint(30) NOT NULL,
  `rule_type` int(10) DEFAULT NULL COMMENT '条件 (1:=,2:<, 3:>) "温度"参数，你可以设置"温度"参数大于"35°C"时，推送消息',
  `stream_info_id` bigint(30) DEFAULT NULL,
  `rule_id` bigint(30) DEFAULT NULL,
  PRIMARY KEY (`id`),
  KEY `index_id` (`id`),
  KEY `ref_stream_info_id` (`stream_info_id`),
  KEY `ref_rule_rule_id` (`rule_id`),
  CONSTRAINT `ref_rule_rule_id` FOREIGN KEY (`rule_id`) REFERENCES `gm_product_rule` (`rule_id`),
  CONSTRAINT `ref_stream_info_id` FOREIGN KEY (`stream_info_id`) REFERENCES `gm_stream_info` (`id`)
) ENGINE=InnoDB DEFAULT CHARSET=utf8;

/*Data for the table `gm_rule_info` */

/*Table structure for table `gm_scene` */

DROP TABLE IF EXISTS `gm_scene`;

CREATE TABLE `gm_scene` (
  `scene_id` bigint(20) NOT NULL AUTO_INCREMENT COMMENT '场景id',
  `description` varchar(100) DEFAULT NULL COMMENT '描述',
  `status` tinyint(2) NOT NULL COMMENT '场景状态1:正常,0:失效',
  `create_time` timestamp NULL DEFAULT CURRENT_TIMESTAMP COMMENT '创建时间',
  `update_time` timestamp NULL DEFAULT NULL COMMENT '修改时间',
  `create_user` varchar(30) DEFAULT NULL COMMENT '创建人',
  `update_user` varchar(30) DEFAULT NULL COMMENT '修改人',
  `pic_path` varchar(100) DEFAULT NULL COMMENT '图片路径',
  `scene_name` varchar(30) DEFAULT NULL COMMENT '场景名称',
  PRIMARY KEY (`scene_id`)
) ENGINE=InnoDB AUTO_INCREMENT=8 DEFAULT CHARSET=utf8;

/*Data for the table `gm_scene` */

insert  into `gm_scene`(`scene_id`,`description`,`status`,`create_time`,`update_time`,`create_user`,`update_user`,`pic_path`,`scene_name`) values (1,'刚从睡梦中醒来，享受着屋内清新的空气和舒适的温度，伴随着一首老歌睁开慵懒的双眼，电视上已经在播放喜爱的节目……',1,NULL,NULL,'anguangcan',NULL,'http://apicloud.gome.com.cn/images/scene/bigcup_3x.png','慵懒早上'),(2,'结束了一天的忙碌，回到温度适宜的家中，与家人一起欣赏精彩的电视节目，缓解一天的疲惫。',1,NULL,NULL,'anguangcan',NULL,'http://apicloud.gome.com.cn/images/scene/bigmoon_3x.png','舒心晚安'),(3,'娱乐闲暇，听一首好听的歌曲，看一部感人的电影，拍一张美丽的照片，记录下幸福的瞬间。',1,NULL,NULL,'anguangcan',NULL,'http://apicloud.gome.com.cn/images/scene/bighappy_3x.png','休闲时光'),(4,'观赏电影大片带来的精致感受，享受美好的欢乐时光。',1,'2015-06-02 05:19:13',NULL,NULL,NULL,'http://apicloud.gome.com.cn/images/scene/bigfilm_3x.png','欢乐影院'),(5,'窝在沙发，舒服地沉浸在每日剧院所带来的温馨与浪漫。',1,'2015-06-02 05:19:22',NULL,NULL,NULL,'http://apicloud.gome.com.cn/images/scene/big-pmjc.png','泡沫剧场'),(6,'躲避外界的喧闹，只为家中音乐所带来的片刻安宁。',1,'2015-06-02 05:19:29',NULL,NULL,NULL,'http://apicloud.gome.com.cn/images/scene/big-lssy.png','留声岁月'),(7,'让你的身体更加放松，享受家中的清凉与畅快。',1,'2015-06-02 05:21:15',NULL,NULL,NULL,'http://apicloud.gome.com.cn/images/scene/big-sssg.png','舒适时光');

/*Table structure for table `gm_scene_detail` */

DROP TABLE IF EXISTS `gm_scene_detail`;

CREATE TABLE `gm_scene_detail` (
  `scene_detail_id` bigint(20) NOT NULL AUTO_INCREMENT COMMENT '场景明细id',
  `device_type` bigint(20) NOT NULL COMMENT '设备类型id',
  `device_type_name` varchar(50) NOT NULL COMMENT '设备类型名称',
  `status` tinyint(2) NOT NULL DEFAULT '1' COMMENT '状态1：正常，0：失效',
  `create_user` varchar(30) DEFAULT NULL COMMENT '创建人',
  `update_user` varchar(30) DEFAULT NULL COMMENT '修改人',
  `create_time` timestamp NULL DEFAULT CURRENT_TIMESTAMP COMMENT '创建时间',
  `update_time` timestamp NULL DEFAULT NULL COMMENT '修改时间',
  `scene_id` bigint(20) NOT NULL COMMENT '场景id',
  `theme_id` bigint(20) NOT NULL COMMENT '主题id',
  `user_id` bigint(20) DEFAULT NULL COMMENT '用户id',
  `pic_url` varchar(80) DEFAULT NULL COMMENT '图片路径',
  PRIMARY KEY (`scene_detail_id`)
) ENGINE=InnoDB AUTO_INCREMENT=50 DEFAULT CHARSET=utf8;

/*Data for the table `gm_scene_detail` */

insert  into `gm_scene_detail`(`scene_detail_id`,`device_type`,`device_type_name`,`status`,`create_user`,`update_user`,`create_time`,`update_time`,`scene_id`,`theme_id`,`user_id`,`pic_url`) values (10,7,'播放DVD/VCD',1,NULL,NULL,'2015-05-29 06:06:54',NULL,3,1,NULL,'http://apicloud.gome.com.cn/images/device_set/deviceShow6_3x.png'),(11,10,'打开音响',1,NULL,NULL,'2015-06-04 06:51:43',NULL,3,1,NULL,'http://apicloud.gome.com.cn/images/device_set/deviceShow2_3x.png'),(12,11,'打开照相机',1,NULL,NULL,'2015-06-04 06:52:59',NULL,3,1,NULL,'http://apicloud.gome.com.cn/images/device_set/deviceShow8_3x.png'),(18,10,'打开音响',1,NULL,NULL,'2015-06-04 06:55:20',NULL,6,2,NULL,'http://apicloud.gome.com.cn/images/device_set/deviceShow2_3x.png'),(19,7,'播放DVD/VCD',1,NULL,NULL,'2015-06-04 06:55:30',NULL,6,2,NULL,'http://apicloud.gome.com.cn/images/device_set/deviceShow6_3x.png'),(20,4,'打开空调',1,NULL,NULL,'2015-06-04 06:56:02',NULL,7,2,NULL,'http://apicloud.gome.com.cn/images/device_set/deviceShow3_3x.png'),(21,8,'打开风扇',1,NULL,NULL,'2015-06-04 06:56:14',NULL,7,2,NULL,'http://apicloud.gome.com.cn/images/device_set/deviceShow7_3x.png'),(31,1,'打开电视机',1,NULL,NULL,'2015-05-01 02:23:00',NULL,1,1,NULL,'http://apicloud.gome.com.cn/images/device_set/deviceShow0_3x.png'),(32,3,'打开机顶盒',1,NULL,NULL,'2015-07-30 10:17:41',NULL,1,1,NULL,'http://apicloud.gome.com.cn/images//device_set/deviceShow1_3x.png'),(33,5,'打开无线盒子',1,NULL,NULL,'2015-07-30 10:25:12',NULL,1,1,NULL,'http://apicloud.gome.com.cn/images/device_set/deviceShow5_3x.png'),(34,7,'播放DVD/VCD',1,NULL,NULL,'2015-05-01 02:23:25',NULL,1,1,NULL,'http://apicloud.gome.com.cn/images/device_set/deviceShow6_3x.png'),(35,10,'打开音响',1,NULL,NULL,'2015-05-29 06:03:12',NULL,1,1,NULL,'http://apicloud.gome.com.cn/images/device_set/deviceShow2_3x.png'),(36,4,'打开空调',1,NULL,NULL,'2015-05-29 06:04:39',NULL,1,1,NULL,'http://apicloud.gome.com.cn/images/device_set/deviceShow3_3x.png'),(37,1,'打开电视机',1,NULL,NULL,'2015-05-29 06:05:10',NULL,2,1,NULL,'http://apicloud.gome.com.cn/images/device_set/deviceShow0_3x.png'),(38,3,'打开机顶盒',1,NULL,NULL,'2015-07-30 10:25:42',NULL,2,1,NULL,'http://apicloud.gome.com.cn/images//device_set/deviceShow1_3x.png'),(39,5,'打开无线盒子',1,NULL,NULL,'2015-05-29 06:05:48',NULL,2,1,NULL,'http://apicloud.gome.com.cn/images/device_set/deviceShow5_3x.png'),(40,8,'打开风扇',1,NULL,NULL,'2015-05-29 06:06:16',NULL,2,1,NULL,'http://apicloud.gome.com.cn/images/device_set/deviceShow7_3x.png'),(41,4,'打开空调',1,NULL,NULL,'2015-05-29 06:06:33',NULL,2,1,NULL,'http://apicloud.gome.com.cn/images/device_set/deviceShow3_3x.png'),(42,9,'打开投影仪',1,NULL,NULL,'2015-06-04 06:53:27',NULL,4,1,NULL,'http://apicloud.gome.com.cn/images/device_set/deviceShow4_3x.png'),(43,10,'打开音响',1,NULL,NULL,'2015-06-04 06:53:40',NULL,4,1,NULL,'http://apicloud.gome.com.cn/images/device_set/deviceShow2_3x.png'),(44,1,'打开电视机',1,NULL,NULL,'2015-07-30 10:28:47',NULL,4,1,NULL,'http://apicloud.gome.com.cn/images/device_set/deviceShow0_3x.png'),(45,5,'打开无线盒子',1,NULL,NULL,'2015-06-04 06:53:55',NULL,4,1,NULL,'http://apicloud.gome.com.cn/images/device_set/deviceShow5_3x.png'),(46,3,'打开机顶盒',1,NULL,NULL,'2015-07-30 10:29:14',NULL,4,1,NULL,'http://apicloud.gome.com.cn/images//device_set/deviceShow1_3x.png'),(47,1,'打开电视机',1,NULL,NULL,'2015-06-04 06:54:16',NULL,5,2,NULL,'http://apicloud.gome.com.cn/images/device_set/deviceShow0_3x.png'),(48,5,'打开无线盒子',1,NULL,NULL,'2015-06-04 06:54:29',NULL,5,2,NULL,'http://apicloud.gome.com.cn/images/device_set/deviceShow5_3x.png'),(49,3,'打开机顶盒',1,NULL,NULL,'2015-07-30 10:30:53',NULL,5,2,NULL,'http://apicloud.gome.com.cn/images//device_set/deviceShow1_3x.png');

/*Table structure for table `gm_scene_device` */

DROP TABLE IF EXISTS `gm_scene_device`;

CREATE TABLE `gm_scene_device` (
  `scene_device_id` bigint(20) NOT NULL AUTO_INCREMENT COMMENT '场景设备关系id',
  `scene_id` bigint(20) NOT NULL COMMENT '场景id',
  `device_key` varchar(255) NOT NULL COMMENT '设备id',
  `create_time` timestamp NULL DEFAULT NULL COMMENT '创建时间',
  `device_boot_time` timestamp NULL DEFAULT NULL,
  `device_off_time` timestamp NULL DEFAULT NULL,
  `device_status` tinyint(1) DEFAULT NULL,
  PRIMARY KEY (`scene_device_id`)
) ENGINE=InnoDB AUTO_INCREMENT=803 DEFAULT CHARSET=utf8;

/*Data for the table `gm_scene_device` */

insert  into `gm_scene_device`(`scene_device_id`,`scene_id`,`device_key`,`create_time`,`device_boot_time`,`device_off_time`,`device_status`) values (43,1,'f01d77a3-b6ac-464e-8bad-a61eb210749a','2015-07-03 14:10:11','2015-07-03 19:00:00','2015-07-03 20:00:00',NULL),(44,2,'f01d77a3-b6ac-464e-8bad-a61eb210749a','2015-07-03 14:10:11','2015-07-04 09:00:00','2015-07-04 11:00:00',NULL),(45,7,'f01d77a3-b6ac-464e-8bad-a61eb210749a','2015-07-03 14:10:11','2015-07-03 21:00:00','2015-07-04 11:00:00',NULL),(46,1,'d05f1576-cfd9-470e-94f8-d2f4e8a1b50c','2015-07-03 14:10:29','2015-07-03 19:00:00','2015-07-03 20:00:00',NULL),(47,3,'d05f1576-cfd9-470e-94f8-d2f4e8a1b50c','2015-07-03 14:10:29','2015-07-04 03:00:00','2015-07-04 06:00:00',NULL),(48,6,'d05f1576-cfd9-470e-94f8-d2f4e8a1b50c','2015-07-03 14:10:29','2015-07-04 03:00:00','2015-07-04 06:00:00',NULL),(55,1,'e82c5225-a0df-424b-b5ff-80e3185dc7fd','2015-07-03 14:26:01','2015-07-03 19:00:00','2015-07-03 20:00:00',NULL),(56,3,'e82c5225-a0df-424b-b5ff-80e3185dc7fd','2015-07-03 14:26:01','2015-07-04 03:00:00','2015-07-04 06:00:00',NULL),(57,4,'e82c5225-a0df-424b-b5ff-80e3185dc7fd','2015-07-03 14:26:01','2015-07-04 07:00:00','2015-07-04 10:00:00',NULL),(58,6,'e82c5225-a0df-424b-b5ff-80e3185dc7fd','2015-07-03 14:26:01','2015-07-02 20:00:00','2015-07-03 06:00:00',0),(59,1,'de329e23-db4f-4ad5-8f07-d27e2053570d','2015-07-03 14:26:17','2015-07-03 19:00:00','2015-07-03 20:00:00',NULL),(60,3,'de329e23-db4f-4ad5-8f07-d27e2053570d','2015-07-03 14:26:17','2015-07-04 03:00:00','2015-07-04 06:00:00',NULL),(61,4,'de329e23-db4f-4ad5-8f07-d27e2053570d','2015-07-03 14:26:17','2015-07-04 07:00:00','2015-07-04 10:00:00',NULL),(62,6,'de329e23-db4f-4ad5-8f07-d27e2053570d','2015-07-03 14:26:17','2015-07-04 03:00:00','2015-07-04 06:00:00',NULL),(69,2,'ba6d5855-8fdf-4307-a01c-abd41ecefb69','2015-07-03 14:36:59','2015-07-04 09:00:00','2015-07-04 11:00:00',1),(70,7,'ba6d5855-8fdf-4307-a01c-abd41ecefb69','2015-07-03 14:36:59','2015-07-03 21:00:00','2015-07-04 11:00:00',NULL),(111,1,'19b2785c-a844-4fbb-84b5-86ce942e739a','2015-07-03 16:15:13','2015-07-03 19:00:00','2015-07-03 20:00:00',NULL),(112,3,'19b2785c-a844-4fbb-84b5-86ce942e739a','2015-07-03 16:15:13','2015-07-04 03:00:00','2015-07-04 06:00:00',NULL),(113,6,'19b2785c-a844-4fbb-84b5-86ce942e739a','2015-07-03 16:15:13','2015-07-04 03:00:00','2015-07-04 06:00:00',NULL),(138,2,'37c48051-79ff-463f-aba2-ad77cecb9809','2015-07-03 16:23:23','2015-07-04 09:00:00','2015-07-04 11:00:00',NULL),(139,7,'37c48051-79ff-463f-aba2-ad77cecb9809','2015-07-03 16:23:23','2015-07-03 21:00:00','2015-07-04 11:00:00',NULL),(140,2,'ea0e8463-2fab-4c24-97a2-708a756bb178','2015-07-03 16:23:34','2015-07-04 09:00:00','2015-07-04 11:00:00',NULL),(141,7,'ea0e8463-2fab-4c24-97a2-708a756bb178','2015-07-03 16:23:34','2015-07-03 21:00:00','2015-07-04 11:00:00',NULL),(178,1,'a678c4a4-e611-4403-87fd-f43b0b0446bd','2015-07-03 04:38:14','2015-07-03 04:00:00','2015-07-03 10:00:00',1),(179,2,'a678c4a4-e611-4403-87fd-f43b0b0446bd','2015-07-03 04:38:14','2015-07-03 21:00:00','2015-07-03 23:00:00',NULL),(180,5,'a678c4a4-e611-4403-87fd-f43b0b0446bd','2015-07-03 04:38:14','2015-07-03 14:00:00','2015-07-03 22:00:00',NULL),(181,1,'5c72a57f-180c-40e4-8d43-80f46b9912fb','2015-07-03 04:41:37','2015-07-03 07:00:00','2015-07-03 08:00:00',0),(182,2,'5c72a57f-180c-40e4-8d43-80f46b9912fb','2015-07-03 04:41:37','2015-07-03 21:00:00','2015-07-03 23:00:00',NULL),(183,5,'5c72a57f-180c-40e4-8d43-80f46b9912fb','2015-07-03 04:41:37','2015-07-03 14:00:00','2015-07-03 22:00:00',NULL),(184,1,'0252aedb-6bdc-4990-9fe1-8dc9fe3f69ac','2015-07-03 04:43:16','2015-07-03 07:00:00','2015-07-03 08:03:00',0),(185,2,'0252aedb-6bdc-4990-9fe1-8dc9fe3f69ac','2015-07-03 04:43:16','2015-07-03 21:00:00','2015-07-03 23:00:00',NULL),(186,5,'0252aedb-6bdc-4990-9fe1-8dc9fe3f69ac','2015-07-03 04:43:16','2015-07-03 14:00:00','2015-07-03 22:00:00',NULL),(187,1,'6303b0d0-7a2c-4d2e-9a46-e55100401a97','2015-07-03 04:44:13','2015-07-03 07:00:00','2015-07-03 08:00:00',NULL),(188,2,'6303b0d0-7a2c-4d2e-9a46-e55100401a97','2015-07-03 04:44:13','2015-07-03 21:00:00','2015-07-03 23:00:00',NULL),(189,5,'6303b0d0-7a2c-4d2e-9a46-e55100401a97','2015-07-03 04:44:13','2015-07-03 14:00:00','2015-07-03 22:00:00',NULL),(190,1,'118a0bc0-ab6f-4cf8-94ea-42396c436b97','2015-07-03 04:45:53','2015-07-03 07:00:00','2015-07-03 08:00:00',NULL),(191,2,'118a0bc0-ab6f-4cf8-94ea-42396c436b97','2015-07-03 04:45:53','2015-07-03 21:00:00','2015-07-03 23:00:00',NULL),(192,5,'118a0bc0-ab6f-4cf8-94ea-42396c436b97','2015-07-03 04:45:53','2015-07-03 14:00:00','2015-07-03 22:00:00',NULL),(193,1,'e9c3b330-f8cf-4b83-9c2b-7a1ad22e4e77','2015-07-03 04:45:58','2015-07-03 07:00:00','2015-07-03 08:00:00',NULL),(194,2,'e9c3b330-f8cf-4b83-9c2b-7a1ad22e4e77','2015-07-03 04:45:58','2015-07-03 21:00:00','2015-07-03 23:00:00',NULL),(195,5,'e9c3b330-f8cf-4b83-9c2b-7a1ad22e4e77','2015-07-03 04:45:58','2015-07-03 14:00:00','2015-07-03 22:00:00',NULL),(220,4,'a6fe3c8e-28c9-4dc9-b5dc-adc9008b3caa','2015-07-03 05:06:08','2015-07-03 19:00:00','2015-07-03 22:00:00',NULL),(221,4,'5dc7cdf6-cfcc-40a7-82a0-ac9647661159','2015-07-03 05:06:30','2015-07-03 19:00:00','2015-07-03 22:00:00',NULL),(222,1,'1bfc2cef-a476-4253-8861-025a22bc642e','2015-07-03 05:08:08','2015-07-03 07:00:00','2015-07-03 08:00:00',NULL),(223,2,'1bfc2cef-a476-4253-8861-025a22bc642e','2015-07-03 05:08:08','2015-07-03 21:00:00','2015-07-03 23:00:00',NULL),(224,7,'1bfc2cef-a476-4253-8861-025a22bc642e','2015-07-03 05:08:08','2015-07-03 09:00:00','2015-07-03 23:00:00',NULL),(225,1,'3bb0f967-1b11-46ae-9973-a051de8eff3a','2015-07-03 05:10:18','2015-07-03 07:00:00','2015-07-03 08:00:00',NULL),(226,2,'3bb0f967-1b11-46ae-9973-a051de8eff3a','2015-07-03 05:10:18','2015-07-03 21:00:00','2015-07-03 23:00:00',NULL),(227,5,'3bb0f967-1b11-46ae-9973-a051de8eff3a','2015-07-03 05:10:18','2015-07-03 14:00:00','2015-07-03 22:00:00',NULL),(228,1,'fafbc41a-7962-4149-9ede-0455374e8cc8','2015-07-03 05:10:26','2015-07-03 07:00:00','2015-07-03 08:00:00',NULL),(229,2,'fafbc41a-7962-4149-9ede-0455374e8cc8','2015-07-03 05:10:26','2015-07-03 21:00:00','2015-07-03 23:00:00',NULL),(230,5,'fafbc41a-7962-4149-9ede-0455374e8cc8','2015-07-03 05:10:26','2015-07-03 14:00:00','2015-07-03 22:00:00',NULL),(231,1,'58ae7c04-9512-4868-bfd6-4596ce8123bd','2015-07-03 05:10:36','2015-07-03 07:00:00','2015-07-03 08:00:00',NULL),(232,2,'58ae7c04-9512-4868-bfd6-4596ce8123bd','2015-07-03 05:10:36','2015-07-03 21:00:00','2015-07-03 23:00:00',NULL),(233,5,'58ae7c04-9512-4868-bfd6-4596ce8123bd','2015-07-03 05:10:36','2015-07-03 14:00:00','2015-07-03 22:00:00',NULL),(234,1,'4794afa9-964f-4282-9f17-b6c11bb73cfd','2015-07-03 05:14:36','2015-07-03 07:00:00','2015-07-03 08:00:00',NULL),(235,2,'4794afa9-964f-4282-9f17-b6c11bb73cfd','2015-07-03 05:14:36','2015-07-03 21:00:00','2015-07-03 23:00:00',NULL),(236,5,'4794afa9-964f-4282-9f17-b6c11bb73cfd','2015-07-03 05:14:36','2015-07-03 14:00:00','2015-07-03 22:00:00',NULL),(246,4,'ca1d7422-4cfe-418a-9df8-7d0496b02cb2','2015-07-03 18:26:23','2015-07-03 19:00:00','2015-07-03 22:00:00',1),(255,3,'049a9648-6158-4842-b7ba-884e314172c1','2015-07-03 18:28:37','2015-07-03 15:00:00','2015-07-03 18:00:00',NULL),(260,1,'71c48bc2-e5b0-4ba8-8b52-d4d828d66305','2015-07-09 10:27:18','2015-07-09 07:00:00','2015-07-09 08:00:00',NULL),(261,2,'71c48bc2-e5b0-4ba8-8b52-d4d828d66305','2015-07-09 10:27:18','2015-07-09 21:00:00','2015-07-09 23:00:00',NULL),(262,5,'71c48bc2-e5b0-4ba8-8b52-d4d828d66305','2015-07-09 10:27:18','2015-07-09 10:30:00','2015-07-09 22:00:00',1),(263,3,'90e256f0-34cf-4baf-bfa1-65d2a0d18392','2015-07-09 10:44:51','2015-07-09 15:00:00','2015-07-09 18:00:00',NULL),(264,1,'4412682a-292f-486e-a35a-62b21cdac39d','2015-07-09 11:02:11','2015-07-09 07:00:00','2015-07-09 08:00:00',NULL),(265,2,'4412682a-292f-486e-a35a-62b21cdac39d','2015-07-09 11:02:11','2015-07-09 21:00:00','2015-07-09 23:00:00',NULL),(266,7,'4412682a-292f-486e-a35a-62b21cdac39d','2015-07-09 11:02:11','2015-07-09 09:00:00','2015-07-09 23:00:00',NULL),(267,2,'8a19beb0-8962-48c9-8848-86b63dd718b5','2015-07-09 11:03:32','2015-07-09 21:00:00','2015-07-09 23:00:00',NULL),(268,7,'8a19beb0-8962-48c9-8848-86b63dd718b5','2015-07-09 11:03:32','2015-07-09 09:00:00','2015-07-09 23:00:00',0),(269,1,'bdac40d1-6e0b-495e-8588-368f8d9b8e1c','2015-07-09 11:09:04','2015-07-09 07:00:00','2015-07-09 08:00:00',NULL),(270,3,'bdac40d1-6e0b-495e-8588-368f8d9b8e1c','2015-07-09 11:09:04','2015-07-09 15:00:00','2015-07-09 18:00:00',NULL),(271,4,'bdac40d1-6e0b-495e-8588-368f8d9b8e1c','2015-07-09 11:09:04','2015-07-09 19:00:00','2015-07-09 22:00:00',NULL),(272,6,'bdac40d1-6e0b-495e-8588-368f8d9b8e1c','2015-07-09 11:09:04','2015-07-09 15:00:00','2015-07-09 18:00:00',NULL),(273,1,'3878e50b-1f0d-4bdd-b16e-14606754c443','2015-07-09 11:46:12','2015-07-09 07:00:00','2015-07-09 08:00:00',NULL),(274,2,'3878e50b-1f0d-4bdd-b16e-14606754c443','2015-07-09 11:46:12','2015-07-09 21:00:00','2015-07-09 23:00:00',NULL),(275,7,'3878e50b-1f0d-4bdd-b16e-14606754c443','2015-07-09 11:46:12','2015-07-09 09:00:00','2015-07-09 23:00:00',NULL),(276,4,'f2ed4d98-c3fe-4ecf-b7a5-4c2a43d4e4b6','2015-07-09 14:26:35','2015-07-09 19:00:00','2015-07-09 22:00:00',NULL),(277,2,'72e01167-d4bb-4f93-be11-bfe8db7f4fc8','2015-07-09 14:27:25','2015-07-09 21:00:00','2015-07-09 23:00:00',NULL),(278,4,'72e01167-d4bb-4f93-be11-bfe8db7f4fc8','2015-07-09 14:27:25','2015-07-09 19:00:00','2015-07-09 22:00:00',NULL),(279,5,'72e01167-d4bb-4f93-be11-bfe8db7f4fc8','2015-07-09 14:27:25','2015-07-09 14:00:00','2015-07-09 22:00:00',NULL),(280,1,'cae4fe78-2df9-4856-af93-d55d43b587c9','2015-07-13 11:05:56','2015-08-06 13:24:00','2015-08-06 20:07:00',1),(281,2,'cae4fe78-2df9-4856-af93-d55d43b587c9','2015-07-13 11:05:56','2015-08-06 21:09:00','2015-07-13 23:00:00',0),(282,5,'cae4fe78-2df9-4856-af93-d55d43b587c9','2015-07-13 11:05:56','2015-07-30 14:04:00','2015-07-13 22:00:00',1),(283,1,'a473ec47-a519-4f87-823a-e8cc697398bf','2015-07-13 11:24:59','2015-07-13 07:00:00','2015-07-13 08:00:00',0),(284,3,'a473ec47-a519-4f87-823a-e8cc697398bf','2015-07-13 11:24:59','2015-07-13 15:00:00','2015-07-13 18:00:00',NULL),(285,6,'a473ec47-a519-4f87-823a-e8cc697398bf','2015-07-13 11:24:59','2015-07-13 15:00:00','2015-07-13 18:00:00',NULL),(286,1,'de74e5a6-8e97-414b-bc5a-f5c71b1281bf','2015-07-13 11:25:42','2015-07-13 07:00:00','2015-07-13 08:00:00',1),(287,2,'de74e5a6-8e97-414b-bc5a-f5c71b1281bf','2015-07-13 11:25:42','2015-07-13 21:00:00','2015-07-13 23:00:00',1),(288,7,'de74e5a6-8e97-414b-bc5a-f5c71b1281bf','2015-07-13 11:25:42','2015-07-13 09:00:00','2015-07-13 23:00:00',NULL),(289,1,'da46a18c-1e8b-42f6-9c67-3a88b03c9f49','2015-07-13 11:49:51','2015-07-13 07:00:00','2015-07-13 08:00:00',1),(290,3,'da46a18c-1e8b-42f6-9c67-3a88b03c9f49','2015-07-13 11:49:51','2015-07-13 15:00:00','2015-07-30 18:08:00',0),(291,4,'da46a18c-1e8b-42f6-9c67-3a88b03c9f49','2015-07-13 11:49:51','2015-07-13 19:00:00','2015-07-13 22:00:00',NULL),(292,6,'da46a18c-1e8b-42f6-9c67-3a88b03c9f49','2015-07-13 11:49:51','2015-07-13 15:00:00','2015-07-13 18:00:00',1),(293,1,'de8179d9-d64e-48d1-9154-cb78ba01b8dc','2015-07-13 11:51:45','2015-07-30 09:00:00','2015-07-13 08:00:00',0),(294,2,'de8179d9-d64e-48d1-9154-cb78ba01b8dc','2015-07-13 11:51:45','2015-07-13 21:00:00','2015-07-13 23:00:00',NULL),(295,5,'de8179d9-d64e-48d1-9154-cb78ba01b8dc','2015-07-13 11:51:45','2015-07-13 14:00:00','2015-07-13 22:00:00',NULL),(296,4,'099d0346-f466-4cea-afda-dd8ee5e17400','2015-07-13 14:12:01','2015-07-13 19:00:00','2015-07-13 22:00:00',NULL),(300,2,'9fe0401b-83ed-4c0d-bd78-64b670d3759d','2015-07-13 17:43:05','2015-07-13 21:00:00','2015-07-13 23:00:00',NULL),(301,4,'9fe0401b-83ed-4c0d-bd78-64b670d3759d','2015-07-13 17:43:05','2015-07-13 19:00:00','2015-07-13 22:00:00',NULL),(302,5,'9fe0401b-83ed-4c0d-bd78-64b670d3759d','2015-07-13 17:43:05','2015-07-13 14:00:00','2015-07-13 22:00:00',NULL),(303,2,'b4a0b083-8430-46ea-8f78-efda9f0ae24e','2015-07-13 17:43:22','2015-07-13 21:00:00','2015-07-13 23:00:00',NULL),(304,7,'b4a0b083-8430-46ea-8f78-efda9f0ae24e','2015-07-13 17:43:22','2015-07-13 09:00:00','2015-07-13 23:00:00',NULL),(305,1,'441d0217-5c79-4d88-88ff-47d7ac27c583','2015-07-14 13:22:11','2015-07-14 07:00:00','2015-07-14 08:00:00',NULL),(306,2,'441d0217-5c79-4d88-88ff-47d7ac27c583','2015-07-14 13:22:11','2015-07-14 21:00:00','2015-07-14 23:00:00',NULL),(307,5,'441d0217-5c79-4d88-88ff-47d7ac27c583','2015-07-14 13:22:11','2015-07-14 14:00:00','2015-07-14 22:00:00',NULL),(308,2,'70d1b27d-9ac8-403d-84bd-f379905c8b4b','2015-07-14 13:22:30','2015-07-14 21:00:00','2015-07-14 23:00:00',NULL),(309,4,'70d1b27d-9ac8-403d-84bd-f379905c8b4b','2015-07-14 13:22:30','2015-07-14 19:00:00','2015-07-14 22:00:00',NULL),(310,5,'70d1b27d-9ac8-403d-84bd-f379905c8b4b','2015-07-14 13:22:30','2015-07-14 14:00:00','2015-07-14 22:00:00',NULL),(311,2,'f868b26d-9707-4484-ab6b-e06b178f378f','2015-07-14 13:22:49','2015-07-14 21:00:00','2015-07-14 23:00:00',NULL),(312,7,'f868b26d-9707-4484-ab6b-e06b178f378f','2015-07-14 13:22:49','2015-07-14 09:00:00','2015-07-14 23:00:00',NULL),(322,2,'2c9d3157-12b7-4f4c-a3d5-875bd63b0698','2015-07-29 15:52:42','2015-07-29 21:00:00','2015-07-29 23:00:00',NULL),(323,7,'2c9d3157-12b7-4f4c-a3d5-875bd63b0698','2015-07-29 15:52:42','2015-07-29 09:00:00','2015-07-29 23:00:00',NULL),(324,2,'8657022a-2622-4b02-8dbb-77f54a368179','2015-07-29 15:52:50','2015-07-29 21:00:00','2015-07-29 23:00:00',NULL),(325,7,'8657022a-2622-4b02-8dbb-77f54a368179','2015-07-29 15:52:50','2015-07-29 09:00:00','2015-07-29 23:00:00',NULL),(326,2,'f3bd1604-3372-4df1-9f2c-503eda5fc85f','2015-07-29 15:52:57','2015-07-29 21:00:00','2015-07-29 23:00:00',NULL),(327,7,'f3bd1604-3372-4df1-9f2c-503eda5fc85f','2015-07-29 15:52:57','2015-07-29 09:00:00','2015-07-29 23:00:00',NULL),(328,2,'9715f89a-2b43-4361-a5fe-3f53b1cf1752','2015-07-29 15:53:17','2015-07-29 21:00:00','2015-07-29 23:00:00',NULL),(329,7,'9715f89a-2b43-4361-a5fe-3f53b1cf1752','2015-07-29 15:53:17','2015-07-29 09:00:00','2015-07-29 23:00:00',NULL),(330,2,'b401619e-4f28-445a-9635-71b1709c9e75','2015-07-29 15:53:26','2015-07-29 21:00:00','2015-07-29 23:00:00',NULL),(331,7,'b401619e-4f28-445a-9635-71b1709c9e75','2015-07-29 15:53:26','2015-07-29 09:00:00','2015-07-29 23:00:00',NULL),(332,2,'62b1371a-5be7-4723-a764-21a6d75d52fb','2015-07-29 15:53:42','2015-07-29 21:00:00','2015-07-29 23:00:00',NULL),(333,7,'62b1371a-5be7-4723-a764-21a6d75d52fb','2015-07-29 15:53:42','2015-07-29 09:00:00','2015-07-29 23:00:00',NULL),(334,2,'83cc71eb-3069-4c02-9439-453dfaf2f818','2015-07-29 15:54:04','2015-07-29 21:00:00','2015-07-29 23:00:00',NULL),(335,7,'83cc71eb-3069-4c02-9439-453dfaf2f818','2015-07-29 15:54:04','2015-07-29 09:00:00','2015-07-29 23:00:00',NULL),(336,2,'b272e5a3-0693-488a-b2e0-e85afb25a917','2015-07-29 15:54:14','2015-07-29 21:00:00','2015-07-29 23:00:00',NULL),(337,7,'b272e5a3-0693-488a-b2e0-e85afb25a917','2015-07-29 15:54:14','2015-07-29 09:00:00','2015-07-29 23:00:00',NULL),(338,2,'33bcf95a-ac5a-48e3-ba19-7755ce1b3804','2015-07-29 15:54:20','2015-07-29 21:00:00','2015-07-29 23:00:00',NULL),(339,7,'33bcf95a-ac5a-48e3-ba19-7755ce1b3804','2015-07-29 15:54:20','2015-07-29 09:00:00','2015-07-29 23:00:00',NULL),(340,2,'fbadef69-30b5-494f-9b65-8c8f06c2d1d8','2015-07-29 15:54:26','2015-07-29 21:00:00','2015-07-29 23:00:00',NULL),(341,7,'fbadef69-30b5-494f-9b65-8c8f06c2d1d8','2015-07-29 15:54:26','2015-07-29 09:00:00','2015-07-29 23:00:00',NULL),(354,1,'a50b7d9d-42cd-47bd-acc7-286d32bd3a01','2015-07-30 10:24:18','2015-07-30 07:00:00','2015-07-30 10:00:00',1),(355,1,'d2724e06-ed7b-4c1b-85d0-a938447dfebb','2015-07-30 10:25:31','2015-07-30 15:00:00','2015-07-30 14:00:00',1),(363,1,'640acdc0-3685-4ce0-bfba-f07d742d94db','2015-07-30 10:30:23','2015-07-30 18:03:00','2015-07-30 08:00:00',1),(364,2,'640acdc0-3685-4ce0-bfba-f07d742d94db','2015-07-30 10:30:23','2015-07-30 21:00:00','2015-07-30 23:00:00',NULL),(365,5,'640acdc0-3685-4ce0-bfba-f07d742d94db','2015-07-30 10:30:23','2015-07-30 14:00:00','2015-07-30 22:00:00',1),(366,4,'640acdc0-3685-4ce0-bfba-f07d742d94db','2015-07-30 10:30:23','2015-07-30 19:00:00','2015-07-30 22:00:00',NULL),(367,1,'f9ad94da-cffa-4be4-96ed-4d0b5252e595','2015-07-30 10:32:53','2015-07-30 07:00:00','2015-07-30 08:00:00',1),(368,2,'f9ad94da-cffa-4be4-96ed-4d0b5252e595','2015-07-30 10:32:53','2015-07-30 23:02:00','2015-07-30 23:00:00',1),(369,4,'f9ad94da-cffa-4be4-96ed-4d0b5252e595','2015-07-30 10:32:53','2015-07-30 22:00:00','2015-07-30 22:00:00',1),(370,5,'f9ad94da-cffa-4be4-96ed-4d0b5252e595','2015-07-30 10:32:53','2015-07-30 16:00:00','2015-07-30 22:00:00',1),(371,1,'ec6c7003-fa1c-476d-ae4b-33a725d1f2c6','2015-07-30 10:33:44','2015-08-06 07:01:00','2015-07-30 08:00:00',0),(372,2,'ec6c7003-fa1c-476d-ae4b-33a725d1f2c6','2015-07-30 10:33:44','2015-07-30 21:00:00','2015-07-30 23:00:00',0),(373,4,'ec6c7003-fa1c-476d-ae4b-33a725d1f2c6','2015-07-30 10:33:44','2015-07-30 19:00:00','2015-07-30 22:00:00',1),(374,5,'ec6c7003-fa1c-476d-ae4b-33a725d1f2c6','2015-07-30 10:33:44','2015-07-30 14:00:00','2015-07-30 22:00:00',NULL),(383,1,'13a389f6-600b-470c-aaf2-eb5009770610','2015-07-30 11:48:21','2015-07-30 07:00:00','2015-07-30 08:00:00',NULL),(384,2,'13a389f6-600b-470c-aaf2-eb5009770610','2015-07-30 11:48:21','2015-07-30 21:00:00','2015-07-30 23:00:00',NULL),(385,4,'13a389f6-600b-470c-aaf2-eb5009770610','2015-07-30 11:48:21','2015-07-30 19:00:00','2015-07-30 22:00:00',NULL),(386,5,'13a389f6-600b-470c-aaf2-eb5009770610','2015-07-30 11:48:21','2015-07-30 14:00:00','2015-07-30 22:00:00',NULL),(387,1,'da3bcabe-8172-4f04-80b6-8f149107454b','2015-07-30 11:56:45','2015-07-30 10:00:00','2015-07-30 10:00:00',0),(388,2,'da3bcabe-8172-4f04-80b6-8f149107454b','2015-07-30 11:56:45','2015-07-30 21:00:00','2015-07-30 23:00:00',NULL),(389,4,'da3bcabe-8172-4f04-80b6-8f149107454b','2015-07-30 11:56:45','2015-07-30 19:00:00','2015-07-30 22:00:00',NULL),(390,5,'da3bcabe-8172-4f04-80b6-8f149107454b','2015-07-30 11:56:45','2015-07-30 14:00:00','2015-07-30 22:00:00',NULL),(391,1,'80b9218e-6924-474f-b9f6-3ae0821ae58f','2015-07-30 11:57:08','2015-07-30 07:00:00','2015-07-30 08:00:00',1),(392,2,'80b9218e-6924-474f-b9f6-3ae0821ae58f','2015-07-30 11:57:08','2015-07-30 21:00:00','2015-07-30 23:00:00',NULL),(393,4,'80b9218e-6924-474f-b9f6-3ae0821ae58f','2015-07-30 11:57:08','2015-07-30 19:00:00','2015-07-30 22:00:00',NULL),(394,5,'80b9218e-6924-474f-b9f6-3ae0821ae58f','2015-07-30 11:57:08','2015-07-30 14:00:00','2015-07-30 22:00:00',NULL),(399,1,'f4cfdf5f-a257-4f39-abd2-5925f51a65b6','2015-07-30 15:00:27','2015-07-30 07:00:00','2015-07-30 08:00:00',0),(400,2,'f4cfdf5f-a257-4f39-abd2-5925f51a65b6','2015-07-30 15:00:27','2015-07-30 21:00:00','2015-07-30 23:00:00',1),(401,4,'f4cfdf5f-a257-4f39-abd2-5925f51a65b6','2015-07-30 15:00:27','2015-07-30 19:00:00','2015-07-30 22:00:00',NULL),(402,5,'f4cfdf5f-a257-4f39-abd2-5925f51a65b6','2015-07-30 15:00:27','2015-07-30 14:00:00','2015-07-30 22:00:00',NULL),(403,1,'58013227-e0c2-486b-a739-4c9e1b134129','2015-07-30 15:09:21','2015-07-30 07:00:00','2015-07-30 08:00:00',NULL),(404,2,'58013227-e0c2-486b-a739-4c9e1b134129','2015-07-30 15:09:21','2015-08-06 22:14:00','2015-07-30 23:00:00',1),(405,4,'58013227-e0c2-486b-a739-4c9e1b134129','2015-07-30 15:09:21','2015-07-30 19:00:00','2015-07-30 22:00:00',1),(406,5,'58013227-e0c2-486b-a739-4c9e1b134129','2015-07-30 15:09:21','2015-07-30 14:00:00','2015-07-30 22:00:00',NULL),(407,1,'b58837f1-e7f7-4916-9a1d-81e064a76f9e','2015-07-30 15:10:05','2015-07-30 07:00:00','2015-07-30 08:00:00',1),(408,2,'b58837f1-e7f7-4916-9a1d-81e064a76f9e','2015-07-30 15:10:05','2015-07-30 21:00:00','2015-07-30 23:00:00',NULL),(409,4,'b58837f1-e7f7-4916-9a1d-81e064a76f9e','2015-07-30 15:10:05','2015-07-30 19:00:00','2015-07-30 22:00:00',NULL),(410,5,'b58837f1-e7f7-4916-9a1d-81e064a76f9e','2015-07-30 15:10:05','2015-07-30 14:00:00','2015-07-30 22:00:00',NULL),(449,1,'94e5cdd9-83ce-4a28-ab0b-bea367c86908','2015-08-03 10:30:38','2015-08-03 09:03:00','2015-08-03 08:00:00',1),(450,2,'94e5cdd9-83ce-4a28-ab0b-bea367c86908','2015-08-03 10:30:38','2015-08-03 21:00:00','2015-08-03 23:00:00',NULL),(451,4,'94e5cdd9-83ce-4a28-ab0b-bea367c86908','2015-08-03 10:30:38','2015-08-03 19:00:00','2015-08-03 22:00:00',NULL),(452,5,'94e5cdd9-83ce-4a28-ab0b-bea367c86908','2015-08-03 10:30:38','2015-08-03 14:00:00','2015-08-03 22:00:00',1),(453,1,'df3acadf-da7b-4b95-8340-7994cdbbc464','2015-08-03 11:24:47','2015-08-07 07:07:00','2015-08-03 09:05:00',0),(454,2,'df3acadf-da7b-4b95-8340-7994cdbbc464','2015-08-03 11:24:47','2015-08-03 21:00:00','2015-08-03 23:00:00',NULL),(455,4,'df3acadf-da7b-4b95-8340-7994cdbbc464','2015-08-03 11:24:47','2015-08-03 19:00:00','2015-08-03 22:00:00',0),(456,5,'df3acadf-da7b-4b95-8340-7994cdbbc464','2015-08-03 11:24:47','2015-08-03 14:00:00','2015-08-03 22:00:00',0),(457,1,'7591f0c8-2ed8-471e-a63c-a8b380387a12','2015-08-03 11:27:37','2015-08-03 07:00:00','2015-08-03 08:00:00',NULL),(458,2,'7591f0c8-2ed8-471e-a63c-a8b380387a12','2015-08-03 11:27:37','2015-08-03 21:00:00','2015-08-03 23:00:00',NULL),(459,4,'7591f0c8-2ed8-471e-a63c-a8b380387a12','2015-08-03 11:27:37','2015-08-03 19:00:00','2015-08-03 22:00:00',NULL),(460,5,'7591f0c8-2ed8-471e-a63c-a8b380387a12','2015-08-03 11:27:37','2015-08-03 14:00:00','2015-08-03 22:00:00',NULL),(461,1,'75e42167-a0c4-479f-8d47-6cbc5d776f4c','2015-08-03 11:27:59','2015-08-03 07:00:00','2015-08-03 08:00:00',NULL),(462,2,'75e42167-a0c4-479f-8d47-6cbc5d776f4c','2015-08-03 11:27:59','2015-08-03 21:00:00','2015-08-03 23:00:00',NULL),(463,4,'75e42167-a0c4-479f-8d47-6cbc5d776f4c','2015-08-03 11:27:59','2015-08-03 19:00:00','2015-08-03 22:00:00',NULL),(464,5,'75e42167-a0c4-479f-8d47-6cbc5d776f4c','2015-08-03 11:27:59','2015-08-03 14:00:00','2015-08-03 22:00:00',NULL),(465,1,'31aa36fa-f18c-41e0-8c99-48f90d48f423','2015-08-03 11:28:07','2015-08-03 07:00:00','2015-08-03 08:00:00',NULL),(466,2,'31aa36fa-f18c-41e0-8c99-48f90d48f423','2015-08-03 11:28:07','2015-08-03 21:00:00','2015-08-03 23:00:00',NULL),(467,4,'31aa36fa-f18c-41e0-8c99-48f90d48f423','2015-08-03 11:28:07','2015-08-03 19:00:00','2015-08-03 22:00:00',NULL),(468,5,'31aa36fa-f18c-41e0-8c99-48f90d48f423','2015-08-03 11:28:07','2015-08-03 14:00:00','2015-08-03 22:00:00',NULL),(469,1,'5bb9d128-fd0f-490e-b8a1-5d390c75b0c3','2015-08-03 11:31:08','2015-08-06 07:09:00','2015-08-03 08:00:00',1),(470,2,'5bb9d128-fd0f-490e-b8a1-5d390c75b0c3','2015-08-03 11:31:08','2015-08-03 21:00:00','2015-08-03 23:00:00',NULL),(471,4,'5bb9d128-fd0f-490e-b8a1-5d390c75b0c3','2015-08-03 11:31:08','2015-08-03 19:00:00','2015-08-03 22:00:00',NULL),(472,5,'5bb9d128-fd0f-490e-b8a1-5d390c75b0c3','2015-08-03 11:31:08','2015-08-03 14:00:00','2015-08-03 22:00:00',NULL),(473,1,'6a4f2fd4-4fa9-4d13-b7e5-2e30263d130e','2015-08-03 12:01:02','2015-08-03 07:00:00','2015-08-03 08:00:00',NULL),(474,2,'6a4f2fd4-4fa9-4d13-b7e5-2e30263d130e','2015-08-03 12:01:02','2015-08-03 21:00:00','2015-08-03 23:00:00',NULL),(475,4,'6a4f2fd4-4fa9-4d13-b7e5-2e30263d130e','2015-08-03 12:01:02','2015-08-03 19:00:00','2015-08-03 22:00:00',NULL),(476,5,'6a4f2fd4-4fa9-4d13-b7e5-2e30263d130e','2015-08-03 12:01:02','2015-08-03 14:00:00','2015-08-03 22:00:00',NULL),(477,7,'9a3e09e6-5bdd-4da1-8426-21163a2d5171','2015-08-03 14:35:07','2015-08-03 09:00:00','2015-08-03 23:00:00',NULL),(478,2,'9a3e09e6-5bdd-4da1-8426-21163a2d5171','2015-08-03 14:35:07','2015-08-03 21:00:00','2015-08-03 23:00:00',NULL),(479,7,'2ed26886-5a37-4c86-8c11-e3e9650b4427','2015-08-03 14:35:18','2015-08-03 09:00:00','2015-08-03 23:00:00',NULL),(480,2,'2ed26886-5a37-4c86-8c11-e3e9650b4427','2015-08-03 14:35:18','2015-08-03 21:00:00','2015-08-03 23:00:00',1),(481,7,'8bbb9414-ec29-4e61-8a1c-8d30bc2091a4','2015-08-03 14:36:26','2015-08-03 09:00:00','2015-08-03 23:00:00',1),(482,1,'8bbb9414-ec29-4e61-8a1c-8d30bc2091a4','2015-08-03 14:36:26','2015-08-03 07:00:00','2015-08-03 08:00:00',1),(483,2,'8bbb9414-ec29-4e61-8a1c-8d30bc2091a4','2015-08-03 14:36:26','2015-08-03 21:00:00','2015-08-03 23:00:00',1),(484,7,'b48a50a3-1478-409b-9913-2b03e539f716','2015-08-03 14:36:45','2015-08-03 09:00:00','2015-08-03 23:00:00',NULL),(485,1,'b48a50a3-1478-409b-9913-2b03e539f716','2015-08-03 14:36:45','2015-08-03 07:00:00','2015-08-03 08:00:00',NULL),(486,2,'b48a50a3-1478-409b-9913-2b03e539f716','2015-08-03 14:36:45','2015-08-03 21:00:00','2015-08-03 23:00:00',NULL),(487,7,'b696ec18-aa4d-4493-a5ad-fda293faed76','2015-08-03 14:37:16','2015-08-03 09:00:00','2015-08-03 23:00:00',NULL),(488,1,'b696ec18-aa4d-4493-a5ad-fda293faed76','2015-08-03 14:37:16','2015-08-03 07:00:00','2015-08-03 08:00:00',NULL),(489,2,'b696ec18-aa4d-4493-a5ad-fda293faed76','2015-08-03 14:37:16','2015-08-03 21:00:00','2015-08-03 23:00:00',NULL),(490,7,'52f01e82-b975-4f89-a3e1-a980a76a8be4','2015-08-03 14:37:23','2015-08-03 09:00:00','2015-08-03 23:00:00',NULL),(491,1,'52f01e82-b975-4f89-a3e1-a980a76a8be4','2015-08-03 14:37:23','2015-08-03 07:00:00','2015-08-03 08:00:00',NULL),(492,2,'52f01e82-b975-4f89-a3e1-a980a76a8be4','2015-08-03 14:37:23','2015-08-03 21:00:00','2015-08-03 23:00:00',NULL),(493,7,'b8f3e20d-4d64-47a2-881b-20d38ee5ad3b','2015-08-03 14:41:00','2015-08-03 09:00:00','2015-08-03 23:00:00',NULL),(494,1,'b8f3e20d-4d64-47a2-881b-20d38ee5ad3b','2015-08-03 14:41:00','2015-08-03 07:00:00','2015-08-03 08:00:00',NULL),(495,2,'b8f3e20d-4d64-47a2-881b-20d38ee5ad3b','2015-08-03 14:41:00','2015-08-03 21:00:00','2015-08-03 23:00:00',NULL),(496,1,'47c1583d-943f-4523-b308-9ad2933f042f','2015-08-03 14:41:48','2015-08-03 07:00:00','2015-08-03 08:00:00',0),(497,2,'47c1583d-943f-4523-b308-9ad2933f042f','2015-08-03 14:41:48','2015-08-03 21:00:00','2015-08-03 23:00:00',NULL),(498,4,'47c1583d-943f-4523-b308-9ad2933f042f','2015-08-03 14:41:48','2015-08-03 19:00:00','2015-08-03 22:00:00',NULL),(499,5,'47c1583d-943f-4523-b308-9ad2933f042f','2015-08-03 14:41:48','2015-08-03 14:00:00','2015-08-03 22:00:00',NULL),(500,7,'66497990-d265-4976-adc4-a16ff5619d78','2015-08-03 14:47:15','2015-08-03 09:00:00','2015-08-03 23:00:00',NULL),(501,1,'66497990-d265-4976-adc4-a16ff5619d78','2015-08-03 14:47:15','2015-08-03 07:00:00','2015-08-03 08:00:00',0),(502,2,'66497990-d265-4976-adc4-a16ff5619d78','2015-08-03 14:47:15','2015-08-03 21:00:00','2015-08-03 23:00:00',NULL),(503,1,'8b23a23c-9037-434e-a8cd-2d139c288fa7','2015-08-03 17:15:19','2015-08-03 07:00:00','2015-08-03 08:00:00',1),(504,2,'8b23a23c-9037-434e-a8cd-2d139c288fa7','2015-08-03 17:15:19','2015-08-03 21:00:00','2015-08-03 23:00:00',NULL),(505,4,'8b23a23c-9037-434e-a8cd-2d139c288fa7','2015-08-03 17:15:19','2015-08-03 19:00:00','2015-08-03 22:00:00',NULL),(506,5,'8b23a23c-9037-434e-a8cd-2d139c288fa7','2015-08-03 17:15:19','2015-08-03 14:00:00','2015-08-03 22:00:00',NULL),(507,3,'e719bdab-9166-4ff5-94f8-c2950335743e','2015-08-03 17:22:31','2015-08-03 15:00:00','2015-08-03 18:00:00',1),(508,6,'e719bdab-9166-4ff5-94f8-c2950335743e','2015-08-03 17:22:31','2015-08-03 15:00:00','2015-08-03 18:00:00',NULL),(509,1,'e719bdab-9166-4ff5-94f8-c2950335743e','2015-08-03 17:22:31','2015-08-03 07:00:00','2015-08-03 08:00:00',1),(513,3,'c331692b-ab5f-40ec-8826-e72da780bb1b','2015-08-03 18:17:09','2015-08-03 15:00:00','2015-08-03 18:00:00',NULL),(514,6,'c331692b-ab5f-40ec-8826-e72da780bb1b','2015-08-03 18:17:09','2015-08-03 15:00:00','2015-08-03 18:00:00',1),(515,1,'c331692b-ab5f-40ec-8826-e72da780bb1b','2015-08-03 18:17:09','2015-08-03 19:00:00','2015-08-03 01:00:00',1),(516,4,'c331692b-ab5f-40ec-8826-e72da780bb1b','2015-08-03 18:17:09','2015-08-03 19:00:00','2015-08-03 22:00:00',NULL),(517,3,'c0dc345f-aed5-4ddf-b28b-7328bfab9b22','2015-08-04 10:07:05','2015-08-04 15:00:00','2015-08-04 18:00:00',NULL),(518,1,'f0901252-956e-49a9-82c4-bd954ba1fb00','2015-08-04 10:44:04','2015-08-04 07:00:00','2015-08-04 08:00:00',1),(519,2,'f0901252-956e-49a9-82c4-bd954ba1fb00','2015-08-04 10:44:04','2015-08-04 21:00:00','2015-08-04 23:00:00',NULL),(520,4,'f0901252-956e-49a9-82c4-bd954ba1fb00','2015-08-04 10:44:04','2015-08-04 19:00:00','2015-08-04 22:00:00',NULL),(521,5,'f0901252-956e-49a9-82c4-bd954ba1fb00','2015-08-04 10:44:04','2015-08-04 10:48:00','2015-08-04 10:48:00',1),(522,1,'f3afdeba-e1ee-469f-83c3-fdbd458c2c25','2015-08-04 12:21:06','2015-08-04 07:00:00','2015-08-04 08:00:00',1),(523,2,'f3afdeba-e1ee-469f-83c3-fdbd458c2c25','2015-08-04 12:21:06','2015-08-04 21:00:00','2015-08-04 23:00:00',NULL),(524,4,'f3afdeba-e1ee-469f-83c3-fdbd458c2c25','2015-08-04 12:21:06','2015-08-04 19:00:00','2015-08-04 22:00:00',NULL),(525,5,'f3afdeba-e1ee-469f-83c3-fdbd458c2c25','2015-08-04 12:21:06','2015-08-04 14:00:00','2015-08-04 22:00:00',NULL),(547,7,'ad787a10-5dfe-4519-bd61-1d2f30ed6b00','2015-08-04 17:34:06','2015-08-04 09:00:00','2015-08-04 23:00:00',NULL),(548,1,'ad787a10-5dfe-4519-bd61-1d2f30ed6b00','2015-08-04 17:34:06','2015-08-04 07:00:00','2015-08-04 08:00:00',NULL),(549,2,'ad787a10-5dfe-4519-bd61-1d2f30ed6b00','2015-08-04 17:34:06','2015-08-04 21:00:00','2015-08-04 23:00:00',NULL),(562,1,'530a3fcb-07d7-494e-8ede-01a918550126','2015-08-05 16:06:43','2015-08-05 00:00:00','2015-08-14 19:16:00',1),(563,2,'530a3fcb-07d7-494e-8ede-01a918550126','2015-08-05 16:06:43','2015-08-05 21:00:00','2015-08-05 23:00:00',1),(564,4,'530a3fcb-07d7-494e-8ede-01a918550126','2015-08-05 16:06:43','2015-08-05 19:00:00','2015-08-05 22:00:00',NULL),(565,5,'530a3fcb-07d7-494e-8ede-01a918550126','2015-08-05 16:06:43','2015-08-05 14:00:00','2015-08-05 22:00:00',1),(566,3,'7a3f443f-f20d-47ec-bf76-e805556b303f','2015-08-05 16:26:18','2015-08-05 15:00:00','2015-08-05 18:00:00',NULL),(567,6,'7a3f443f-f20d-47ec-bf76-e805556b303f','2015-08-05 16:26:18','2015-08-05 15:00:00','2015-08-05 18:00:00',NULL),(568,1,'7a3f443f-f20d-47ec-bf76-e805556b303f','2015-08-05 16:26:18','2015-08-05 07:00:00','2015-08-05 08:00:00',NULL),(569,4,'7a3f443f-f20d-47ec-bf76-e805556b303f','2015-08-05 16:26:18','2015-08-05 19:00:00','2015-08-05 22:00:00',NULL),(570,3,'d00106f6-77ce-4e5b-935c-9c8da6bd3c32','2015-08-06 10:26:29','2015-08-06 15:00:00','2015-08-06 18:00:00',NULL),(571,6,'d00106f6-77ce-4e5b-935c-9c8da6bd3c32','2015-08-06 10:26:29','2015-08-06 13:03:00','2015-08-06 20:30:00',1),(572,1,'d00106f6-77ce-4e5b-935c-9c8da6bd3c32','2015-08-06 10:26:29','2015-08-06 07:59:00','2015-08-06 08:00:00',1),(573,7,'8fb6e334-8355-4e1e-b490-fb896fe8dce1','2015-08-06 11:03:41','2015-08-06 09:00:00','2015-08-06 23:00:00',NULL),(574,1,'8fb6e334-8355-4e1e-b490-fb896fe8dce1','2015-08-06 11:03:41','2015-08-06 07:00:00','2015-08-06 08:00:00',NULL),(575,2,'8fb6e334-8355-4e1e-b490-fb896fe8dce1','2015-08-06 11:03:41','2015-08-06 21:00:00','2015-08-06 23:00:00',NULL),(576,7,'43a579f0-d297-4769-9be9-a0d0f54b58df','2015-08-06 11:03:48','2015-08-06 09:00:00','2015-08-06 23:00:00',NULL),(577,1,'43a579f0-d297-4769-9be9-a0d0f54b58df','2015-08-06 11:03:48','2015-08-06 07:00:00','2015-08-06 08:00:00',NULL),(578,2,'43a579f0-d297-4769-9be9-a0d0f54b58df','2015-08-06 11:03:48','2015-08-06 21:00:00','2015-08-06 23:00:00',NULL),(579,3,'006ef835-24d2-4966-af1e-1ad2684f9ee3','2015-08-06 17:46:47','2015-08-06 15:00:00','2015-08-06 18:00:00',NULL),(580,6,'006ef835-24d2-4966-af1e-1ad2684f9ee3','2015-08-06 17:46:47','2015-08-06 15:00:00','2015-08-06 18:00:00',NULL),(581,1,'006ef835-24d2-4966-af1e-1ad2684f9ee3','2015-08-06 17:46:47','2015-08-06 07:00:00','2015-08-06 08:00:00',NULL),(582,4,'006ef835-24d2-4966-af1e-1ad2684f9ee3','2015-08-06 17:46:47','2015-08-06 19:00:00','2015-08-06 22:00:00',NULL),(583,1,'963b81b4-4754-4672-9101-1db9bc76476f','2015-08-07 10:53:56','2015-08-07 07:00:00','2015-08-07 08:00:00',1),(584,2,'963b81b4-4754-4672-9101-1db9bc76476f','2015-08-07 10:53:56','2015-08-07 21:00:00','2015-08-07 23:00:00',NULL),(585,4,'963b81b4-4754-4672-9101-1db9bc76476f','2015-08-07 10:53:56','2015-08-07 19:00:00','2015-08-07 22:00:00',NULL),(586,5,'963b81b4-4754-4672-9101-1db9bc76476f','2015-08-07 10:53:56','2015-08-07 14:00:00','2015-08-07 22:00:00',NULL),(587,1,'1c283077-5285-432b-911a-3e48141a67a9','2015-08-10 11:00:53','2015-08-10 07:00:00','2015-08-10 08:00:00',1),(588,2,'1c283077-5285-432b-911a-3e48141a67a9','2015-08-10 11:00:53','2015-08-10 21:00:00','2015-08-10 23:00:00',1),(589,4,'1c283077-5285-432b-911a-3e48141a67a9','2015-08-10 11:00:53','2015-08-10 19:00:00','2015-08-10 22:00:00',NULL),(590,5,'1c283077-5285-432b-911a-3e48141a67a9','2015-08-10 11:00:53','2015-08-10 14:00:00','2015-08-10 22:00:00',NULL),(591,3,'479ce6af-aeb7-4214-8b7a-378629cde4ab','2015-08-11 15:37:49','2015-08-11 15:00:00','2015-08-11 18:00:00',NULL),(592,6,'479ce6af-aeb7-4214-8b7a-378629cde4ab','2015-08-11 15:37:49','2015-08-11 15:00:00','2015-08-11 18:00:00',NULL),(593,1,'479ce6af-aeb7-4214-8b7a-378629cde4ab','2015-08-11 15:37:49','2015-08-11 07:00:00','2015-08-11 08:00:00',1),(594,4,'479ce6af-aeb7-4214-8b7a-378629cde4ab','2015-08-11 15:37:49','2015-08-11 19:00:00','2015-08-11 22:00:00',NULL),(595,3,'0e66b834-7c97-4d75-bb64-39ed52b9e796','2015-08-11 15:39:42','2015-08-11 15:00:00','2015-08-11 18:00:00',NULL),(596,6,'0e66b834-7c97-4d75-bb64-39ed52b9e796','2015-08-11 15:39:42','2015-08-11 15:00:00','2015-08-11 18:00:00',NULL),(597,1,'0e66b834-7c97-4d75-bb64-39ed52b9e796','2015-08-11 15:39:42','2015-08-11 07:00:00','2015-08-11 08:00:00',NULL),(598,4,'0e66b834-7c97-4d75-bb64-39ed52b9e796','2015-08-11 15:39:42','2015-08-11 19:00:00','2015-08-11 22:00:00',NULL),(599,3,'f5083efd-64c5-4e7b-8e01-c56d53587368','2015-08-11 15:41:05','2015-08-11 15:00:00','2015-08-11 18:00:00',NULL),(600,6,'f5083efd-64c5-4e7b-8e01-c56d53587368','2015-08-11 15:41:05','2015-08-11 15:00:00','2015-08-11 18:00:00',NULL),(601,1,'f5083efd-64c5-4e7b-8e01-c56d53587368','2015-08-11 15:41:05','2015-08-11 07:00:00','2015-08-11 08:00:00',1),(602,7,'b5df58a8-f2cc-4a60-95a8-44c4a7b79e86','2015-08-11 15:48:16','2015-08-11 09:00:00','2015-08-11 23:00:00',NULL),(603,2,'b5df58a8-f2cc-4a60-95a8-44c4a7b79e86','2015-08-11 15:48:16','2015-08-11 21:00:00','2015-08-11 23:00:00',NULL),(604,7,'5dca2ea3-21db-4479-8bdd-1bec492b219a','2015-08-11 15:48:38','2015-08-11 09:00:00','2015-08-11 23:00:00',NULL),(605,2,'5dca2ea3-21db-4479-8bdd-1bec492b219a','2015-08-11 15:48:38','2015-08-11 21:00:00','2015-08-11 23:00:00',NULL),(606,7,'f14fb8d1-3b9c-4916-aea2-b881a754e699','2015-08-11 15:48:44','2015-08-11 09:00:00','2015-08-11 23:00:00',NULL),(607,2,'f14fb8d1-3b9c-4916-aea2-b881a754e699','2015-08-11 15:48:44','2015-08-11 21:00:00','2015-08-11 23:00:00',NULL),(608,7,'962e01bc-8ca4-426e-be22-3e62525bdc55','2015-08-11 15:48:53','2015-08-11 09:00:00','2015-08-11 23:00:00',NULL),(609,2,'962e01bc-8ca4-426e-be22-3e62525bdc55','2015-08-11 15:48:53','2015-08-11 21:00:00','2015-08-11 23:00:00',NULL),(610,7,'5daf012c-8b8e-47dc-8487-5c32d6cd34b3','2015-08-11 15:48:58','2015-08-11 09:00:00','2015-08-11 23:00:00',NULL),(611,2,'5daf012c-8b8e-47dc-8487-5c32d6cd34b3','2015-08-11 15:48:58','2015-08-11 21:00:00','2015-08-11 23:00:00',NULL),(612,7,'8673eda6-356f-4230-aa55-9d5268cd9c60','2015-08-11 15:49:06','2015-08-11 09:00:00','2015-08-11 23:00:00',NULL),(613,2,'8673eda6-356f-4230-aa55-9d5268cd9c60','2015-08-11 15:49:06','2015-08-11 21:00:00','2015-08-11 23:00:00',NULL),(614,7,'41a20ee6-5d1c-469a-9de6-8c858a0484d6','2015-08-11 15:49:13','2015-08-11 09:00:00','2015-08-11 23:00:00',NULL),(615,2,'41a20ee6-5d1c-469a-9de6-8c858a0484d6','2015-08-11 15:49:13','2015-08-11 21:00:00','2015-08-11 23:00:00',NULL),(616,7,'046f67e2-65ae-482f-9276-408319b7e959','2015-08-11 15:49:21','2015-08-11 09:00:00','2015-08-11 23:00:00',NULL),(617,2,'046f67e2-65ae-482f-9276-408319b7e959','2015-08-11 15:49:21','2015-08-11 21:00:00','2015-08-11 23:00:00',NULL),(618,7,'4cd22e7e-b8e8-43c8-801c-2f66fa360265','2015-08-11 15:49:30','2015-08-11 09:00:00','2015-08-11 23:00:00',NULL),(619,2,'4cd22e7e-b8e8-43c8-801c-2f66fa360265','2015-08-11 15:49:30','2015-08-11 21:00:00','2015-08-11 23:00:00',NULL),(620,7,'794af924-e3c0-45de-995c-a3a7850c3739','2015-08-11 15:49:37','2015-08-11 09:00:00','2015-08-11 23:00:00',NULL),(621,2,'794af924-e3c0-45de-995c-a3a7850c3739','2015-08-11 15:49:37','2015-08-11 21:00:00','2015-08-11 23:00:00',NULL),(622,7,'ed8218b3-8084-43d6-a2d0-166449787bb5','2015-08-11 15:49:54','2015-08-11 09:00:00','2015-08-11 23:00:00',NULL),(623,2,'ed8218b3-8084-43d6-a2d0-166449787bb5','2015-08-11 15:49:54','2015-08-11 21:00:00','2015-08-11 23:00:00',NULL),(624,7,'595028c0-9af4-489e-8d1c-399dc0877bec','2015-08-11 15:50:02','2015-08-11 09:00:00','2015-08-11 23:00:00',NULL),(625,2,'595028c0-9af4-489e-8d1c-399dc0877bec','2015-08-11 15:50:02','2015-08-11 21:00:00','2015-08-11 23:00:00',NULL),(626,7,'fac5e044-91e0-4d58-8c02-9e4bcd768596','2015-08-11 15:50:11','2015-08-11 09:00:00','2015-08-11 23:00:00',NULL),(627,2,'fac5e044-91e0-4d58-8c02-9e4bcd768596','2015-08-11 15:50:11','2015-08-11 21:00:00','2015-08-11 23:00:00',NULL),(628,7,'2cfb2fb2-4849-4474-a022-b5ff61dd8ec4','2015-08-11 15:50:35','2015-08-11 09:00:00','2015-08-11 23:00:00',NULL),(629,2,'2cfb2fb2-4849-4474-a022-b5ff61dd8ec4','2015-08-11 15:50:35','2015-08-11 21:00:00','2015-08-11 23:00:00',NULL),(630,7,'dadc061a-92e4-42ba-8900-0916f74844db','2015-08-11 15:51:32','2015-08-11 09:00:00','2015-08-11 23:00:00',NULL),(631,2,'dadc061a-92e4-42ba-8900-0916f74844db','2015-08-11 15:51:32','2015-08-11 21:00:00','2015-08-11 23:00:00',NULL),(632,7,'28a363a9-6907-4b96-8779-8aeb77eacb31','2015-08-11 15:51:40','2015-08-11 09:00:00','2015-08-11 23:00:00',NULL),(633,2,'28a363a9-6907-4b96-8779-8aeb77eacb31','2015-08-11 15:51:40','2015-08-11 21:00:00','2015-08-11 23:00:00',NULL),(634,7,'f4a3c987-cd50-45dc-987d-4e8666a995c2','2015-08-11 15:51:47','2015-08-11 09:00:00','2015-08-11 23:00:00',NULL),(635,2,'f4a3c987-cd50-45dc-987d-4e8666a995c2','2015-08-11 15:51:47','2015-08-11 21:00:00','2015-08-11 23:00:00',NULL),(636,7,'fb1d55ce-c4c1-4aea-9e74-575a2042bf3d','2015-08-11 15:51:54','2015-08-11 09:00:00','2015-08-11 23:00:00',NULL),(637,2,'fb1d55ce-c4c1-4aea-9e74-575a2042bf3d','2015-08-11 15:51:54','2015-08-11 21:00:00','2015-08-11 23:00:00',NULL),(638,7,'7bf6d968-157b-47be-866e-a6cd8607daf3','2015-08-11 15:54:40','2015-08-11 09:00:00','2015-08-11 23:00:00',NULL),(639,2,'7bf6d968-157b-47be-866e-a6cd8607daf3','2015-08-11 15:54:40','2015-08-11 21:00:00','2015-08-11 23:00:00',NULL),(640,7,'e03cbd6d-b090-4d9c-917f-c9bb592e5913','2015-08-11 15:54:54','2015-08-11 09:00:00','2015-08-11 23:00:00',NULL),(641,1,'e03cbd6d-b090-4d9c-917f-c9bb592e5913','2015-08-11 15:54:54','2015-08-11 07:00:00','2015-08-11 08:00:00',1),(642,2,'e03cbd6d-b090-4d9c-917f-c9bb592e5913','2015-08-11 15:54:54','2015-08-11 21:00:00','2015-08-11 23:00:00',NULL),(643,4,'876aeb3d-8228-4574-b1e5-f904b7683db9','2015-08-11 15:55:38','2015-08-11 19:00:00','2015-08-11 22:00:00',NULL),(644,1,'748393da-68d7-4485-add6-413cb7f2f67a','2015-08-12 10:04:28','2015-08-12 07:00:00','2015-08-12 23:10:00',1),(645,2,'748393da-68d7-4485-add6-413cb7f2f67a','2015-08-12 10:04:28','2015-08-12 21:06:00','2015-08-12 23:00:00',1),(646,4,'748393da-68d7-4485-add6-413cb7f2f67a','2015-08-12 10:04:28','2015-08-12 19:00:00','2015-08-12 22:00:00',NULL),(647,5,'748393da-68d7-4485-add6-413cb7f2f67a','2015-08-12 10:04:28','2015-08-12 14:00:00','2015-08-12 22:00:00',NULL),(656,1,'8afd682a-ea65-47b7-a4f9-0f5da52d5f79','2015-08-12 14:40:23','2015-08-12 07:00:00','2015-08-12 08:00:00',1),(657,2,'8afd682a-ea65-47b7-a4f9-0f5da52d5f79','2015-08-12 14:40:23','2015-08-12 21:00:00','2015-08-12 23:00:00',NULL),(658,4,'8afd682a-ea65-47b7-a4f9-0f5da52d5f79','2015-08-12 14:40:23','2015-08-12 19:00:00','2015-08-12 22:00:00',NULL),(659,5,'8afd682a-ea65-47b7-a4f9-0f5da52d5f79','2015-08-12 14:40:23','2015-08-12 14:00:00','2015-08-12 22:00:00',NULL),(680,1,'87b31637-ac9e-4ac5-9a87-740d94965de3','2015-08-12 14:46:39','2015-08-12 07:00:00','2015-08-12 08:00:00',1),(681,2,'87b31637-ac9e-4ac5-9a87-740d94965de3','2015-08-12 14:46:39','2015-08-12 21:00:00','2015-08-12 23:00:00',NULL),(682,4,'87b31637-ac9e-4ac5-9a87-740d94965de3','2015-08-12 14:46:39','2015-08-12 19:00:00','2015-08-12 22:00:00',NULL),(683,5,'87b31637-ac9e-4ac5-9a87-740d94965de3','2015-08-12 14:46:39','2015-08-12 14:00:00','2015-08-12 22:00:00',NULL),(684,1,'e4d312f6-6287-40fa-b78c-6231e535bd2d','2015-08-13 11:33:06','2015-08-13 07:00:00','2015-08-13 08:00:00',NULL),(685,2,'e4d312f6-6287-40fa-b78c-6231e535bd2d','2015-08-13 11:33:06','2015-08-13 21:00:00','2015-08-13 23:00:00',NULL),(686,4,'e4d312f6-6287-40fa-b78c-6231e535bd2d','2015-08-13 11:33:06','2015-08-13 19:00:00','2015-08-13 22:00:00',NULL),(687,5,'e4d312f6-6287-40fa-b78c-6231e535bd2d','2015-08-13 11:33:06','2015-08-13 14:00:00','2015-08-13 22:00:00',NULL),(688,1,'a26c6ebc-82ea-482a-9153-5cd4e81bdcae','2015-08-13 11:33:27','2015-08-13 07:00:00','2015-08-13 08:00:00',NULL),(689,2,'a26c6ebc-82ea-482a-9153-5cd4e81bdcae','2015-08-13 11:33:27','2015-08-13 21:00:00','2015-08-13 23:00:00',NULL),(690,4,'a26c6ebc-82ea-482a-9153-5cd4e81bdcae','2015-08-13 11:33:27','2015-08-13 19:00:00','2015-08-13 22:00:00',NULL),(691,5,'a26c6ebc-82ea-482a-9153-5cd4e81bdcae','2015-08-13 11:33:27','2015-08-13 14:00:00','2015-08-13 22:00:00',NULL),(692,1,'7602c189-8143-40ba-a55e-51d12358ca09','2015-08-13 11:34:45','2015-08-13 07:00:00','2015-08-13 08:00:00',1),(693,2,'7602c189-8143-40ba-a55e-51d12358ca09','2015-08-13 11:34:45','2015-08-13 21:00:00','2015-08-13 23:00:00',NULL),(694,4,'7602c189-8143-40ba-a55e-51d12358ca09','2015-08-13 11:34:45','2015-08-13 19:00:00','2015-08-13 22:00:00',NULL),(695,5,'7602c189-8143-40ba-a55e-51d12358ca09','2015-08-13 11:34:45','2015-08-13 14:00:00','2015-08-13 22:00:00',NULL),(696,1,'aecaf2b6-7eda-4c9a-b6c8-ecc9739d3c12','2015-08-13 11:34:59','2015-08-13 07:00:00','2015-08-13 08:00:00',NULL),(697,2,'aecaf2b6-7eda-4c9a-b6c8-ecc9739d3c12','2015-08-13 11:34:59','2015-08-13 21:00:00','2015-08-13 23:00:00',NULL),(698,4,'aecaf2b6-7eda-4c9a-b6c8-ecc9739d3c12','2015-08-13 11:34:59','2015-08-13 19:00:00','2015-08-13 22:00:00',NULL),(699,5,'aecaf2b6-7eda-4c9a-b6c8-ecc9739d3c12','2015-08-13 11:34:59','2015-08-13 14:00:00','2015-08-13 22:00:00',NULL),(700,1,'0befa476-3229-44f8-b8a9-5e37604da3ea','2015-08-13 11:35:42','2015-08-13 07:00:00','2015-08-13 08:00:00',NULL),(701,2,'0befa476-3229-44f8-b8a9-5e37604da3ea','2015-08-13 11:35:42','2015-08-13 21:00:00','2015-08-13 23:00:00',NULL),(702,4,'0befa476-3229-44f8-b8a9-5e37604da3ea','2015-08-13 11:35:42','2015-08-13 19:00:00','2015-08-13 22:00:00',NULL),(703,5,'0befa476-3229-44f8-b8a9-5e37604da3ea','2015-08-13 11:35:42','2015-08-13 14:00:00','2015-08-13 22:00:00',NULL),(704,1,'75d80d05-57c3-4096-b253-8e19aa290235','2015-08-13 11:37:18','2015-08-13 07:00:00','2015-08-13 08:00:00',NULL),(705,2,'75d80d05-57c3-4096-b253-8e19aa290235','2015-08-13 11:37:18','2015-08-13 21:00:00','2015-08-13 23:00:00',NULL),(706,4,'75d80d05-57c3-4096-b253-8e19aa290235','2015-08-13 11:37:18','2015-08-13 19:00:00','2015-08-13 22:00:00',NULL),(707,5,'75d80d05-57c3-4096-b253-8e19aa290235','2015-08-13 11:37:18','2015-08-13 14:00:00','2015-08-13 22:00:00',NULL),(708,1,'841db623-c533-4035-9d99-2959187fff73','2015-08-13 11:38:53','2015-08-13 07:00:00','2015-08-13 08:00:00',NULL),(709,2,'841db623-c533-4035-9d99-2959187fff73','2015-08-13 11:38:53','2015-08-13 21:00:00','2015-08-13 23:00:00',NULL),(710,4,'841db623-c533-4035-9d99-2959187fff73','2015-08-13 11:38:53','2015-08-13 19:00:00','2015-08-13 22:00:00',NULL),(711,5,'841db623-c533-4035-9d99-2959187fff73','2015-08-13 11:38:53','2015-08-13 14:00:00','2015-08-13 22:00:00',NULL),(712,1,'b2fc6ad0-990d-4a09-983e-831ace6266e7','2015-08-13 11:41:07','2015-08-13 07:00:00','2015-08-13 08:00:00',1),(713,2,'b2fc6ad0-990d-4a09-983e-831ace6266e7','2015-08-13 11:41:07','2015-08-13 21:00:00','2015-08-13 23:00:00',NULL),(714,4,'b2fc6ad0-990d-4a09-983e-831ace6266e7','2015-08-13 11:41:07','2015-08-13 19:00:00','2015-08-13 22:00:00',NULL),(715,5,'b2fc6ad0-990d-4a09-983e-831ace6266e7','2015-08-13 11:41:07','2015-08-13 14:00:00','2015-08-13 22:00:00',NULL),(716,3,'817519d5-c7bb-486b-b496-08b5360ca37c','2015-08-13 11:41:55','2015-08-13 15:00:00','2015-08-13 18:00:00',NULL),(717,1,'5ebffc95-db1d-42f7-a022-7980bc9d1c22','2015-08-13 11:42:19','2015-08-13 07:00:00','2015-08-13 08:00:00',NULL),(718,2,'5ebffc95-db1d-42f7-a022-7980bc9d1c22','2015-08-13 11:42:19','2015-08-13 21:00:00','2015-08-13 23:00:00',NULL),(719,4,'5ebffc95-db1d-42f7-a022-7980bc9d1c22','2015-08-13 11:42:19','2015-08-13 19:00:00','2015-08-13 22:00:00',NULL),(720,5,'5ebffc95-db1d-42f7-a022-7980bc9d1c22','2015-08-13 11:42:19','2015-08-13 14:00:00','2015-08-13 22:00:00',NULL),(721,1,'e57cb326-d587-4aa3-9b84-0ec7bc9a659a','2015-08-13 11:43:46','2015-08-13 07:00:00','2015-08-13 08:00:00',NULL),(722,2,'e57cb326-d587-4aa3-9b84-0ec7bc9a659a','2015-08-13 11:43:46','2015-08-13 21:00:00','2015-08-13 23:00:00',NULL),(723,4,'e57cb326-d587-4aa3-9b84-0ec7bc9a659a','2015-08-13 11:43:46','2015-08-13 19:00:00','2015-08-13 22:00:00',NULL),(724,5,'e57cb326-d587-4aa3-9b84-0ec7bc9a659a','2015-08-13 11:43:46','2015-08-13 14:00:00','2015-08-13 22:00:00',NULL),(725,1,'f897efe5-96df-45c7-9319-1268b6ec19e5','2015-08-13 11:45:34','2015-08-13 07:00:00','2015-08-13 08:00:00',NULL),(726,2,'f897efe5-96df-45c7-9319-1268b6ec19e5','2015-08-13 11:45:34','2015-08-13 21:00:00','2015-08-13 23:00:00',NULL),(727,4,'f897efe5-96df-45c7-9319-1268b6ec19e5','2015-08-13 11:45:34','2015-08-13 19:00:00','2015-08-13 22:00:00',NULL),(728,5,'f897efe5-96df-45c7-9319-1268b6ec19e5','2015-08-13 11:45:34','2015-08-13 14:00:00','2015-08-13 22:00:00',NULL),(729,1,'5828041d-9a47-496c-940c-b094b5f3bd48','2015-08-13 11:57:30','2015-08-13 07:00:00','2015-08-13 08:00:00',NULL),(730,2,'5828041d-9a47-496c-940c-b094b5f3bd48','2015-08-13 11:57:30','2015-08-13 21:00:00','2015-08-13 23:00:00',NULL),(731,4,'5828041d-9a47-496c-940c-b094b5f3bd48','2015-08-13 11:57:30','2015-08-13 19:00:00','2015-08-13 22:00:00',NULL),(732,5,'5828041d-9a47-496c-940c-b094b5f3bd48','2015-08-13 11:57:30','2015-08-13 14:00:00','2015-08-13 22:00:00',NULL),(733,1,'0ba11102-de10-4406-9355-85604070969f','2015-08-13 11:59:28','2015-08-13 07:00:00','2015-08-13 08:00:00',NULL),(734,2,'0ba11102-de10-4406-9355-85604070969f','2015-08-13 11:59:28','2015-08-13 21:00:00','2015-08-13 23:00:00',NULL),(735,4,'0ba11102-de10-4406-9355-85604070969f','2015-08-13 11:59:28','2015-08-13 19:00:00','2015-08-13 22:00:00',NULL),(736,5,'0ba11102-de10-4406-9355-85604070969f','2015-08-13 11:59:28','2015-08-13 14:00:00','2015-08-13 22:00:00',NULL),(737,1,'353900aa-aaca-4d5c-a751-a20ff8a32dbc','2015-08-13 12:03:09','2015-08-13 07:00:00','2015-08-13 08:00:00',NULL),(738,2,'353900aa-aaca-4d5c-a751-a20ff8a32dbc','2015-08-13 12:03:09','2015-08-13 21:00:00','2015-08-13 23:00:00',NULL),(739,4,'353900aa-aaca-4d5c-a751-a20ff8a32dbc','2015-08-13 12:03:09','2015-08-13 19:00:00','2015-08-13 22:00:00',NULL),(740,5,'353900aa-aaca-4d5c-a751-a20ff8a32dbc','2015-08-13 12:03:09','2015-08-13 14:00:00','2015-08-13 22:00:00',NULL),(741,1,'3a5d093d-b0fa-4dcd-b01d-5d35f9ec9179','2015-08-13 12:12:46','2015-08-13 07:00:00','2015-08-13 08:00:00',NULL),(742,2,'3a5d093d-b0fa-4dcd-b01d-5d35f9ec9179','2015-08-13 12:12:46','2015-08-13 21:00:00','2015-08-13 23:00:00',NULL),(743,4,'3a5d093d-b0fa-4dcd-b01d-5d35f9ec9179','2015-08-13 12:12:46','2015-08-13 19:00:00','2015-08-13 22:00:00',NULL),(744,5,'3a5d093d-b0fa-4dcd-b01d-5d35f9ec9179','2015-08-13 12:12:46','2015-08-13 14:00:00','2015-08-13 22:00:00',NULL),(745,1,'ca801d10-df4c-4f08-9aa4-780b700845a7','2015-08-13 12:13:38','2015-08-13 07:00:00','2015-08-13 08:00:00',NULL),(746,2,'ca801d10-df4c-4f08-9aa4-780b700845a7','2015-08-13 12:13:38','2015-08-13 21:00:00','2015-08-13 23:00:00',NULL),(747,4,'ca801d10-df4c-4f08-9aa4-780b700845a7','2015-08-13 12:13:38','2015-08-13 19:00:00','2015-08-13 22:00:00',NULL),(748,5,'ca801d10-df4c-4f08-9aa4-780b700845a7','2015-08-13 12:13:38','2015-08-13 14:00:00','2015-08-13 22:00:00',NULL),(749,1,'bb76037b-c82a-46aa-9563-28fd8dec9f0c','2015-08-13 12:14:07','2015-08-13 07:00:00','2015-08-13 08:00:00',NULL),(750,2,'bb76037b-c82a-46aa-9563-28fd8dec9f0c','2015-08-13 12:14:07','2015-08-13 21:00:00','2015-08-13 23:00:00',NULL),(751,4,'bb76037b-c82a-46aa-9563-28fd8dec9f0c','2015-08-13 12:14:07','2015-08-13 19:00:00','2015-08-13 22:00:00',NULL),(752,5,'bb76037b-c82a-46aa-9563-28fd8dec9f0c','2015-08-13 12:14:07','2015-08-13 14:00:00','2015-08-13 22:00:00',NULL),(753,3,'c64e3db4-3691-4cfb-8903-ae0c55fe7406','2015-08-13 12:26:40','2015-08-13 15:00:00','2015-08-13 18:00:00',NULL),(754,6,'c64e3db4-3691-4cfb-8903-ae0c55fe7406','2015-08-13 12:26:40','2015-08-13 15:00:00','2015-08-13 18:00:00',NULL),(755,1,'c64e3db4-3691-4cfb-8903-ae0c55fe7406','2015-08-13 12:26:40','2015-08-13 07:00:00','2015-08-13 08:00:00',NULL),(756,4,'c64e3db4-3691-4cfb-8903-ae0c55fe7406','2015-08-13 12:26:40','2015-08-13 19:00:00','2015-08-13 22:00:00',NULL),(757,1,'fc5d217c-91e0-439d-a20e-c00094176011','2015-08-13 12:39:17','2015-08-13 07:00:00','2015-08-13 08:00:00',1),(758,2,'fc5d217c-91e0-439d-a20e-c00094176011','2015-08-13 12:39:17','2015-08-13 21:00:00','2015-08-13 23:00:00',NULL),(759,4,'fc5d217c-91e0-439d-a20e-c00094176011','2015-08-13 12:39:17','2015-08-13 19:00:00','2015-08-13 22:00:00',NULL),(760,5,'fc5d217c-91e0-439d-a20e-c00094176011','2015-08-13 12:39:17','2015-08-13 14:00:00','2015-08-13 22:00:00',NULL),(761,1,'7caae1d9-4a18-4d34-845f-37f7e186ac9c','2015-08-13 12:39:38','2015-08-13 07:00:00','2015-08-13 08:00:00',0),(762,2,'7caae1d9-4a18-4d34-845f-37f7e186ac9c','2015-08-13 12:39:38','2015-08-13 21:00:00','2015-08-13 23:00:00',NULL),(763,4,'7caae1d9-4a18-4d34-845f-37f7e186ac9c','2015-08-13 12:39:38','2015-08-13 19:00:00','2015-08-13 22:00:00',NULL),(764,5,'7caae1d9-4a18-4d34-845f-37f7e186ac9c','2015-08-13 12:39:38','2015-08-13 14:00:00','2015-08-13 22:00:00',NULL),(765,1,'de673faf-1acb-4e1a-ba08-bb6233581fc8','2015-08-13 14:12:38','2015-08-13 07:00:00','2015-08-13 08:00:00',NULL),(766,2,'de673faf-1acb-4e1a-ba08-bb6233581fc8','2015-08-13 14:12:38','2015-08-13 21:00:00','2015-08-13 23:00:00',NULL),(767,4,'de673faf-1acb-4e1a-ba08-bb6233581fc8','2015-08-13 14:12:38','2015-08-13 19:00:00','2015-08-13 22:00:00',NULL),(768,5,'de673faf-1acb-4e1a-ba08-bb6233581fc8','2015-08-13 14:12:38','2015-08-13 14:00:00','2015-08-13 22:00:00',NULL),(769,1,'364bcb69-1e1f-4830-8f67-fa523a3220e6','2015-08-13 14:29:12','2015-08-13 07:00:00','2015-08-13 08:00:00',1),(770,2,'364bcb69-1e1f-4830-8f67-fa523a3220e6','2015-08-13 14:29:12','2015-08-13 21:00:00','2015-08-13 23:00:00',NULL),(771,4,'364bcb69-1e1f-4830-8f67-fa523a3220e6','2015-08-13 14:29:12','2015-08-13 19:00:00','2015-08-13 22:00:00',0),(772,5,'364bcb69-1e1f-4830-8f67-fa523a3220e6','2015-08-13 14:29:12','2015-08-13 14:00:00','2015-08-13 22:00:00',NULL),(773,3,'b2e110f1-0c39-4a8f-8899-4a765c3169da','2015-08-13 14:34:41','2015-08-13 15:00:00','2015-08-13 18:00:00',NULL),(774,6,'b2e110f1-0c39-4a8f-8899-4a765c3169da','2015-08-13 14:34:41','2015-08-13 15:00:00','2015-08-13 18:00:00',NULL),(775,1,'b2e110f1-0c39-4a8f-8899-4a765c3169da','2015-08-13 14:34:41','2015-08-13 07:00:00','2015-08-13 08:00:00',NULL),(776,4,'b2e110f1-0c39-4a8f-8899-4a765c3169da','2015-08-13 14:34:41','2015-08-13 19:00:00','2015-08-13 22:00:00',1),(777,7,'83bbd98f-d3d9-4ec2-80a3-b289317a40ef','2015-08-13 14:41:59','2015-08-13 09:00:00','2015-08-13 23:00:00',1),(778,1,'83bbd98f-d3d9-4ec2-80a3-b289317a40ef','2015-08-13 14:41:59','2015-08-13 07:00:00','2015-08-13 08:00:00',1),(779,2,'83bbd98f-d3d9-4ec2-80a3-b289317a40ef','2015-08-13 14:41:59','2015-08-13 21:00:00','2015-08-13 23:00:00',NULL),(780,1,'676bd31b-45cb-4c10-9b13-95aa425d21a0','2015-08-13 14:59:28','2015-08-13 07:00:00','2015-08-13 08:00:00',NULL),(781,2,'676bd31b-45cb-4c10-9b13-95aa425d21a0','2015-08-13 14:59:28','2015-08-13 21:00:00','2015-08-13 23:00:00',NULL),(782,4,'676bd31b-45cb-4c10-9b13-95aa425d21a0','2015-08-13 14:59:28','2015-08-13 19:00:00','2015-08-13 22:00:00',NULL),(783,5,'676bd31b-45cb-4c10-9b13-95aa425d21a0','2015-08-13 14:59:28','2015-08-13 14:00:00','2015-08-13 22:00:00',NULL),(784,1,'ee77ed71-b82e-4bfa-a93e-0a197bc8c468','2015-08-13 15:00:43','2015-08-13 07:00:00','2015-08-13 08:00:00',NULL),(785,2,'ee77ed71-b82e-4bfa-a93e-0a197bc8c468','2015-08-13 15:00:43','2015-08-13 21:00:00','2015-08-13 23:00:00',NULL),(786,4,'ee77ed71-b82e-4bfa-a93e-0a197bc8c468','2015-08-13 15:00:43','2015-08-13 19:00:00','2015-08-13 22:00:00',NULL),(787,5,'ee77ed71-b82e-4bfa-a93e-0a197bc8c468','2015-08-13 15:00:43','2015-08-13 14:00:00','2015-08-13 22:00:00',NULL),(788,1,'2f721678-8332-4f45-b0fd-b6fc2d1af516','2015-08-13 15:06:09','2015-08-13 07:00:00','2015-08-13 08:00:00',NULL),(789,2,'2f721678-8332-4f45-b0fd-b6fc2d1af516','2015-08-13 15:06:09','2015-08-13 21:00:00','2015-08-13 23:00:00',NULL),(790,4,'2f721678-8332-4f45-b0fd-b6fc2d1af516','2015-08-13 15:06:09','2015-08-13 19:00:00','2015-08-13 22:00:00',NULL),(791,5,'2f721678-8332-4f45-b0fd-b6fc2d1af516','2015-08-13 15:06:09','2015-08-13 14:00:00','2015-08-13 22:00:00',NULL),(792,4,'99877ca5-a8a4-4634-83e7-e14eb363fec7','2015-08-13 15:13:46','2015-08-13 19:00:00','2015-08-13 22:00:00',NULL),(793,4,'dcbc3fe9-5849-4e1a-99cc-7a46bdd3d1af','2015-08-13 15:14:18','2015-08-13 19:00:00','2015-08-13 22:00:00',NULL),(794,3,'588042bd-e015-461f-942e-1aeee5b44144','2015-08-14 14:04:36','2015-08-14 15:00:00','2015-08-14 18:00:00',NULL),(795,6,'588042bd-e015-461f-942e-1aeee5b44144','2015-08-14 14:04:36','2015-08-14 15:00:00','2015-08-14 18:00:00',NULL),(796,1,'588042bd-e015-461f-942e-1aeee5b44144','2015-08-14 14:04:36','2015-08-14 07:00:00','2015-08-14 08:00:00',NULL),(797,4,'588042bd-e015-461f-942e-1aeee5b44144','2015-08-14 14:04:36','2015-08-14 19:00:00','2015-08-14 22:00:00',NULL),(798,7,'b2febb2b-9ec6-4fe8-828e-b6c19592703b','2015-08-14 15:34:05','2015-08-14 09:00:00','2015-08-14 23:00:00',NULL),(799,2,'b2febb2b-9ec6-4fe8-828e-b6c19592703b','2015-08-14 15:34:05','2015-08-14 21:00:00','2015-08-14 23:00:00',NULL),(800,7,'3af6f687-7688-4ee6-bf75-019c5dba4af0','2015-08-17 17:05:02','2015-08-17 09:00:00','2015-08-17 23:00:00',NULL),(801,1,'3af6f687-7688-4ee6-bf75-019c5dba4af0','2015-08-17 17:05:02','2015-08-17 07:00:00','2015-08-17 08:00:00',NULL),(802,2,'3af6f687-7688-4ee6-bf75-019c5dba4af0','2015-08-17 17:05:02','2015-08-17 21:00:00','2015-08-17 23:00:00',NULL);

/*Table structure for table `gm_smart_device` */

DROP TABLE IF EXISTS `gm_smart_device`;

CREATE TABLE `gm_smart_device` (
  `id` bigint(30) NOT NULL COMMENT '设备唯一标识 与access_key 一起控制app与设备之间的数据交换',
  `device_id` varchar(100) NOT NULL COMMENT '设备ID',
  `product_id` bigint(30) NOT NULL COMMENT '产品Id',
  `access_key` varchar(100) DEFAULT NULL COMMENT '用户/设备进行数据访问的权限',
  `private` char(2) DEFAULT NULL COMMENT '是否私有',
  `pro_type` char(2) DEFAULT NULL COMMENT '产品类型',
  `public_flag` char(2) DEFAULT NULL COMMENT '是否为1、公共设备  默认为0、私有设备。',
  `create_date` varchar(20) DEFAULT NULL COMMENT '创建时间',
  `modify_per` varchar(20) DEFAULT NULL COMMENT '修改人',
  `modify_date` varchar(20) DEFAULT NULL COMMENT '修改时间',
  `device_version` varchar(20) DEFAULT NULL COMMENT '设备版本',
  `client_info` varchar(100) DEFAULT NULL COMMENT '客户端传输信息',
  `mac` varchar(30) DEFAULT NULL COMMENT 'mac地址',
  `channel` varchar(30) DEFAULT NULL COMMENT '数据来源',
  `main_sub_type` char(2) DEFAULT NULL COMMENT '主从类型 0 一般设备(缺省)；1 主设备；2从设备',
  `remark` varchar(200) DEFAULT NULL COMMENT '备注',
  `typeIdentifier` varchar(200) DEFAULT NULL COMMENT '设备类型唯一编码',
  PRIMARY KEY (`id`)
) ENGINE=InnoDB DEFAULT CHARSET=utf8;

/*Data for the table `gm_smart_device` */

insert  into `gm_smart_device`(`id`,`device_id`,`product_id`,`access_key`,`private`,`pro_type`,`public_flag`,`create_date`,`modify_per`,`modify_date`,`device_version`,`client_info`,`mac`,`channel`,`main_sub_type`,`remark`,`typeIdentifier`) values (144792129268966919,'0007A8946424',29,'469e957890332fcd09366f38ee2101ca','0','4','0','2015-11-19 16:21:32',NULL,NULL,'1.0','',NULL,NULL,'0',NULL,'00000000000000008080000000041410');

/*Table structure for table `gm_smart_device_category` */

DROP TABLE IF EXISTS `gm_smart_device_category`;

CREATE TABLE `gm_smart_device_category` (
  `id` bigint(20) NOT NULL AUTO_INCREMENT,
  `device_category_name` varchar(100) DEFAULT NULL,
  `device_category_url` varchar(100) DEFAULT NULL,
  `remark` varchar(200) DEFAULT NULL,
  `create_time` date DEFAULT NULL,
  `update_time` timestamp NOT NULL DEFAULT CURRENT_TIMESTAMP ON UPDATE CURRENT_TIMESTAMP,
  PRIMARY KEY (`id`)
) ENGINE=InnoDB AUTO_INCREMENT=11 DEFAULT CHARSET=utf8;

/*Data for the table `gm_smart_device_category` */

insert  into `gm_smart_device_category`(`id`,`device_category_name`,`device_category_url`,`remark`,`create_time`,`update_time`) values (1,'插座','http://cloudphoto.gome.com.cn/g1/M00/00/04/Cjo4S1YqAJ-AQBGlAAAxveHjwTk332.png','插座','2015-10-23','2015-11-05 14:58:58'),(2,'几维控制器','http://cloudphoto.gome.com.cn/g1/M01/00/04/Cjo4S1YqAL2AVtdwAAA2gibRukk768.png','几维控制器','2015-10-22','2015-10-23 17:41:30'),(3,'路由器','http://cloudphoto.gome.com.cn/g1/M00/00/04/Cjo4S1YqAJ-AQBGlAAAxveHjwTk332.png','路由器','2015-10-23','2015-11-05 15:00:08'),(4,'空调','http://cloudphoto.gome.com.cn/g1/M00/00/04/Cjo4S1YqAJ-AQBGlAAAxveHjwTk332.png','空调','2015-10-23','2015-10-23 17:41:07'),(5,'运动手环','http://cloudphoto.gome.com.cn/g1/M00/00/04/Cjo4S1YqAJ-AQBGlAAAxveHjwTk332.png','运动手环','2015-10-23','2015-11-05 15:00:10'),(6,'体脂秤','http://cloudphoto.gome.com.cn/g1/M00/00/04/Cjo4S1YqAJ-AQBGlAAAxveHjwTk332.png','体脂秤','2015-10-23','2015-11-05 15:00:12'),(7,'空气净化器','http://cloudphoto.gome.com.cn/g1/M01/00/04/Cjo4S1YcsYWAHTKyAAC1yYE3m78125.png','空气净化器','2015-10-23','2015-11-05 15:01:12');

/*Table structure for table `gm_smart_device_task` */

DROP TABLE IF EXISTS `gm_smart_device_task`;

CREATE TABLE `gm_smart_device_task` (
  `task_id` bigint(20) NOT NULL AUTO_INCREMENT COMMENT '主键',
  `user_id` bigint(20) DEFAULT NULL COMMENT '用户id',
  `device_id` bigint(20) DEFAULT NULL COMMENT '对应设备主键id',
  `task_name` varchar(50) DEFAULT NULL COMMENT '定时任务名称',
  `task_status` char(1) DEFAULT NULL COMMENT '定时任务状态，0关闭1启动',
  `cronexpression` varchar(20) DEFAULT NULL COMMENT '表达式构造器',
  `task_stream` varchar(500) DEFAULT NULL COMMENT '定时任务指令集',
  `frequency` varchar(10) DEFAULT NULL COMMENT '定时执行频率，周一到周日（0000000），0代表不执行1代表执行，例如：1000000每周一执行；1111111每天都执行',
  `frequency_hour` varchar(10) DEFAULT NULL COMMENT '定时执行频率-小时',
  `frequency_min` varchar(10) DEFAULT NULL COMMENT '定时执行频率-分钟',
  `create_time` varchar(20) DEFAULT NULL COMMENT '创建时间',
  PRIMARY KEY (`task_id`)
) ENGINE=InnoDB AUTO_INCREMENT=54 DEFAULT CHARSET=utf8;

/*Data for the table `gm_smart_device_task` */

insert  into `gm_smart_device_task`(`task_id`,`user_id`,`device_id`,`task_name`,`task_status`,`cronexpression`,`task_stream`,`frequency`,`frequency_hour`,`frequency_min`,`create_time`) values (53,71449407588,144723276270201297,'53','1','0 54 21 ? * 1,2','[{\"stream_id\":\"power\",\"value\":\"OFF\"}]','1100000','21','54','2015-11-19 14:40:14');

/*Table structure for table `gm_smart_device_task_log` */

DROP TABLE IF EXISTS `gm_smart_device_task_log`;

CREATE TABLE `gm_smart_device_task_log` (
  `id` bigint(20) NOT NULL AUTO_INCREMENT COMMENT '主键id',
  `task_id` bigint(20) DEFAULT NULL COMMENT '任务id',
  `task_status` char(1) DEFAULT NULL COMMENT '任务执行状态。-1异常，2执行失败',
  `create_time` timestamp NOT NULL DEFAULT CURRENT_TIMESTAMP ON UPDATE CURRENT_TIMESTAMP COMMENT '任务执行日期',
  `exception_detail` text COMMENT '任务失败异常日志信息',
  PRIMARY KEY (`id`)
) ENGINE=InnoDB DEFAULT CHARSET=utf8;

/*Data for the table `gm_smart_device_task_log` */

/*Table structure for table `gm_smart_goods_category` */

DROP TABLE IF EXISTS `gm_smart_goods_category`;

CREATE TABLE `gm_smart_goods_category` (
  `id` bigint(12) NOT NULL AUTO_INCREMENT COMMENT '主键',
  `category_name` varchar(50) DEFAULT NULL COMMENT '分类名称',
  `pic_path` varchar(100) DEFAULT NULL COMMENT '图片地址',
  `link_path` varchar(100) DEFAULT NULL COMMENT '链接地址',
  `status` tinyint(2) DEFAULT '0' COMMENT '0.启用状态',
  `create_user` bigint(12) DEFAULT NULL COMMENT '创建用户',
  `create_time` date DEFAULT NULL COMMENT '创建时间',
  `update_time` date DEFAULT NULL COMMENT '更新时间',
  `remark` varchar(300) DEFAULT NULL COMMENT '备注',
  PRIMARY KEY (`id`)
) ENGINE=InnoDB AUTO_INCREMENT=5 DEFAULT CHARSET=utf8;

/*Data for the table `gm_smart_goods_category` */

insert  into `gm_smart_goods_category`(`id`,`category_name`,`pic_path`,`link_path`,`status`,`create_user`,`create_time`,`update_time`,`remark`) values (1,'智能电器','http://file01.16sucai.com/d/file/2013-10-29/13830565615706.jpg','http://m.gome.com.cn/category.html?from=1&scat=2&key_word=%E6%99%BA%E8%83%BD%E7%94%B5%E5%99%A8',0,2,'2015-09-22','2015-09-22','测试'),(2,'健康监测','http://file01.16sucai.com/d/file/2013-10-29/13830565615706.jpg','http://m.gome.com.cn/category.html?FROM=1&scat=2&key_word=%E5%81%A5%E5%BA%B7%E7%9B%91%E6%B5%8B',0,2,'2015-09-08','2015-09-16',NULL),(3,'智能手表','http://file01.16sucai.com/d/file/2013-10-29/13830565615706.jpg','http://m.gome.com.cn/category.html?from=1&scat=2&key_word=%E6%99%BA%E8%83%BD%E6%89%8B%E8%A1%A8',0,2,'2015-10-10','2015-10-10',NULL),(4,'智能手环','http://file01.16sucai.com/d/file/2013-10-29/13830565615706.jpg','http://m.gome.com.cn/category.html?FROM=1&scat=2&key_word=%E6%99%BA%E8%83%BD%E6%89%8B%E7%8E%AF',0,2,'2015-10-10','2015-10-10',NULL);

/*Table structure for table `gm_stream_info` */

DROP TABLE IF EXISTS `gm_stream_info`;

CREATE TABLE `gm_stream_info` (
  `id` bigint(30) NOT NULL AUTO_INCREMENT,
  `data_desc` varchar(255) DEFAULT NULL COMMENT '数据说明(开，关)',
  `data_value` varchar(255) DEFAULT NULL COMMENT '传送数据(开：1，关：0)',
  `stream_id` varchar(100) NOT NULL,
  PRIMARY KEY (`id`)
) ENGINE=InnoDB AUTO_INCREMENT=133 DEFAULT CHARSET=utf8;

/*Data for the table `gm_stream_info` */

insert  into `gm_stream_info`(`id`,`data_desc`,`data_value`,`stream_id`) values (7,'温度','0','3'),(11,'室温','0','4'),(17,'a','1','8'),(18,'a','3','9'),(19,'b','4','9'),(20,'a','2','10'),(21,'e','2','11'),(25,'a','3','2'),(26,'b','3.5','2'),(28,'12','12','12'),(30,'啊','44','13'),(31,'恶','4','13'),(32,'开机','ON','14'),(33,'关机','OFF','14'),(34,'新风状态开','ON','15'),(35,'新风状态关','OFF','15'),(36,'健康状态开','ON','16'),(37,'健康状态关','OFF','16'),(38,'电加热开','ON','17'),(39,'电加热关','OFF','17'),(40,'加湿开','ON','18'),(41,'加湿关','OFF','18'),(42,'电子锁开','ON','19'),(43,'电子锁关','OFF','19'),(44,'自清扫开','ON','20'),(45,'自清扫关','OFF','20'),(46,'蜂鸣器响开','TRUE','21'),(47,'蜂鸣器响关','FALSE','21'),(48,'睡眠曲线开','TRUE','22'),(49,'睡眠曲线关','FALSE','22'),(50,'自动模式','auto','23'),(51,'制冷模式','cool','23'),(52,'除湿模式','dehumidify','23'),(53,'制热模式','heat','23'),(54,'送风模式','wind','23'),(55,'最低温度','16','24'),(56,'最高温度','30','24'),(57,'高风速','high','25'),(58,'中风速','medium','25'),(59,'慢风速','low','25'),(60,'自动风速','auto','25'),(61,'无湿度','0','26'),(62,'设定感人模式开','TRUE','27'),(63,'设定感人模式关','FALSE','27'),(64,'上下摆风固定','fixed','28'),(65,'上下摆风自动','auto','28'),(66,'左右摆风固定','fixed','29'),(67,'左右摆风自动','auto','29'),(72,'强制删除成功','TRUE','31'),(73,'强制删除失败','FALSE','31'),(74,'室内最低温度','0','32'),(75,'室内环境湿度','0','33'),(76,'室外环境温度','-30','34'),(77,'功率','100','35'),(82,'空气质量级别1','A','30'),(83,'1','5','36'),(85,'温度显示','28','38'),(130,'a','4','96'),(131,'温度','0','97'),(132,'PM值','2.5','98');

/*Table structure for table `gm_tel_validcode` */

DROP TABLE IF EXISTS `gm_tel_validcode`;

CREATE TABLE `gm_tel_validcode` (
  `tv_id` bigint(20) NOT NULL AUTO_INCREMENT COMMENT '手机验证码id',
  `tel` varchar(20) DEFAULT NULL COMMENT '手机号',
  `valid_code` int(10) DEFAULT NULL COMMENT '验证码',
  `send_qty` tinyint(2) DEFAULT '0' COMMENT '发送次数',
  `update_time` timestamp NOT NULL DEFAULT CURRENT_TIMESTAMP COMMENT '验证码修改时间',
  PRIMARY KEY (`tv_id`)
) ENGINE=InnoDB AUTO_INCREMENT=87 DEFAULT CHARSET=utf8;

/*Data for the table `gm_tel_validcode` */

insert  into `gm_tel_validcode`(`tv_id`,`tel`,`valid_code`,`send_qty`,`update_time`) values (12,'18600399029',2605,2,'2015-06-09 04:50:28'),(13,'18600643458',4973,2,'2015-06-19 11:54:36'),(14,'13920292904',7634,4,'2015-06-11 16:58:46'),(15,'15172330957',4543,4,'2015-06-11 16:48:30'),(16,'18500733125',9600,2,'2015-06-25 18:25:03'),(17,'13426367318',7269,2,'2015-10-23 16:10:42'),(18,'15510073806',3644,4,'2015-06-05 22:37:32'),(19,'15801260373',8365,4,'2015-10-28 16:27:10'),(20,'15901403933',7254,1,'2015-06-10 18:53:49'),(21,'13811150399',6048,2,'2015-06-11 15:57:06'),(22,'13811960215',2368,1,'2015-08-07 10:18:05'),(23,'18608625396',5875,0,'2015-06-11 18:24:10'),(24,'18311171640',9663,2,'2015-06-26 17:17:44'),(25,'13366522303',9483,0,'2015-06-12 14:23:09'),(26,'13269081085',5176,0,'2015-06-12 14:26:50'),(27,'13644745488',6023,0,'2015-06-12 14:29:37'),(28,'13466625259',6214,0,'2015-06-12 23:31:58'),(29,'15648954558',1229,0,'2015-06-13 10:13:31'),(30,'13847471245',5781,0,'2015-06-15 10:16:34'),(31,'18911171640',7316,0,'2015-06-19 11:24:53'),(32,'15611171640',6028,0,'2015-06-19 11:25:54'),(33,'18323232322',8513,0,'2015-06-19 11:39:11'),(34,'18811421411',4601,2,'2015-10-30 15:06:09'),(35,'13008852575',2082,0,'2015-06-25 15:14:07'),(36,'18311073688',8280,0,'2015-06-25 18:28:11'),(37,'13910217254',8202,0,'2015-06-25 21:29:43'),(38,'15632985666',6341,0,'2015-06-25 21:50:07'),(39,'18618147591',1703,0,'2015-06-25 22:26:47'),(40,'13436458697',1845,0,'2015-06-25 23:44:43'),(41,'13911169553',4202,0,'2015-06-26 08:42:10'),(42,'18600640011',2082,0,'2015-06-26 08:56:12'),(43,'13621051516',2172,0,'2015-06-26 10:28:40'),(44,'13811960315',9034,0,'2015-06-26 16:31:10'),(45,'17090189966',8289,0,'2015-06-29 15:23:21'),(46,'13718030117',9285,0,'2015-06-30 12:13:56'),(47,'15000811715',8277,3,'2015-07-10 11:55:31'),(48,'13699124531',6844,1,'2015-07-30 15:51:17'),(49,'18188529062',5604,0,'2015-07-10 11:58:07'),(50,'18502074130',3456,0,'2015-07-15 11:57:56'),(51,'15140879888',4281,0,'2015-07-17 11:04:53'),(52,'18911786060',1858,0,'2015-07-20 10:56:47'),(53,'18905328998',3543,0,'2015-07-20 13:45:47'),(54,'18001077100',7025,0,'2015-07-20 18:29:22'),(55,'13439530319',9109,1,'2015-10-20 15:58:12'),(56,'13464424142',6126,0,'2015-07-24 08:44:45'),(57,'13959519628',6704,0,'2015-07-24 17:34:42'),(58,'18688997775',2877,0,'2015-07-25 10:26:52'),(59,'13903665432',7524,0,'2015-07-27 09:04:18'),(60,'15901521211',4871,0,'2015-07-27 13:21:13'),(61,'17097360277',6401,0,'2015-07-29 15:06:45'),(62,'13699124531\r\n\r\n',7018,0,'2015-07-29 21:37:06'),(63,'18611352646',5153,1,'2015-07-30 16:28:45'),(64,'18310317750',7558,0,'2015-07-30 16:30:29'),(65,'15694711029',4460,0,'2015-08-04 10:46:29'),(66,'18737868111',3474,0,'2015-08-06 13:32:44'),(67,'null',2637,0,'2015-08-07 16:17:37'),(68,'135',3849,0,'2015-08-07 16:22:48'),(69,'135where1=1',7207,0,'2015-08-07 16:46:19'),(70,'135where1=0',3966,0,'2015-08-07 16:46:26'),(71,'15053107076',5978,0,'2015-08-08 13:13:47'),(72,'13927198068',6975,3,'2015-08-10 22:48:07'),(73,'13922669968',5327,0,'2015-08-10 23:28:51'),(74,'13811849282',3922,1,'2015-10-29 14:21:34'),(75,'17051003945',1223,1,'2015-10-14 16:59:20'),(76,'13466614684',1329,0,'2015-10-19 12:07:33'),(77,'17051003944',7512,0,'2015-10-20 16:14:14'),(78,'15201540979',6237,1,'2015-10-28 15:11:14'),(79,'18911877724',3232,0,'2015-10-21 14:59:23'),(80,'13693015309',1184,3,'2015-10-23 17:32:59'),(81,'18811421234',8381,0,'2015-10-26 15:34:43'),(82,'15801270373',3703,0,'2015-10-28 16:28:56'),(83,'18701477682',4081,0,'2015-10-29 11:55:08'),(84,'18600882937',3991,0,'2015-10-29 12:09:31'),(85,'15810591300',1420,4,'2015-10-29 16:42:01'),(86,'13911232065',1872,3,'2015-10-29 18:17:24');

/*Table structure for table `gm_theme` */

DROP TABLE IF EXISTS `gm_theme`;

CREATE TABLE `gm_theme` (
  `theme_id` bigint(20) NOT NULL AUTO_INCREMENT COMMENT '主题id',
  `theme_name` varchar(20) NOT NULL COMMENT '主题名称',
  `theme_price` float NOT NULL DEFAULT '0' COMMENT '主题价格',
  `subscribe_num` int(10) DEFAULT NULL COMMENT '主题订阅次数',
  `star_level` float DEFAULT NULL COMMENT '星级',
  `version_num` varchar(10) DEFAULT NULL COMMENT '版本号',
  `create_time` timestamp NULL DEFAULT CURRENT_TIMESTAMP COMMENT '创建时间',
  `update_time` timestamp NULL DEFAULT NULL COMMENT '修改时间',
  `status` tinyint(2) DEFAULT NULL COMMENT '主题状态1:正常,0:失效',
  `catalog_id` bigint(20) NOT NULL COMMENT '分类id',
  `create_user` varchar(30) DEFAULT NULL COMMENT '创建人',
  `update_user` varchar(30) DEFAULT NULL COMMENT '修改人',
  `recommend_level` tinyint(2) DEFAULT NULL COMMENT '推荐等级',
  `pic_path` varchar(100) DEFAULT NULL COMMENT '主题图片路径',
  `description` varchar(100) DEFAULT NULL COMMENT '主题描述',
  `theme_type` tinyint(2) DEFAULT '0' COMMENT '主题类型0:内置，1;外部添加',
  `profile` varchar(50) DEFAULT NULL COMMENT '主题简介',
  `pic_path_grid` varchar(80) DEFAULT NULL COMMENT '网格主题图片',
  PRIMARY KEY (`theme_id`)
) ENGINE=InnoDB AUTO_INCREMENT=3 DEFAULT CHARSET=utf8;

/*Data for the table `gm_theme` */

insert  into `gm_theme`(`theme_id`,`theme_name`,`theme_price`,`subscribe_num`,`star_level`,`version_num`,`create_time`,`update_time`,`status`,`catalog_id`,`create_user`,`update_user`,`recommend_level`,`pic_path`,`description`,`theme_type`,`profile`,`pic_path_grid`) values (1,'白领智能家居',0,110,3.5,'1.0','2015-04-25 03:49:39',NULL,1,1,'anguangcan',NULL,1,'http://apicloud.gome.com.cn/images/theme/theme_ol.jpg','专为职场白领人群打造贴心的生活场景服务，实现家中电视、空调、音响等智能设备远程控制和自动设置的双重体验，为忙碌的职业生涯营造美好的科技时光，24小时享受全方位的智能生活。',0,'职场白领的智能生活，随时随地享受','http://apicloud.gome.com.cn/images/theme/theme_ol_small.jpg'),(2,'御宅人生',0,112,4,'1.0','2015-04-25 03:48:01',NULL,1,2,'anguangcan',NULL,2,'http://apicloud.gome.com.cn/images/theme/theme_otaku.jpg','不需要奔波忙碌，只尽情享受宅家的那一刻。看剧听音乐，在家中体验智能生活的舒畅。',0,'御宅族的专属时刻，感受畅快人生','http://apicloud.gome.com.cn/images/theme/theme_otaku_small.jpg');

/*Table structure for table `gm_theme_assess` */

DROP TABLE IF EXISTS `gm_theme_assess`;

CREATE TABLE `gm_theme_assess` (
  `assess_id` bigint(20) NOT NULL AUTO_INCREMENT COMMENT '评价id',
  `user_id` bigint(20) NOT NULL COMMENT '用户id',
  `assess_level` float NOT NULL COMMENT '评价等级',
  `theme_id` bigint(20) NOT NULL COMMENT '主题id',
  `create_time` timestamp NULL DEFAULT CURRENT_TIMESTAMP COMMENT '创建时间',
  PRIMARY KEY (`assess_id`)
) ENGINE=InnoDB AUTO_INCREMENT=55 DEFAULT CHARSET=utf8;

/*Data for the table `gm_theme_assess` */

insert  into `gm_theme_assess`(`assess_id`,`user_id`,`assess_level`,`theme_id`,`create_time`) values (1,1,4,1,'2015-05-13 04:22:42'),(2,1,3,1,'2015-05-14 04:22:48'),(3,1,5,2,'2015-05-14 04:22:56'),(4,2,4,1,'2015-05-14 04:32:02'),(5,3,3,2,'2015-05-14 04:32:12'),(6,42,3,1,'2015-05-26 02:32:52'),(7,48,2.5,1,'2015-05-26 06:29:58'),(8,48,0,1,'2015-05-29 00:05:50'),(9,48,0,1,'2015-05-29 00:05:51'),(10,48,0,1,'2015-05-29 00:06:01'),(11,48,2.5,1,'2015-05-29 04:42:25'),(12,48,2.5,1,'2015-05-29 04:42:26'),(13,48,0,1,'2015-05-29 04:47:51'),(14,48,0,1,'2015-05-29 22:48:07'),(15,48,2.5,1,'2015-05-29 22:57:40'),(16,48,1.5,1,'2015-05-29 22:58:00'),(17,48,0,1,'2015-05-29 22:59:41'),(18,48,5,1,'2015-05-30 04:03:27'),(19,48,1.5,1,'2015-05-30 05:47:37'),(20,42,5,1,'2015-06-02 04:28:49'),(21,48,5,2,'2015-06-04 00:10:54'),(22,71467806844,2,1,'2015-06-05 05:39:39'),(23,71467806844,2,1,'2015-06-05 06:12:19'),(24,71467806844,3,1,'2015-06-05 06:19:16'),(25,71467806844,2,1,'2015-06-05 06:19:54'),(26,71467806844,4.5,1,'2015-06-05 06:52:25'),(27,71467806844,2.5,1,'2015-06-05 07:14:35'),(28,71467806844,3,1,'2015-06-05 07:16:30'),(29,71467806844,3,1,'2015-06-05 07:18:36'),(30,71467806844,5,1,'2015-06-05 07:20:26'),(31,71449407588,1.5,1,'2015-06-10 04:20:48'),(32,71449407588,1.5,1,'2015-06-10 04:20:52'),(33,71467806844,5,2,'2015-06-10 23:35:45'),(34,71467806844,5,2,'2015-06-10 23:35:50'),(35,70552393746,5,1,'2015-06-10 18:00:04'),(36,71458606787,4,1,'2015-06-10 19:24:02'),(37,47703851865,4,1,'2015-06-11 19:06:00'),(38,71311400410,1,1,'2015-06-16 17:59:16'),(39,71467806844,5,1,'2015-06-19 18:20:41'),(40,71610405129,3,1,'2015-06-23 10:21:18'),(41,47703851865,5,2,'2015-06-23 17:56:22'),(42,72000183842,3,1,'2015-06-25 22:13:33'),(43,71610405129,5,2,'2015-06-26 16:19:14'),(44,71449407588,1,2,'2015-06-26 17:14:30'),(45,70027955048,5,1,'2015-07-20 18:13:56'),(46,70027955048,5,2,'2015-07-20 18:14:08'),(47,67247395449,3,1,'2015-07-22 19:41:03'),(48,55221258647,5,2,'2015-07-29 08:50:50'),(49,47703851865,1,1,'2015-08-04 17:48:31'),(50,47703851667575865,1,1,'2015-08-04 17:52:26'),(51,71601192654,1,1,'2015-08-07 11:41:16'),(52,71449407588,2,2,'2015-08-10 16:19:38'),(53,71449407588,0,2,'2015-08-10 16:19:44'),(54,71449407588,0,2,'2015-08-10 16:19:45');

/*Table structure for table `gm_theme_scene` */

DROP TABLE IF EXISTS `gm_theme_scene`;

CREATE TABLE `gm_theme_scene` (
  `theme_scene_id` bigint(20) NOT NULL AUTO_INCREMENT COMMENT '主题场景关系id',
  `theme_id` bigint(20) NOT NULL COMMENT '主题id',
  `scene_id` bigint(20) NOT NULL COMMENT '场景id',
  `create_time` timestamp NULL DEFAULT CURRENT_TIMESTAMP COMMENT '创建时间',
  PRIMARY KEY (`theme_scene_id`)
) ENGINE=InnoDB AUTO_INCREMENT=8 DEFAULT CHARSET=utf8;

/*Data for the table `gm_theme_scene` */

insert  into `gm_theme_scene`(`theme_scene_id`,`theme_id`,`scene_id`,`create_time`) values (1,1,1,NULL),(2,1,2,NULL),(3,1,3,NULL),(4,1,4,'2015-06-02 05:20:32'),(5,2,5,'2015-06-02 05:20:34'),(6,2,6,'2015-06-02 05:20:37'),(7,2,7,'2015-06-02 05:20:40');

/*Table structure for table `gm_third_party` */

DROP TABLE IF EXISTS `gm_third_party`;

CREATE TABLE `gm_third_party` (
  `id` bigint(13) NOT NULL AUTO_INCREMENT,
  `code` int(4) DEFAULT NULL COMMENT '第三方参数值',
  `name` varchar(50) DEFAULT NULL COMMENT '第三方名称',
  PRIMARY KEY (`id`)
) ENGINE=InnoDB AUTO_INCREMENT=3 DEFAULT CHARSET=utf8;

/*Data for the table `gm_third_party` */

insert  into `gm_third_party`(`id`,`code`,`name`) values (1,1,'海尔'),(2,2,'美的');

/*Table structure for table `gm_user` */

DROP TABLE IF EXISTS `gm_user`;

CREATE TABLE `gm_user` (
  `id` bigint(20) NOT NULL AUTO_INCREMENT COMMENT '自增id',
  `gome_userid` varchar(20) DEFAULT NULL COMMENT '用户id',
  `username` varchar(30) NOT NULL COMMENT '用户名',
  `password` varchar(50) NOT NULL COMMENT '密码，密文',
  `usertype` tinyint(2) DEFAULT '1' COMMENT '用户类型,1:国美在线用户',
  `status` tinyint(2) DEFAULT '1' COMMENT '用户状态',
  `create_time` timestamp NULL DEFAULT CURRENT_TIMESTAMP COMMENT '创建时间',
  `update_time` timestamp NULL DEFAULT NULL COMMENT '修改时间',
  `synced` tinyint(2) DEFAULT NULL COMMENT '是否已同步至国美在线1:是，0：否',
  `tel` varchar(20) DEFAULT NULL COMMENT '电话',
  `access_key` varchar(255) DEFAULT NULL COMMENT '设备操作权限key',
  `nick_name` varchar(30) DEFAULT NULL COMMENT '昵称',
  `sex` tinyint(2) DEFAULT NULL COMMENT '性别0:保密,1:男,2:女',
  `area` varchar(30) DEFAULT NULL COMMENT '地区',
  `head_path` varchar(250) DEFAULT NULL COMMENT '头像路径',
  PRIMARY KEY (`id`)
) ENGINE=InnoDB AUTO_INCREMENT=181 DEFAULT CHARSET=utf8;

/*Data for the table `gm_user` */

insert  into `gm_user`(`id`,`gome_userid`,`username`,`password`,`usertype`,`status`,`create_time`,`update_time`,`synced`,`tel`,`access_key`,`nick_name`,`sex`,`area`,`head_path`) values (58,'71458606787','13716348241','1c63129ae9db9c60c3e8aa94d3e00495',1,1,'2015-06-05 03:42:13',NULL,NULL,NULL,NULL,NULL,0,NULL,NULL),(59,'71444807356','18500733125','76419c58730d9f35de7ac538c2fd6737',1,1,'2015-06-05 05:30:54',NULL,NULL,NULL,NULL,NULL,NULL,NULL,NULL),(61,'67134836714','18811421411','fbc94ffd1b315685e83d093af9df9509',1,1,'2015-06-09 04:37:00','2015-08-17 15:41:15',NULL,'18811421411',NULL,'未来坟墓',0,NULL,'http://cloudphoto.gome.com.cn/g1/M00/00/01/Cjo4S1XRjHWAIbFaAABvBD6wvD4617.jpg'),(62,'67243432350','18600399029','be1973aef5ca5c938e423146873ecc73',1,1,'2015-06-09 05:07:42',NULL,NULL,NULL,NULL,NULL,NULL,NULL,NULL),(64,'71449407588','15172330957','76419c58730d9f35de7ac538c2fd6737',1,1,'2015-06-11 17:21:40','2015-08-31 14:03:56',NULL,'15172330957',NULL,'巴巴擦擦巴巴爸爸啊',1,NULL,NULL),(66,'71467806844','18600643458','e580785b6b62a9948f950e09422d2955',1,1,'2015-06-12 10:34:13','2015-08-31 19:11:30',NULL,'18600643458',NULL,'dtff',0,NULL,NULL),(68,'47703851865','13811960215','8152fc38138b931ef7019e34b1eee267',1,0,'2015-06-12 13:56:04','2015-08-18 16:14:05',NULL,'13811960215',NULL,'082105sj',2,NULL,NULL),(69,'71605793752','13644745488','44ebfc91ddcdcce6108bec6a10fc16a7',1,1,'2015-06-12 14:34:03',NULL,NULL,'13644745488',NULL,'GMSC5488gcff',0,NULL,'http://cloudphoto.gome.com.cn/g1/M00/00/05/Cjo4S1YxmECAPGIQAABm_rmX9B8849.png'),(70,'63745307383','18608625396','56cc8240cb3a7ca5ca672a2a5d9cef49',1,1,'2015-06-12 18:40:49',NULL,NULL,NULL,NULL,NULL,NULL,NULL,NULL),(71,'71311400410','13466614684','e7c00b9556bc00c7f11c9239ea762a86',1,1,'2015-06-12 19:21:10',NULL,NULL,'13466614684',NULL,NULL,NULL,NULL,NULL),(72,'71591997234','15648954558','44ebfc91ddcdcce6108bec6a10fc16a7',1,1,'2015-06-13 10:15:30',NULL,NULL,NULL,NULL,NULL,NULL,NULL,NULL),(74,'71122838275','13426367318','b66b9d58f6e919c836da99f92da65881',1,1,'2015-06-16 18:06:27',NULL,NULL,NULL,NULL,NULL,0,NULL,NULL),(75,'70552393746','15801260373','200820e3227815ed1756a6b531e7e0d2',1,1,'2015-06-19 15:53:57','2015-08-10 15:05:25',NULL,NULL,NULL,NULL,2,NULL,NULL),(76,'65894073217','13792128042','621bad60ac3bde8a68b2555faad2cc2d',1,1,'2015-06-25 02:59:55',NULL,NULL,NULL,NULL,'宝蛋',1,NULL,NULL),(77,'72000163907','13008852575','98641e30ace18a76f07bd7e5fbf7cd6c',1,1,'2015-06-25 15:16:04',NULL,NULL,NULL,NULL,NULL,NULL,NULL,NULL),(78,'67247395449','18311073688','2e0fd48f4f8191130c9d82ae354c3653',1,1,'2015-06-25 18:31:28',NULL,NULL,NULL,NULL,NULL,0,NULL,NULL),(79,'72000183842','13910217254','dba2e2409be0942e341cae18ce435fba',1,1,'2015-06-25 21:30:33',NULL,NULL,NULL,NULL,NULL,1,NULL,NULL),(80,'72000210777','15632985666','9b9398725cb1013a6324b0dcd736062e',1,1,'2015-06-25 21:50:59',NULL,NULL,NULL,NULL,NULL,NULL,NULL,NULL),(81,'71523003738','18618147591','2d206bb4c9e7b195bdc240331d6b4f45',1,1,'2015-06-25 22:32:28',NULL,NULL,NULL,NULL,NULL,NULL,NULL,NULL),(82,'72000190859','13436458697','62c8ad0a15d9d1ca38d5dee762a16e01',1,1,'2015-06-25 23:45:11',NULL,NULL,NULL,NULL,NULL,NULL,NULL,NULL),(83,'27400093694','13911169553','c751a45302f1c0dd17d91fd57e67edb9',1,1,'2015-06-26 08:42:49',NULL,NULL,NULL,NULL,NULL,NULL,NULL,NULL),(84,'18658224965','18600640011','96e1c87845878b171c03e5ba14c609c2',1,1,'2015-06-26 08:56:54',NULL,NULL,NULL,NULL,NULL,NULL,NULL,NULL),(85,'72000211887','13621051516','b7afa0a29678642b97d25325045adad2',1,1,'2015-06-26 10:29:31',NULL,NULL,NULL,NULL,'Jetton',0,NULL,NULL),(86,'28372027196','13810490867','462198f95cffa4b675e83a98edb28bcd',1,1,'2015-06-26 10:33:32',NULL,NULL,NULL,NULL,'LtHanyu',1,NULL,NULL),(87,'71201008081','15982329894','53a295023abec77dec4752c537597e85',1,1,'2015-06-26 15:43:22',NULL,NULL,NULL,NULL,NULL,NULL,NULL,NULL),(88,'448310','christ258','5416d7cd6ef195a0f7622a9c56b55e84',1,1,'2015-06-26 17:09:52',NULL,NULL,NULL,NULL,NULL,NULL,NULL,NULL),(89,'61332141515','15810837339','0dbcba51eca5d7ca3924fe01984f1bff',1,1,'2015-06-26 17:10:48',NULL,NULL,NULL,NULL,NULL,NULL,NULL,NULL),(90,'72000171351','gmzx8661','344d6e0247ac9318ac3b7f85a1625983',1,1,'2015-06-26 17:14:00',NULL,NULL,NULL,NULL,NULL,NULL,NULL,NULL),(91,'35242355550','okrainbow','6ffb3d989eea143aeaa8cac958dd0fd5',1,1,'2015-06-26 17:14:35',NULL,NULL,NULL,NULL,NULL,NULL,NULL,NULL),(92,'70533994430','15210301240','b4c6673977f6a8029ef06a48cbc941bf',1,1,'2015-06-26 17:15:20',NULL,NULL,NULL,NULL,NULL,NULL,NULL,NULL),(93,'27987323962','xieboxi002','17e54ae1387bbab3272b77e8b2a814f4',1,1,'2015-06-26 17:17:43',NULL,NULL,NULL,NULL,NULL,NULL,NULL,NULL),(94,'315','wlypinhead','4531e8924edde928f341f7df3ab36c70',1,1,'2015-06-26 17:21:07',NULL,NULL,NULL,NULL,NULL,NULL,NULL,NULL),(95,'11737045115','liqiansc','df10ef8509dc176d733d59549e7dbfaf',1,1,'2015-06-26 17:43:57',NULL,NULL,NULL,NULL,NULL,NULL,NULL,NULL),(96,'139585','liudawei198282','abec1b43b7f8973926916d880a212722',1,1,'2015-06-26 17:50:45',NULL,NULL,NULL,NULL,NULL,NULL,NULL,NULL),(97,'2431346','xiaochangjin','76eb09cc9d141cb978ebed1a0cc02838',1,1,'2015-06-26 17:52:44',NULL,NULL,NULL,NULL,NULL,NULL,NULL,NULL),(98,'70027955048','18618322513','3498b4a57946ef10b391efe306f3297b',1,1,'2015-06-26 18:11:05',NULL,NULL,NULL,NULL,NULL,NULL,NULL,NULL),(99,'20070727645','18701319816','13b2f6790b8cb1047c06651ea5087b63',1,1,'2015-06-26 18:11:43',NULL,NULL,NULL,NULL,NULL,NULL,NULL,NULL),(100,'881978','wanghui727','0ca38f879a59da7b302a66b5cecffbec',1,1,'2015-06-26 18:21:55',NULL,NULL,NULL,NULL,NULL,NULL,NULL,NULL),(101,'71605794680','13920292904','241d560c9f3660dbfab81589e9cad4c9',1,1,'2015-06-26 18:38:46',NULL,NULL,NULL,NULL,NULL,NULL,NULL,NULL),(102,'10040474169','lwd_327','331bddf3ac73145484b0b9b9274e5070',1,1,'2015-06-26 18:51:41',NULL,NULL,NULL,NULL,NULL,NULL,NULL,NULL),(103,'65929493253','13439439887','352de3f1074c4e058090bb7e5c628408',1,1,'2015-06-26 21:09:53',NULL,NULL,NULL,NULL,NULL,NULL,NULL,NULL),(104,'71596621597','13718510029','6b01d48021bca537cea6f962072d1429',1,1,'2015-06-27 12:52:34',NULL,NULL,NULL,NULL,NULL,NULL,NULL,NULL),(105,'66485807207','1006237234@qq.com ','c317cd12f1aab26972ffff04242a6f91',1,1,'2015-06-28 14:09:44',NULL,NULL,NULL,NULL,NULL,NULL,NULL,NULL),(106,'67243435324','gmzx3073','99b618ee55e4fd1d1b5655333d359424',1,1,'2015-06-29 09:53:31',NULL,NULL,NULL,NULL,NULL,NULL,NULL,NULL),(107,'72000370285','17090189966','44ebfc91ddcdcce6108bec6a10fc16a7',1,1,'2015-06-29 15:25:52',NULL,NULL,NULL,NULL,'有v_',0,NULL,NULL),(108,'53800045554','15652233227','61c7075615ef63607542895381066ca5',1,1,'2015-06-29 18:36:28',NULL,NULL,NULL,NULL,NULL,NULL,NULL,NULL),(109,'71201088112','tkl0503','315c0ee1f3404f37a85fd1a09f17b0c5',1,1,'2015-06-29 18:50:38',NULL,NULL,NULL,NULL,NULL,NULL,NULL,NULL),(110,'17174362786','13601057252','26bcff97589d5b7478ec6e9c78270bde',1,1,'2015-06-29 22:44:24',NULL,NULL,NULL,NULL,NULL,NULL,NULL,NULL),(111,'27174635','13810063014','f59b3b9d8493c4f2749a5a5f5efa4174',1,1,'2015-06-30 09:44:17',NULL,NULL,NULL,NULL,NULL,NULL,NULL,NULL),(112,'18642848629','Alaliu','359d6ee3671a6a50f0b220bb0f1eb3a3',1,1,'2015-06-30 09:46:14',NULL,NULL,NULL,NULL,NULL,NULL,NULL,NULL),(113,'30693358589','yanshi777','74aaa00c538bb631d29f618368ffa7cc',1,1,'2015-06-30 10:26:08',NULL,NULL,NULL,NULL,NULL,NULL,NULL,NULL),(114,'72000386550','13718030117','98f179d7665f69587b3a5c2d47e21d56',1,1,'2015-06-30 12:14:37',NULL,NULL,NULL,NULL,NULL,NULL,NULL,NULL),(115,'56493741244','grayhanabi','6fb38a94b98b666f584c3099cbac650c',1,1,'2015-06-30 12:37:06',NULL,NULL,NULL,NULL,NULL,NULL,NULL,NULL),(116,'56502184911','jing3571@163.com','022025c64e0cbd7b67831b53d45406de',1,1,'2015-07-01 07:48:28',NULL,NULL,NULL,NULL,NULL,NULL,NULL,NULL),(117,'705922','bal723','004e09ffd4e3efa52858b6657c48bb54',1,1,'2015-07-03 00:14:33',NULL,NULL,NULL,NULL,NULL,NULL,NULL,NULL),(118,'71610405129','13847471245','8152fc38138b931ef7019e34b1eee267',1,3,'2015-07-03 09:47:05','2015-08-18 14:39:17',NULL,'13847471245',NULL,'5哦噢你的我的我的人',0,NULL,'http://cloudphoto.gome.com.cn/g1/M01/00/05/Cjo4S1YxhdeAGqmtAAAvJDLAgq0778.png'),(119,'72000620040','gomeyunzhi@163.com','7ad1147769b048eddbbd7552b6d4709f',1,1,'2015-07-03 11:28:31','2015-08-12 08:00:32',NULL,NULL,NULL,'ounexvwswyg',1,NULL,NULL),(120,'71601192654','18311171640','8152fc38138b931ef7019e34b1eee267',1,2,'2015-07-07 14:01:32','2015-08-18 14:39:39',NULL,'18311171640',NULL,'福建空空泛泛很坎坷',0,NULL,'http://cloudphoto.gome.com.cn/g1/M00/00/05/Cjo4S1YzSy6AZ1oyAAB3YOy8zLU059.jpg'),(121,'72000331854','gmzx8438','8de689a710eabacdd31b50cf6f592a21',1,1,'2015-07-07 14:01:44','2015-08-26 10:34:31',NULL,NULL,NULL,'国家级',0,NULL,NULL),(122,'72001006857','13699124531','7aa9e6b677eb291b7940717d622a231e',1,1,'2015-07-09 10:23:35',NULL,NULL,NULL,NULL,'lvzjane',2,NULL,NULL),(123,'71523016863','15991653860','78002f875451a3bb2e0b6a62b53ca3d5',1,1,'2015-07-10 00:20:54',NULL,NULL,NULL,NULL,NULL,NULL,NULL,NULL),(124,'72000933796','18188529062','35404974045d93113ac52a9e2430dd36',1,1,'2015-07-10 11:58:38',NULL,NULL,NULL,NULL,NULL,NULL,NULL,NULL),(125,'71596631399','jrunner@126.com','f9938689565b2ffc6b0d3f9db9487353',1,1,'2015-07-10 13:31:03',NULL,NULL,NULL,NULL,NULL,NULL,NULL,NULL),(126,'72000321016','gmzx8872','79c8cf764ae958f3a3c6d89ea728806d',1,1,'2015-07-15 10:18:39',NULL,NULL,NULL,NULL,NULL,NULL,NULL,NULL),(127,'72001053863','18502074130','39196a93ed137bac8a65f5f37abbdd4e',1,1,'2015-07-15 11:58:26',NULL,NULL,NULL,NULL,NULL,NULL,NULL,NULL),(128,'72001236478','15140879888','f013294bd2d5ffd073e91748e42343cd',1,1,'2015-07-17 11:05:17',NULL,NULL,NULL,NULL,NULL,NULL,NULL,NULL),(129,'71605835815','18972224288','cde65bde3dfd6119eedd3f433bf3861d',1,1,'2015-07-17 19:04:23',NULL,NULL,NULL,NULL,NULL,NULL,NULL,NULL),(130,'72000332753','gmzx8805','5e91f7e48500b3cec4fac73c27bd9d6a',1,1,'2015-07-20 10:08:31',NULL,NULL,NULL,NULL,'henry_zhao',0,NULL,NULL),(131,'52471460314','18911786060','79dcf04a504d2a9b23be8e141f675104',1,1,'2015-07-20 10:58:02',NULL,NULL,NULL,NULL,NULL,NULL,NULL,NULL),(132,'71237850833','xuefowler','83667eba90a1c087c1f3a87c9eaec21a',1,1,'2015-07-20 12:21:50',NULL,NULL,NULL,NULL,NULL,2,NULL,NULL),(133,'72001414721','18905328998','1c0367fb096e578b976946d1b28b1204',1,1,'2015-07-20 13:46:27',NULL,NULL,NULL,NULL,NULL,NULL,NULL,NULL),(134,'8593','18001077100','37bf1e0425aef8230e4cae5614f94272',1,1,'2015-07-20 18:30:30',NULL,NULL,NULL,NULL,NULL,NULL,NULL,NULL),(135,'72001391624','13464424142','b060673f0119f4cdba740db04adca88c',1,1,'2015-07-24 08:45:19',NULL,NULL,NULL,NULL,NULL,NULL,NULL,NULL),(136,'72001470422','13959519628','b1b16ece9ba7a7fd964ceede7a6be9c1',1,1,'2015-07-24 17:35:26',NULL,NULL,NULL,NULL,NULL,NULL,NULL,NULL),(137,'19778504658','18688997775','a4e77bd2133928abc7d6eab6b63748a0',1,1,'2015-07-25 10:27:50',NULL,NULL,NULL,NULL,NULL,NULL,NULL,NULL),(138,'51814814522','896560066@qq.com','e26b32d6f87d1938a432d9f70e6280f1',1,1,'2015-07-25 10:36:13',NULL,NULL,NULL,NULL,NULL,NULL,NULL,NULL),(139,'72001312345','13903665432','55511808baf7f301b5270d7334a4cec0',1,1,'2015-07-27 09:04:50',NULL,NULL,NULL,NULL,NULL,NULL,NULL,NULL),(140,'72001488196','15901521211','3d3000921d8735a70231c7bcb8e8d210',1,1,'2015-07-27 13:21:54',NULL,NULL,NULL,NULL,'大太阳上',1,NULL,NULL),(141,'42197481986','liqianyao@foxmail.com','5b61acadb60671707dde0833a9f88ff3',1,1,'2015-07-27 14:01:54',NULL,NULL,NULL,NULL,NULL,NULL,NULL,NULL),(142,'13861803914','xueli89@live.cn','14f3429d4c29cc2443c74ee87d79ccf2',1,1,'2015-07-27 20:05:57',NULL,NULL,NULL,NULL,NULL,NULL,NULL,NULL),(143,'55221258647','13982823375','083b2583c90031dc4449c5f2687f3b18',1,1,'2015-07-28 09:23:26',NULL,NULL,NULL,NULL,NULL,NULL,NULL,NULL),(144,'72001166044','17097360277','5aa961480808bfc2edd1d1a449caa904',1,1,'2015-07-29 15:08:01',NULL,NULL,NULL,NULL,NULL,0,NULL,NULL),(145,'65093973167','13392573700','f009e664c48ddd002d5fe60f2b76e60f',1,1,'2015-07-30 12:42:01',NULL,NULL,NULL,NULL,NULL,NULL,NULL,NULL),(146,'72001401671','18611352646','2581f0ebd1ad064b4fc2a94ca350e2e7',1,1,'2015-07-30 16:31:22',NULL,NULL,NULL,NULL,NULL,NULL,NULL,NULL),(147,'72001666398','13594709513','656a18c9332cc73687df993631f59a96',1,1,'2015-08-02 13:25:06',NULL,NULL,NULL,NULL,NULL,NULL,NULL,NULL),(148,'72001315296','15694711029','9580a039f4b69fd94c079ca0e25b3bd7',1,1,'2015-08-04 10:47:34',NULL,NULL,NULL,NULL,NULL,NULL,NULL,NULL),(149,'72001778474','18737868111','535f1f24a9205ea62711b897bfee0c37',1,1,'2015-08-06 13:33:33',NULL,NULL,NULL,NULL,NULL,NULL,NULL,NULL),(150,'7769','lingda','7337e2f117b38edd90ef8ddd50c31406',1,1,'2015-08-06 16:55:02','2015-08-07 14:45:29',NULL,NULL,NULL,NULL,NULL,NULL,NULL),(152,'24051778840','13655590688','c16ef5de9c3ad666ac39e50fbb0e0bfe',1,1,'2015-08-06 22:34:02','2015-08-06 22:34:02',NULL,NULL,NULL,NULL,NULL,NULL,NULL),(154,'70027894699','15053107076','e8bc7cf687d1902aa61faeb81cd6874f',1,1,'2015-08-08 13:14:26','2015-08-08 13:14:26',NULL,NULL,NULL,NULL,NULL,NULL,NULL),(155,'72000792068','13942636850','bd9bb750de4cda3fd5a0b10f3df292f9',1,1,'2015-08-10 13:18:42','2015-08-10 13:18:42',NULL,NULL,NULL,NULL,NULL,NULL,NULL),(160,'64330545688','15520166547','abac5be2a5d69254a9c5248a890c6619',1,1,'2015-08-13 22:34:12','2015-08-13 22:34:12',NULL,NULL,NULL,'冰云月',0,NULL,NULL),(161,'70984799831','15001232759','abdcb802d3197e8373e3b9468c5ebfe3',1,1,'2015-08-16 18:50:46','2015-08-16 18:50:46',NULL,NULL,NULL,NULL,NULL,NULL,NULL),(162,'72001669827','caa530@163.com','21831894550df716eeb00375e09e192a',1,1,'2015-08-17 14:35:28','2015-08-26 10:49:56',NULL,'13439530319',NULL,'没有都觉得了啊我',0,NULL,'http://cloudphoto.gome.com.cn/g1/M01/00/05/Cjo4S1YxlbyASRVCAABwuQwCATQ907.png'),(163,'61322050219','18788450149','9596bc8ac18352184fe2205cdb28157e',1,1,'2015-08-17 18:22:27','2015-08-17 18:22:27',NULL,'18788450149',NULL,NULL,NULL,NULL,NULL),(167,'100011903317','17051003944','a46e1d30ee66cf321af1b7566e8f2a2f',1,1,'2015-10-20 16:15:18',NULL,NULL,'17051003944',NULL,NULL,NULL,NULL,NULL),(169,'72004162034','13693015309','fbf877972f0ec6d4bdd5ee19f6023eb3',1,1,'2015-10-21 11:03:01',NULL,NULL,'13693015309',NULL,'代用名',0,NULL,'http://cloudphoto.gome.com.cn/g1/M01/00/05/Cjo4S1Y3IoaAJ3vuAABJOCi8jAk168.png'),(170,'100011903269','18911877724','ad07fb25aa2d3a9f96ee12f25e0be902',1,1,'2015-10-21 15:00:21',NULL,NULL,'18911877724',NULL,NULL,NULL,NULL,NULL),(171,'100011903596','18701477682','2d2d033fd0d735b715d58413ef6f457a',1,1,'2015-10-29 12:00:46',NULL,NULL,'18701477682',NULL,NULL,0,NULL,'http://cloudphoto.gome.com.cn/g1/M01/00/05/Cjo4S1Yxme-ACShtAABwuQwCATQ866.png'),(172,'100011903597','18600882937','2d2d033fd0d735b715d58413ef6f457a',1,1,'2015-10-29 12:13:05',NULL,NULL,'18600882937',NULL,NULL,NULL,NULL,NULL),(175,'100011903385','13911232065','3afd5b9c856a8bad90c17b32e735e60b',1,1,'2015-10-29 18:01:38',NULL,NULL,'13911232065',NULL,NULL,NULL,NULL,NULL),(176,'100011903421','18811421411','76419c58730d9f35de7ac538c2fd6737',1,1,'2015-10-30 15:05:38',NULL,NULL,'18811421411',NULL,NULL,NULL,NULL,NULL),(177,'71532215581','15901403933','5266bddefd9eb30b31b46e7302189ed0',1,1,'2015-11-02 10:23:23',NULL,NULL,'15901403933',NULL,NULL,0,NULL,'http://cloudphoto.gome.com.cn/g1/M01/00/05/Cjo4S1Y24yOAUzaeAAA45spPkBE946.png'),(178,'72005190055','15259146244','3afd5b9c856a8bad90c17b32e735e60b',1,1,'2015-11-06 15:10:40',NULL,NULL,'15259146244',NULL,'我们的爱情回来了嗯嗯',NULL,NULL,NULL),(179,'72002469378','13811849282','3afd5b9c856a8bad90c17b32e735e60b',1,1,'2015-11-06 15:13:10',NULL,NULL,'13811849282',NULL,'',NULL,NULL,NULL),(180,'72005430311','wlaq@163.com','3afd5b9c856a8bad90c17b32e735e60b',1,1,'2015-11-09 15:27:56',NULL,NULL,NULL,NULL,'wlaq',NULL,NULL,NULL);

/*Table structure for table `gm_user_device` */

DROP TABLE IF EXISTS `gm_user_device`;

CREATE TABLE `gm_user_device` (
  `id` bigint(30) NOT NULL AUTO_INCREMENT COMMENT '主键ID自增序列',
  `user_id` bigint(30) NOT NULL COMMENT '用户ID',
  `device_key` varchar(50) DEFAULT NULL COMMENT 'devicekey,设备唯一标识',
  `device_name` varchar(50) DEFAULT NULL COMMENT '设备名称',
  `create_date` varchar(20) DEFAULT NULL COMMENT '创建时间',
  `own_flag` char(2) DEFAULT NULL COMMENT '设备拥有属性    0被人分享给自己设备,默认 1自己拥有设备',
  `remark` text COMMENT '备注',
  PRIMARY KEY (`id`)
) ENGINE=InnoDB AUTO_INCREMENT=257 DEFAULT CHARSET=utf8;

/*Data for the table `gm_user_device` */

insert  into `gm_user_device`(`id`,`user_id`,`device_key`,`device_name`,`create_date`,`own_flag`,`remark`) values (256,71449407588,'144792129268966919','111','2015-11-19 16:21:58','1',NULL);

/*Table structure for table `gm_user_log` */

DROP TABLE IF EXISTS `gm_user_log`;

CREATE TABLE `gm_user_log` (
  `log_id` bigint(20) NOT NULL AUTO_INCREMENT COMMENT '日志信息id',
  `user_id` bigint(20) NOT NULL COMMENT '操作用户id',
  `description` varchar(50) NOT NULL COMMENT '操作内容描述',
  `log_type` tinyint(2) NOT NULL COMMENT '日志类型',
  `create_time` timestamp NULL DEFAULT NULL COMMENT '创建时间',
  `last_desc` varchar(50) DEFAULT NULL COMMENT '之前内容描述',
  PRIMARY KEY (`log_id`)
) ENGINE=InnoDB DEFAULT CHARSET=utf8;

/*Data for the table `gm_user_log` */

/*Table structure for table `gm_user_theme` */

DROP TABLE IF EXISTS `gm_user_theme`;

CREATE TABLE `gm_user_theme` (
  `id` bigint(20) NOT NULL AUTO_INCREMENT COMMENT '自增id',
  `user_id` varchar(20) NOT NULL COMMENT '用户id',
  `theme_id` bigint(20) NOT NULL COMMENT '主题id',
  `create_time` timestamp NULL DEFAULT CURRENT_TIMESTAMP COMMENT '创建时间，默认当前时间',
  PRIMARY KEY (`id`)
) ENGINE=InnoDB AUTO_INCREMENT=326 DEFAULT CHARSET=utf8;

/*Data for the table `gm_user_theme` */

insert  into `gm_user_theme`(`id`,`user_id`,`theme_id`,`create_time`) values (67,'71467806844',1,NULL),(68,'71467806844',2,NULL),(69,'71458606787',1,NULL),(70,'71458606787',2,NULL),(71,'71444807356',1,NULL),(72,'71444807356',2,NULL),(75,'71449407588',1,NULL),(77,'71449407588',2,NULL),(85,'67134836714',1,NULL),(86,'67134836714',2,NULL),(87,'67243432350',1,NULL),(88,'67243432350',2,NULL),(89,'71532215581',1,NULL),(90,'71532215581',2,NULL),(93,'47703851865',1,NULL),(94,'47703851865',2,NULL),(97,'71601192654',1,NULL),(98,'71601192654',2,NULL),(101,'71605793752',1,NULL),(102,'71605793752',2,NULL),(103,'63745307383',1,NULL),(104,'63745307383',2,NULL),(105,'71311400410',1,NULL),(106,'71311400410',2,NULL),(107,'71591997234',1,NULL),(108,'71591997234',2,NULL),(109,'71610405129',1,NULL),(110,'71610405129',2,NULL),(111,'71122838275',1,'2015-06-16 18:06:27'),(112,'71122838275',2,'2015-06-16 18:06:27'),(113,'70552393746',1,'2015-06-19 15:53:57'),(114,'70552393746',2,'2015-06-19 15:53:57'),(115,'65894073217',1,'2015-06-25 02:59:55'),(116,'65894073217',2,'2015-06-25 02:59:55'),(117,'72000163907',1,'2015-06-25 15:16:04'),(118,'72000163907',2,'2015-06-25 15:16:04'),(119,'67247395449',1,'2015-06-25 18:31:28'),(120,'67247395449',2,'2015-06-25 18:31:28'),(121,'72000183842',1,'2015-06-25 21:30:33'),(122,'72000183842',2,'2015-06-25 21:30:33'),(123,'72000210777',1,'2015-06-25 21:50:59'),(124,'72000210777',2,'2015-06-25 21:50:59'),(125,'71523003738',1,'2015-06-25 22:32:28'),(126,'71523003738',2,'2015-06-25 22:32:28'),(127,'72000190859',1,'2015-06-25 23:45:11'),(128,'72000190859',2,'2015-06-25 23:45:11'),(129,'27400093694',1,'2015-06-26 08:42:49'),(130,'27400093694',2,'2015-06-26 08:42:49'),(131,'18658224965',1,'2015-06-26 08:56:54'),(132,'18658224965',2,'2015-06-26 08:56:54'),(133,'72000211887',1,'2015-06-26 10:29:31'),(134,'72000211887',2,'2015-06-26 10:29:31'),(135,'28372027196',1,'2015-06-26 10:33:32'),(136,'28372027196',2,'2015-06-26 10:33:32'),(137,'71201008081',1,'2015-06-26 15:43:22'),(138,'71201008081',2,'2015-06-26 15:43:22'),(139,'448310',1,'2015-06-26 17:09:52'),(140,'448310',2,'2015-06-26 17:09:52'),(141,'61332141515',1,'2015-06-26 17:10:48'),(142,'61332141515',2,'2015-06-26 17:10:48'),(143,'72000171351',1,'2015-06-26 17:14:00'),(144,'72000171351',2,'2015-06-26 17:14:00'),(145,'35242355550',1,'2015-06-26 17:14:35'),(146,'35242355550',2,'2015-06-26 17:14:35'),(147,'70533994430',1,'2015-06-26 17:15:20'),(148,'70533994430',2,'2015-06-26 17:15:20'),(149,'27987323962',1,'2015-06-26 17:17:43'),(150,'27987323962',2,'2015-06-26 17:17:43'),(151,'315',1,'2015-06-26 17:21:07'),(152,'315',2,'2015-06-26 17:21:07'),(153,'11737045115',1,'2015-06-26 17:43:57'),(154,'11737045115',2,'2015-06-26 17:43:57'),(155,'139585',1,'2015-06-26 17:50:45'),(156,'139585',2,'2015-06-26 17:50:45'),(157,'2431346',1,'2015-06-26 17:52:44'),(158,'2431346',2,'2015-06-26 17:52:44'),(159,'70027955048',1,'2015-06-26 18:11:05'),(160,'70027955048',2,'2015-06-26 18:11:05'),(161,'20070727645',1,'2015-06-26 18:11:43'),(162,'20070727645',2,'2015-06-26 18:11:43'),(163,'881978',1,'2015-06-26 18:21:55'),(164,'881978',2,'2015-06-26 18:21:55'),(165,'71605794680',1,'2015-06-26 18:38:46'),(166,'71605794680',2,'2015-06-26 18:38:46'),(167,'10040474169',1,'2015-06-26 18:51:41'),(168,'10040474169',2,'2015-06-26 18:51:41'),(169,'65929493253',1,'2015-06-26 21:09:53'),(170,'65929493253',2,'2015-06-26 21:09:53'),(171,'71596621597',1,'2015-06-27 12:52:34'),(172,'71596621597',2,'2015-06-27 12:52:34'),(173,'66485807207',1,'2015-06-28 14:09:44'),(174,'66485807207',2,'2015-06-28 14:09:44'),(175,'67243435324',1,'2015-06-29 09:53:31'),(176,'67243435324',2,'2015-06-29 09:53:31'),(177,'72000370285',1,'2015-06-29 15:25:52'),(178,'72000370285',2,'2015-06-29 15:25:52'),(179,'53800045554',1,'2015-06-29 18:36:28'),(180,'53800045554',2,'2015-06-29 18:36:28'),(181,'71201088112',1,'2015-06-29 18:50:38'),(182,'71201088112',2,'2015-06-29 18:50:38'),(183,'17174362786',1,'2015-06-29 22:44:24'),(184,'17174362786',2,'2015-06-29 22:44:24'),(185,'27174635',1,'2015-06-30 09:44:17'),(186,'27174635',2,'2015-06-30 09:44:17'),(187,'18642848629',1,'2015-06-30 09:46:14'),(188,'18642848629',2,'2015-06-30 09:46:14'),(189,'30693358589',1,'2015-06-30 10:26:08'),(190,'30693358589',2,'2015-06-30 10:26:08'),(191,'72000386550',1,'2015-06-30 12:14:37'),(192,'72000386550',2,'2015-06-30 12:14:37'),(193,'56493741244',1,'2015-06-30 12:37:06'),(194,'56493741244',2,'2015-06-30 12:37:06'),(195,'56502184911',1,'2015-07-01 07:48:28'),(196,'56502184911',2,'2015-07-01 07:48:28'),(197,'705922',1,'2015-07-03 00:14:33'),(198,'705922',2,'2015-07-03 00:14:33'),(199,'71610405129',1,'2015-07-03 09:47:05'),(200,'71610405129',2,'2015-07-03 09:47:05'),(201,'72000620040',1,'2015-07-03 11:28:31'),(202,'72000620040',2,'2015-07-03 11:28:31'),(203,'71601192654',1,'2015-07-07 14:01:32'),(204,'71601192654',2,'2015-07-07 14:01:32'),(205,'72000331854',1,'2015-07-07 14:01:44'),(206,'72000331854',2,'2015-07-07 14:01:44'),(207,'72001006857',1,'2015-07-09 10:23:35'),(208,'72001006857',2,'2015-07-09 10:23:35'),(209,'71523016863',1,'2015-07-10 00:20:54'),(210,'71523016863',2,'2015-07-10 00:20:54'),(211,'72000933796',1,'2015-07-10 11:58:38'),(212,'72000933796',2,'2015-07-10 11:58:38'),(213,'71596631399',1,'2015-07-10 13:31:03'),(214,'71596631399',2,'2015-07-10 13:31:03'),(215,'72000321016',1,'2015-07-15 10:18:39'),(216,'72000321016',2,'2015-07-15 10:18:39'),(217,'72001053863',1,'2015-07-15 11:58:26'),(218,'72001053863',2,'2015-07-15 11:58:26'),(219,'72001236478',1,'2015-07-17 11:05:17'),(220,'72001236478',2,'2015-07-17 11:05:17'),(221,'71605835815',1,'2015-07-17 19:04:23'),(222,'71605835815',2,'2015-07-17 19:04:23'),(223,'72000332753',1,'2015-07-20 10:08:31'),(224,'72000332753',2,'2015-07-20 10:08:31'),(225,'52471460314',1,'2015-07-20 10:58:02'),(226,'52471460314',2,'2015-07-20 10:58:02'),(227,'71237850833',1,'2015-07-20 12:21:50'),(228,'71237850833',2,'2015-07-20 12:21:50'),(229,'72001414721',1,'2015-07-20 13:46:27'),(230,'72001414721',2,'2015-07-20 13:46:27'),(231,'8593',1,'2015-07-20 18:30:30'),(232,'8593',2,'2015-07-20 18:30:30'),(233,'72001391624',1,'2015-07-24 08:45:19'),(234,'72001391624',2,'2015-07-24 08:45:19'),(235,'72001470422',1,'2015-07-24 17:35:26'),(236,'72001470422',2,'2015-07-24 17:35:26'),(237,'19778504658',1,'2015-07-25 10:27:50'),(238,'19778504658',2,'2015-07-25 10:27:50'),(239,'51814814522',1,'2015-07-25 10:36:13'),(240,'51814814522',2,'2015-07-25 10:36:13'),(241,'72001312345',1,'2015-07-27 09:04:50'),(242,'72001312345',2,'2015-07-27 09:04:50'),(243,'72001488196',1,'2015-07-27 13:21:54'),(244,'72001488196',2,'2015-07-27 13:21:54'),(245,'42197481986',1,'2015-07-27 14:01:54'),(246,'42197481986',2,'2015-07-27 14:01:54'),(247,'13861803914',1,'2015-07-27 20:05:57'),(248,'13861803914',2,'2015-07-27 20:05:57'),(249,'55221258647',1,'2015-07-28 09:23:26'),(250,'55221258647',2,'2015-07-28 09:23:26'),(251,'72001166044',1,'2015-07-29 15:08:01'),(252,'72001166044',2,'2015-07-29 15:08:01'),(253,'65093973167',1,'2015-07-30 12:42:01'),(254,'65093973167',2,'2015-07-30 12:42:01'),(255,'72001401671',1,'2015-07-30 16:31:22'),(256,'72001401671',2,'2015-07-30 16:31:22'),(257,'72001666398',1,'2015-08-02 13:25:06'),(258,'72001666398',2,'2015-08-02 13:25:06'),(259,'72001315296',1,'2015-08-04 10:47:34'),(260,'72001315296',2,'2015-08-04 10:47:34'),(261,'71467856706844',2,'2015-08-04 17:12:42'),(262,'72001778474',1,'2015-08-06 13:33:33'),(263,'72001778474',2,'2015-08-06 13:33:33'),(264,'7769',1,'2015-08-06 16:55:02'),(265,'7769',2,'2015-08-06 16:55:02'),(266,'71601192654',1,'2015-08-06 17:38:40'),(267,'71601192654',2,'2015-08-06 17:38:40'),(268,'24051778840',1,'2015-08-06 22:34:02'),(269,'24051778840',2,'2015-08-06 22:34:02'),(270,'72001669827',1,'2015-08-07 17:10:42'),(271,'72001669827',2,'2015-08-07 17:10:42'),(272,'70027894699',1,'2015-08-08 13:14:26'),(273,'70027894699',2,'2015-08-08 13:14:26'),(274,'72000792068',1,'2015-08-10 13:18:42'),(275,'72000792068',2,'2015-08-10 13:18:42'),(276,'72001669827',1,'2015-08-10 16:24:50'),(277,'72001669827',2,'2015-08-10 16:24:50'),(278,'71601192654',1,'2015-08-10 16:29:57'),(279,'71601192654',2,'2015-08-10 16:29:57'),(280,'72001669827',1,'2015-08-13 10:07:14'),(281,'72001669827',2,'2015-08-13 10:07:14'),(282,'72001669827',1,'2015-08-13 14:04:15'),(283,'72001669827',2,'2015-08-13 14:04:15'),(284,'64330545688',1,'2015-08-13 22:34:12'),(285,'64330545688',2,'2015-08-13 22:34:12'),(286,'1271467806844',2,'2015-08-14 17:41:27'),(287,'1271467806844',4,'2015-08-14 17:58:06'),(288,'70984799831',1,'2015-08-16 18:50:46'),(289,'70984799831',2,'2015-08-16 18:50:46'),(290,'72001669827',1,'2015-08-17 14:35:28'),(291,'72001669827',2,'2015-08-17 14:35:28'),(292,'61322050219',1,'2015-08-17 18:22:27'),(293,'61322050219',2,'2015-08-17 18:22:27'),(294,'100011903193',1,'2015-10-13 15:36:11'),(295,'100011903193',2,'2015-10-13 15:36:11'),(296,'100011903223',1,'2015-10-19 12:08:12'),(297,'100011903223',2,'2015-10-19 12:08:12'),(298,'72004428982',1,'2015-10-20 12:46:41'),(299,'72004428982',2,'2015-10-20 12:46:41'),(300,'100011903317',1,'2015-10-20 16:15:18'),(301,'100011903317',2,'2015-10-20 16:15:18'),(302,'100011903262',1,'2015-10-21 10:33:22'),(303,'100011903262',2,'2015-10-21 10:33:22'),(304,'72004162034',1,'2015-10-21 11:03:01'),(305,'72004162034',2,'2015-10-21 11:03:01'),(306,'100011903269',1,'2015-10-21 15:00:21'),(307,'100011903269',2,'2015-10-21 15:00:21'),(308,'100011903596',1,'2015-10-29 12:00:46'),(309,'100011903596',2,'2015-10-29 12:00:46'),(310,'100011903597',1,'2015-10-29 12:13:05'),(311,'100011903597',2,'2015-10-29 12:13:05'),(312,'100011903599',1,'2015-10-29 15:03:46'),(313,'100011903599',2,'2015-10-29 15:03:46'),(314,'100011903385',1,'2015-10-29 18:01:38'),(315,'100011903385',2,'2015-10-29 18:01:38'),(316,'100011903421',1,'2015-10-30 15:05:38'),(317,'100011903421',2,'2015-10-30 15:05:38'),(318,'71532215581',1,'2015-11-02 10:23:23'),(319,'71532215581',2,'2015-11-02 10:23:23'),(320,'72005190055',1,'2015-11-06 15:10:40'),(321,'72005190055',2,'2015-11-06 15:10:40'),(322,'72002469378',1,'2015-11-06 15:13:10'),(323,'72002469378',2,'2015-11-06 15:13:10'),(324,'72005430311',1,'2015-11-09 15:27:56'),(325,'72005430311',2,'2015-11-09 15:27:56');

/*!40101 SET SQL_MODE=@OLD_SQL_MODE */;
/*!40014 SET FOREIGN_KEY_CHECKS=@OLD_FOREIGN_KEY_CHECKS */;
/*!40014 SET UNIQUE_CHECKS=@OLD_UNIQUE_CHECKS */;
/*!40111 SET SQL_NOTES=@OLD_SQL_NOTES */;
